ID,case,name,period,month,inflow_share,outflow_share
1742,stable,John W. Flannagan Lake,early,1,0.12232824122885273,0.10943945158352604
1742,stable,John W. Flannagan Lake,early,2,0.11262248131268932,0.10597277430453891
1742,stable,John W. Flannagan Lake,early,3,0.13560013525602602,0.12162380387375174
1742,stable,John W. Flannagan Lake,early,4,0.16234140151249812,0.09526141864558237
1742,stable,John W. Flannagan Lake,early,5,0.10958424158521574,0.10910252375685836
1742,stable,John W. Flannagan Lake,early,6,0.08585527168266038,0.08982346193169517
1742,stable,John W. Flannagan Lake,early,7,0.052221970512484714,0.051323896417002454
1742,stable,John W. Flannagan Lake,early,8,0.03746315952064367,0.04015435828858796
1742,stable,John W. Flannagan Lake,early,9,0.034578341008633266,0.039415372596625635
1742,stable,John W. Flannagan Lake,early,10,0.027692067219577107,0.06710914861367437
1742,stable,John W. Flannagan Lake,early,11,0.04505499878177907,0.08547010009090272
1742,stable,John W. Flannagan Lake,early,12,0.07465769037893982,0.0853036898972543
1742,stable,John W. Flannagan Lake,late,1,0.11372714177607866,0.10003863234300091
1742,stable,John W. Flannagan Lake,late,2,0.12233409495554604,0.12554671953100566
1742,stable,John W. Flannagan Lake,late,3,0.16659674232820967,0.16621863363715503
1742,stable,John W. Flannagan Lake,late,4,0.13824583751634942,0.07500308711746025
1742,stable,John W. Flannagan Lake,late,5,0.10273206231306482,0.09706718175935729
1742,stable,John W. Flannagan Lake,late,6,0.04344808169457819,0.042901216752518796
1742,stable,John W. Flannagan Lake,late,7,0.048664826792129544,0.04780597859781529
1742,stable,John W. Flannagan Lake,late,8,0.037349286147643865,0.03770360171138031
1742,stable,John W. Flannagan Lake,late,9,0.02674431815525987,0.027786711211923908
1742,stable,John W. Flannagan Lake,late,10,0.03127757509698748,0.059402599250570016
1742,stable,John W. Flannagan Lake,late,11,0.049248319431261525,0.09743726881177693
1742,stable,John W. Flannagan Lake,late,12,0.11963171379289098,0.1230883692760356
1036,stable,Bull Shoals Lake,early,1,0.0855600882029073,0.07250119741884324
1036,stable,Bull Shoals Lake,early,2,0.09626738105148375,0.10314661643895835
1036,stable,Bull Shoals Lake,early,3,0.12098291074784859,0.06699432314184457
1036,stable,Bull Shoals Lake,early,4,0.16031529523584953,0.0886343880727495
1036,stable,Bull Shoals Lake,early,5,0.11879246144736307,0.05159666082241504
1036,stable,Bull Shoals Lake,early,6,0.0704240398187171,0.09525922674674729
1036,stable,Bull Shoals Lake,early,7,0.08743852148218308,0.13725877020793212
1036,stable,Bull Shoals Lake,early,8,0.06856861275081265,0.1298434298392641
1036,stable,Bull Shoals Lake,early,9,0.05433322257822525,0.07206082787125827
1036,stable,Bull Shoals Lake,early,10,0.025885344128717624,0.06552840213778187
1036,stable,Bull Shoals Lake,early,11,0.03988581927230665,0.05778242994677435
1036,stable,Bull Shoals Lake,early,12,0.07154630328358529,0.059393727355431275
1036,stable,Bull Shoals Lake,late,1,0.08828772496811557,0.10377935919318144
1036,stable,Bull Shoals Lake,late,2,0.07028764441759466,0.07831862249933326
1036,stable,Bull Shoals Lake,late,3,0.10367261433338408,0.0768684909771902
1036,stable,Bull Shoals Lake,late,4,0.13841666335240768,0.0847571225272386
1036,stable,Bull Shoals Lake,late,5,0.17856392456618478,0.08148074388449618
1036,stable,Bull Shoals Lake,late,6,0.08645545260757188,0.10370472388005679
1036,stable,Bull Shoals Lake,late,7,0.06946503791469665,0.08401588770871328
1036,stable,Bull Shoals Lake,late,8,0.054900089301717234,0.10299638193181063
1036,stable,Bull Shoals Lake,late,9,0.03344215097988042,0.10128863140830684
1036,stable,Bull Shoals Lake,late,10,0.0467949694382242,0.06410212782534974
1036,stable,Bull Shoals Lake,late,11,0.0473743460617145,0.037578310513856725
1036,stable,Bull Shoals Lake,late,12,0.08233938205850838,0.08110959765046628
1777,stable,Center Hill Lake,early,1,0.12882836390975153,0.1085753270442841
1777,stable,Center Hill Lake,early,2,0.1606746366282617,0.12081667293986531
1777,stable,Center Hill Lake,early,3,0.1542348292534238,0.14545570035440447
1777,stable,Center Hill Lake,early,4,0.1576830382370027,0.14035634172732364
1777,stable,Center Hill Lake,early,5,0.12159094537447943,0.12775735231667582
1777,stable,Center Hill Lake,early,6,0.030517127562347462,0.03839474140561653
1777,stable,Center Hill Lake,early,7,0.02845996379874059,0.05094443951921634
1777,stable,Center Hill Lake,early,8,0.019528219150721098,0.04854041820532667
1777,stable,Center Hill Lake,early,9,0.0275707587813598,0.04596526799134735
1777,stable,Center Hill Lake,early,10,0.018307693110870094,0.039975054023452784
1777,stable,Center Hill Lake,early,11,0.04008222535313084,0.04172042610652511
1777,stable,Center Hill Lake,early,12,0.11252219883991105,0.09149825836596216
1777,stable,Center Hill Lake,late,1,0.13851964978578762,0.14735796979287544
1777,stable,Center Hill Lake,late,2,0.1624065766304789,0.1415892009759686
1777,stable,Center Hill Lake,late,3,0.13434849770802815,0.15850459969810843
1777,stable,Center Hill Lake,late,4,0.1298467015788688,0.10454651393800313
1777,stable,Center Hill Lake,late,5,0.06877033043452715,0.0905545820350199
1777,stable,Center Hill Lake,late,6,0.032859399193234384,0.03266579039481977
1777,stable,Center Hill Lake,late,7,0.044477415783532905,0.0477698067733957
1777,stable,Center Hill Lake,late,8,0.02061986121317402,0.023805667665867995
1777,stable,Center Hill Lake,late,9,0.028213902537969935,0.027701818605496923
1777,stable,Center Hill Lake,late,10,0.036376373703011215,0.046430430955585474
1777,stable,Center Hill Lake,late,11,0.05532188274774946,0.04966917166689926
1777,stable,Center Hill Lake,late,12,0.14823940868363744,0.12940444749795932
1655,stable,Caesar Creek Lake,early,1,0.14264351648511545,0.12026158021823793
1655,stable,Caesar Creek Lake,early,2,0.11690706678995313,0.13943257040507878
1655,stable,Caesar Creek Lake,early,3,0.17739652821494073,0.14416461106456377
1655,stable,Caesar Creek Lake,early,4,0.11789197705208193,0.11847463585365364
1655,stable,Caesar Creek Lake,early,5,0.12256218172829686,0.12016849565130637
1655,stable,Caesar Creek Lake,early,6,0.0940612141936921,0.10136623648967409
1655,stable,Caesar Creek Lake,early,7,0.02511856312768752,0.02406812483835392
1655,stable,Caesar Creek Lake,early,8,0.009517314754984053,0.012546940222476708
1655,stable,Caesar Creek Lake,early,9,0.02602163256107234,0.03215350572007714
1655,stable,Caesar Creek Lake,early,10,0.030910066244133998,0.03904455843153475
1655,stable,Caesar Creek Lake,early,11,0.04199963709245398,0.05418583368673209
1655,stable,Caesar Creek Lake,early,12,0.09497030175558792,0.0941329074183107
1655,stable,Caesar Creek Lake,late,1,0.1067938993007612,0.12322185553791389
1655,stable,Caesar Creek Lake,late,2,0.13421007419978223,0.09544972265399784
1655,stable,Caesar Creek Lake,late,3,0.15208706379911693,0.18411259523825083
1655,stable,Caesar Creek Lake,late,4,0.15291416981208555,0.09902623980065606
1655,stable,Caesar Creek Lake,late,5,0.09836374658316792,0.12196525944918007
1655,stable,Caesar Creek Lake,late,6,0.09287967214663612,0.07992178350558764
1655,stable,Caesar Creek Lake,late,7,0.04590314804335372,0.04926202322371643
1655,stable,Caesar Creek Lake,late,8,0.015524007817866977,0.01498311940722723
1655,stable,Caesar Creek Lake,late,9,0.013634529345189023,0.02148606289255762
1655,stable,Caesar Creek Lake,late,10,0.016204642836784466,0.02686253698835767
1655,stable,Caesar Creek Lake,late,11,0.0644444436744514,0.07661074205597487
1655,stable,Caesar Creek Lake,late,12,0.10704060244080436,0.10709805924657986
939,unstable,Hugh Butler Lake,early,1,0.03655344468521082,0.027265821571707333
939,unstable,Hugh Butler Lake,early,2,0.06560539282680537,0.024957022164425663
939,unstable,Hugh Butler Lake,early,3,0.03669737397771439,0.027265821571707333
939,unstable,Hugh Butler Lake,early,4,0.08190331947516341,0.026386278940361937
939,unstable,Hugh Butler Lake,early,5,0.0576149820145534,0.02583656479577106
939,unstable,Hugh Butler Lake,early,6,0.0374965099760594,0.13178743932367973
939,unstable,Hugh Butler Lake,early,7,0.039056976396702796,0.39102095456807184
939,unstable,Hugh Butler Lake,early,8,0.19252989766960385,0.23741063395256712
939,unstable,Hugh Butler Lake,early,9,0.22034493675281924,0.027206025969696155
939,unstable,Hugh Butler Lake,early,10,0.018121388233101124,0.027265821571707333
939,unstable,Hugh Butler Lake,early,11,0.19091763886900537,0.026386278940361937
939,unstable,Hugh Butler Lake,early,12,0.023158139123260774,0.027211336629942573
939,unstable,Hugh Butler Lake,late,1,0.08083457909237306,0.0671090624480938
939,unstable,Hugh Butler Lake,late,2,0.0860294414971216,0.06679883613833108
939,unstable,Hugh Butler Lake,late,3,0.11408190358651453,0.09932181167350412
939,unstable,Hugh Butler Lake,late,4,0.11081508072916273,0.09795713149444506
939,unstable,Hugh Butler Lake,late,5,0.10787128327662027,0.06546332912182955
939,unstable,Hugh Butler Lake,late,6,0.13374235237540527,0.12103192881178819
939,unstable,Hugh Butler Lake,late,7,0.07812102200730457,0.05723172682635153
939,unstable,Hugh Butler Lake,late,8,0.049949894426801575,0.03706048483902668
939,unstable,Hugh Butler Lake,late,9,0.0314054826392935,0.029110192561367567
939,unstable,Hugh Butler Lake,late,10,0.056508898866683185,0.028654540788440718
939,unstable,Hugh Butler Lake,late,11,0.0735895815983314,0.2431159849790285
939,unstable,Hugh Butler Lake,late,12,0.07705047990438843,0.0871449703177933
938,unstable,Harry Strunk Lake,early,1,0.06053094674026808,0.023403086738169664
938,unstable,Harry Strunk Lake,early,2,0.09588650290205046,0.02620084492516028
938,unstable,Harry Strunk Lake,early,3,0.07338432899903687,0.03860868182381954
938,unstable,Harry Strunk Lake,early,4,0.07473414347170872,0.03393138549579469
938,unstable,Harry Strunk Lake,early,5,0.1355168515370765,0.06932043879813378
938,unstable,Harry Strunk Lake,early,6,0.11109958435453349,0.19310621450537446
938,unstable,Harry Strunk Lake,early,7,0.07342141988540085,0.3163896240374203
938,unstable,Harry Strunk Lake,early,8,0.056997400517866795,0.243533333435317
938,unstable,Harry Strunk Lake,early,9,0.03219262411396652,0.013415577480912964
938,unstable,Harry Strunk Lake,early,10,0.04746079424255179,0.006775948266684577
938,unstable,Harry Strunk Lake,early,11,0.15570603996971447,0.01647355627026321
938,unstable,Harry Strunk Lake,early,12,0.08306936326582534,0.018841308222949674
938,unstable,Harry Strunk Lake,late,1,0.0948782520479229,0.06559413847640284
938,unstable,Harry Strunk Lake,late,2,0.0940921288968914,0.07764676543543109
938,unstable,Harry Strunk Lake,late,3,0.11040233012813117,0.09565275264317022
938,unstable,Harry Strunk Lake,late,4,0.09578029398803153,0.09359321822681135
938,unstable,Harry Strunk Lake,late,5,0.09982888714561516,0.07720338086480082
938,unstable,Harry Strunk Lake,late,6,0.08979927576533357,0.11759250923279667
938,unstable,Harry Strunk Lake,late,7,0.07156082579625993,0.19329715322258628
938,unstable,Harry Strunk Lake,late,8,0.067926398929671,0.1876965744672038
938,unstable,Harry Strunk Lake,late,9,0.04937740477970562,0.032896138177679994
938,unstable,Harry Strunk Lake,late,10,0.0635090939781313,0.0015942311620343755
938,unstable,Harry Strunk Lake,late,11,0.07745127320319561,0.013228288660111661
938,unstable,Harry Strunk Lake,late,12,0.0853938353411108,0.04400484943097078
837,unstable,Shadehill,early,1,0.009993159528942808,0.01654887814617359
837,unstable,Shadehill,early,2,0.03102636197135046,0.01625696759339997
837,unstable,Shadehill,early,3,0.3809225768654484,0.20499072521438708
837,unstable,Shadehill,early,4,0.33616912250221237,0.39986651770841153
837,unstable,Shadehill,early,5,0.061740927900776704,0.12975521134230178
837,unstable,Shadehill,early,6,0.04634438816293992,0.04932927275407283
837,unstable,Shadehill,early,7,0.04865611108672207,0.05442071059333063
837,unstable,Shadehill,early,8,0.023272244324414697,0.043774878066506775
837,unstable,Shadehill,early,9,0.014928392121366912,0.02704326785407103
837,unstable,Shadehill,early,10,0.01654937608486265,0.022701217791061393
837,unstable,Shadehill,early,11,0.020756073081133152,0.018171573808802667
837,unstable,Shadehill,early,12,0.009641266369829815,0.017140779127481017
837,unstable,Shadehill,late,1,0.02078630227366046,0.03091924780113394
837,unstable,Shadehill,late,2,0.04795588149588845,0.027813243799455614
837,unstable,Shadehill,late,3,0.22941407491544502,0.1668717842426867
837,unstable,Shadehill,late,4,0.13744085443371665,0.1356047644857708
837,unstable,Shadehill,late,5,0.14190786003297245,0.12676012662268113
837,unstable,Shadehill,late,6,0.13335833382027812,0.11351094419926717
837,unstable,Shadehill,late,7,0.06640616129798216,0.0818511677349829
837,unstable,Shadehill,late,8,0.04169027292217845,0.04591138912703866
837,unstable,Shadehill,late,9,0.06166284485358395,0.04623524813761414
837,unstable,Shadehill,late,10,0.06982341160929001,0.09902832008251865
837,unstable,Shadehill,late,11,0.029659131682022558,0.09197549683287089
837,unstable,Shadehill,late,12,0.019894870662981814,0.033518266933979496
893,unstable,Angostura,early,1,0.046509353478713794,0.00020898922783165483
893,unstable,Angostura,early,2,0.057973140013960166,0.0001518341503571463
893,unstable,Angostura,early,3,0.14599325672613048,0.006916491945467348
893,unstable,Angostura,early,4,0.20996145559347157,0.1507974677062321
893,unstable,Angostura,early,5,0.14553633750894615,0.1086545220018685
893,unstable,Angostura,early,6,0.1393632335435793,0.14711111650241426
893,unstable,Angostura,early,7,0.06918804514631788,0.27244052499999055
893,unstable,Angostura,early,8,0.042156074824227306,0.23938435937973024
893,unstable,Angostura,early,9,0.030481864859206037,0.07223301634220397
893,unstable,Angostura,early,10,0.030239172803296355,0.0008123955230382026
893,unstable,Angostura,early,11,0.03826884229455982,0.0007356311758107221
893,unstable,Angostura,early,12,0.04432922320759116,0.0005536510450553927
893,unstable,Angostura,late,1,0.02727179418992379,0.003290464947204766
893,unstable,Angostura,late,2,0.051332503703551004,0.00582443165894377
893,unstable,Angostura,late,3,0.13937995164985123,0.07855906144098755
893,unstable,Angostura,late,4,0.064350273243766,0.04081241062467944
893,unstable,Angostura,late,5,0.21239514994407857,0.20695858784863455
893,unstable,Angostura,late,6,0.2721718827541023,0.3243201018048081
893,unstable,Angostura,late,7,0.07049742181254183,0.1487021694828844
893,unstable,Angostura,late,8,0.03288219924496657,0.11866918853087456
893,unstable,Angostura,late,9,0.01780960780700613,0.04604893223398813
893,unstable,Angostura,late,10,0.05773702090733693,0.01786943069398397
893,unstable,Angostura,late,11,0.026171143864848825,0.005415815984968884
893,unstable,Angostura,late,12,0.028001050878026738,0.0035294047480421277
