ID,source,start,window,n_days,top10_inflow_share
1001,cars,1980,early,3650,0.12448628669532685
1001,cars,1980,late,3652,0.1391894720734738
1001,upstream,1980,early,3640,0.1444109697319973
1001,upstream,1980,late,3652,0.15103643799125138
1003,cars,1980,early,3653,0.11146030500819046
1003,cars,1980,late,3652,0.13208589647839103
1003,upstream,1980,early,3650,0.12267824430694757
1003,upstream,1980,late,3652,0.14141361328352067
1006,cars,1980,early,3653,0.074679053344836
1006,cars,1980,late,3652,0.07763253417964379
1006,upstream,1980,early,3653,0.08431621643822423
1006,upstream,1980,late,3652,0.08474152893304741
1007,cars,1980,early,3653,0.12177284164526084
1007,cars,1980,late,3652,0.12685318945823965
1007,upstream,1980,early,3653,0.1411966173977757
1007,upstream,1980,late,3652,0.14027748095744244
1017,cars,1980,early,3653,0.08273455817229719
1017,cars,1980,late,3652,0.061713865836027997
1017,cars,2000,early,3653,0.0907152447828754
1017,cars,2000,late,3652,0.09926271001757622
1017,upstream,1980,early,3653,0.09262728527763828
1017,upstream,1980,late,3652,0.06950802871629974
1017,upstream,2000,early,3653,0.09847649166048249
1017,upstream,2000,late,3652,0.10442651415921497
1020,cars,1980,early,3257,0.1385350074794971
1020,cars,1980,late,3652,0.07164236167788682
1020,upstream,1980,early,3254,0.14388077102172123
1020,upstream,1980,late,3652,0.07691694866096209
1021,cars,1980,early,3653,0.052735540210043494
1021,cars,1980,late,3652,0.06194838067096127
1021,upstream,1980,early,3653,0.05451606213795636
1021,upstream,1980,late,3652,0.06627163577623155
1023,cars,1980,early,3653,0.057344528768604436
1023,cars,1980,late,3652,0.07289623384529938
1023,upstream,1980,early,3653,0.05997402322813814
1023,upstream,1980,late,3652,0.07471481927800555
1026,cars,1980,early,3653,0.05404260650402639
1026,cars,1980,late,3652,0.037912572685648946
1026,cars,2000,early,3653,0.069757637260683
1026,cars,2000,late,3652,0.0974448710621408
1026,upstream,1980,early,3653,0.05917918783180997
1026,upstream,1980,late,3652,0.04048857244608366
1026,upstream,2000,early,3653,0.07520508024379577
1026,upstream,2000,late,3652,0.10092287265108515
1027,cars,1980,early,3653,0.05641105635700895
1027,cars,1980,late,3652,0.046797589355158375
1027,upstream,1980,early,3653,0.06050063550560976
1027,upstream,1980,late,3652,0.049234668349371395
1028,cars,1980,early,3653,0.17568895448470417
1028,cars,1980,late,3652,0.15510111668391585
1028,upstream,1980,early,3653,0.2120342765337213
1028,upstream,1980,late,3652,0.18970487500038516
1032,cars,1980,early,3653,0.05387782941993881
1032,cars,1980,late,3652,0.04489479263361781
1032,upstream,1980,early,3653,0.05445195270961293
1032,upstream,1980,late,3652,0.0471417065509983
1033,cars,1980,early,3653,0.08213870629275684
1033,cars,1980,late,3652,0.06403032286677418
1033,cars,2000,early,3653,0.10612714024263332
1033,cars,2000,late,3652,0.11820112655035331
1033,upstream,1980,early,3653,0.09799581786316154
1033,upstream,1980,late,3652,0.07201782123679441
1033,upstream,2000,early,3653,0.11959101573106728
1033,upstream,2000,late,3651,0.12916820633613604
1036,cars,1980,early,3653,0.0365795220378383
1036,cars,1980,late,3652,0.0223317525143725
1036,cars,2000,early,3653,0.0426108049868519
1036,cars,2000,late,3652,0.05363584887346251
1036,upstream,1980,early,3653,0.042136107786185796
1036,upstream,1980,late,3652,0.02639906069748539
1036,upstream,2000,early,3653,0.0470737245006966
1036,upstream,2000,late,3652,0.05640974593362905
1042,cars,1980,early,3653,0.07520296970588142
1042,cars,1980,late,3652,0.047533571509133635
1042,cars,2000,early,3653,0.08256492152305457
1042,cars,2000,late,3652,0.09583181553847601
1042,upstream,1980,early,3653,0.08118257405151028
1042,upstream,1980,late,3652,0.05209646783362392
1042,upstream,2000,early,3653,0.0880343645047503
1042,upstream,2000,late,3652,0.10065189814390334
1048,cars,1980,early,3653,0.06056360706671972
1048,cars,1980,late,3652,0.04605451274401674
1048,upstream,1980,early,3653,0.0636090421174244
1048,upstream,1980,late,3652,0.046697998047630744
1053,cars,1980,early,3653,0.037363947477308916
1053,cars,1980,late,3652,0.029716821180520443
1053,upstream,1980,early,3653,0.03830219674838102
1053,upstream,1980,late,3652,0.030200134685165095
1067,cars,1980,early,3653,0.10589365669993969
1067,cars,1980,late,3652,0.06627638198912258
1067,cars,2000,early,3653,0.09388925240356676
1067,cars,2000,late,3652,0.08237201687972912
1067,upstream,1980,early,3653,0.11581132639929452
1067,upstream,1980,late,3652,0.08063690712405508
1067,upstream,2000,early,3653,0.10614348465255405
1067,upstream,2000,late,3651,0.09705323261404654
1084,cars,1980,early,3653,0.09866611396871512
1084,cars,1980,late,3652,0.09439205415725228
1084,upstream,1980,early,3653,0.10662408845267193
1084,upstream,1980,late,3650,0.10330500642660408
1086,cars,1980,early,3287,0.046337343619092294
1086,cars,1980,late,3652,0.04420676974123101
1086,cars,2000,early,3653,0.05899663522841431
1086,cars,2000,late,3287,0.21170558157520344
1086,upstream,1980,early,3287,0.05281348866431449
1086,upstream,1980,late,3652,0.05052047117580315
1086,upstream,2000,early,3653,0.0616445652497142
1086,upstream,2000,late,3286,0.23050048549152335
1092,cars,1980,early,3653,0.09925009182487791
1092,cars,1980,late,3652,0.07953694190645304
1092,cars,2000,early,3653,0.09873807343665436
1092,cars,2000,late,3652,0.09476295764157332
1092,upstream,1980,early,3652,0.10890517024433702
1092,upstream,1980,late,3652,0.08581220336261701
1092,upstream,2000,early,3653,0.10646338550768879
1092,upstream,2000,late,3651,0.10028199033784621
1093,cars,1980,early,3653,0.07321016611439202
1093,cars,1980,late,3652,0.07995733079584244
1093,upstream,1980,early,3653,0.08299229062721825
1093,upstream,1980,late,3652,0.08839234983874249
1101,cars,1980,early,3653,0.06156273214125208
1101,cars,1980,late,3652,0.06630648718705141
1101,cars,2000,early,3653,0.0706635710209528
1101,cars,2000,late,3647,0.08920521307096115
1101,upstream,1980,early,3653,0.0691333853792025
1101,upstream,1980,late,3652,0.07195439198507225
1101,upstream,2000,early,3653,0.07695345938387717
1101,upstream,2000,late,3637,0.09587196710157722
1112,cars,1980,early,3653,0.08011468091582598
1112,cars,1980,late,3651,0.05981901485417727
1112,cars,2000,early,3653,0.07346112772399345
1112,cars,2000,late,3652,0.09701460890649827
1112,upstream,1980,early,3653,0.08919682607087219
1112,upstream,1980,late,3650,0.07156391639301966
1112,upstream,2000,early,3653,0.0816573020866487
1112,upstream,2000,late,3642,0.11174174792041737
1120,cars,1980,early,3653,0.20261119395546404
1120,cars,1980,late,3652,0.10816740976913058
1120,upstream,1980,early,3653,0.21681540324911874
1120,upstream,1980,late,3652,0.11698894586909242
1121,cars,1980,early,3653,0.0734637495887757
1121,cars,1980,late,3652,0.06086049827215985
1121,cars,2000,early,3653,0.07277929250669482
1121,cars,2000,late,3652,0.07298753808343889
1121,upstream,1980,early,3652,0.08352959595289106
1121,upstream,1980,late,3652,0.06989849792269684
1121,upstream,2000,early,3653,0.08276544962945667
1121,upstream,2000,late,3652,0.08429668420742113
1122,cars,1980,early,3653,0.08211743437750095
1122,cars,1980,late,3652,0.0681048995989635
1122,cars,2000,early,3653,0.08058901439867641
1122,cars,2000,late,3652,0.08383908366067812
1122,upstream,1980,early,3653,0.0966730864844165
1122,upstream,1980,late,3652,0.08312846152455083
1122,upstream,2000,early,3653,0.09522342211650385
1122,upstream,2000,late,3652,0.09844517201573828
1125,cars,1980,early,3653,0.0734637495887757
1125,cars,1980,late,3652,0.06086049827215985
1125,cars,2000,early,3653,0.07277929250669482
1125,cars,2000,late,3652,0.07298753808343889
1125,upstream,1980,early,3652,0.08352959595289106
1125,upstream,1980,late,3652,0.06989849792269684
1125,upstream,2000,early,3653,0.08276544962945667
1125,upstream,2000,late,3652,0.08429668420742113
1127,cars,1980,early,3652,0.07954874853617643
1127,cars,1980,late,3652,0.0632573574491729
1127,cars,2000,early,3653,0.09285217044744008
1127,cars,2000,late,3652,0.0848064716325583
1127,upstream,1980,early,3652,0.09484831159160202
1127,upstream,1980,late,3652,0.06876311751292995
1127,upstream,2000,early,3653,0.10031326214663679
1127,upstream,2000,late,3651,0.09287832506278092
1134,cars,1980,early,3653,0.1209935755105892
1134,cars,1980,late,3652,0.09122921877363879
1134,upstream,1980,early,3653,0.1340864571581566
1134,upstream,1980,late,3652,0.10312145645945722
114,cars,2000,early,3638,0.034657742460789266
114,cars,2000,late,3651,0.031546081557388764
114,upstream,2000,early,3577,0.037894849169345365
114,upstream,2000,late,3548,0.036219896847570564
1151,cars,2000,early,3653,0.15789430414984154
1151,cars,2000,late,3652,0.12646106885287442
1151,upstream,2000,early,3653,0.18173702036026176
1151,upstream,2000,late,3652,0.1430597230693471
1192,cars,1980,early,3283,0.041181375664407105
1192,cars,1980,late,3652,0.021481420799539068
1192,cars,2000,early,3653,0.025691767020240727
1192,cars,2000,late,3287,0.04748074369237683
1192,upstream,1980,early,3279,0.04184819776598671
1192,upstream,1980,late,3652,0.02265196446177004
1192,upstream,2000,early,3653,0.02656376497929236
1192,upstream,2000,late,3285,0.04943719382194593
1207,cars,1980,early,3653,0.06526204874847678
1207,cars,1980,late,3234,0.04855608244599283
1237,cars,1980,early,3653,0.14323505023240374
1237,cars,1980,late,3652,0.12305817692810773
1237,cars,2000,early,3653,0.1497091085913904
1237,cars,2000,late,3652,0.16653716469840318
1237,upstream,1980,early,3653,0.17347654298743534
1237,upstream,1980,late,3652,0.15293437942919244
1237,upstream,2000,early,3653,0.16542848595945459
1237,upstream,2000,late,3652,0.19072541905246987
1249,cars,2000,early,3653,0.24713908149207625
1249,cars,2000,late,3652,0.1984306234475167
1249,upstream,2000,early,3653,0.28068356280406453
1249,upstream,2000,late,3652,0.23786864785186299
131,cars,1980,early,3653,0.031876806425879714
131,cars,1980,late,3644,0.05993474649219287
131,cars,2000,early,3652,0.02667039439542433
131,cars,2000,late,3639,0.03298893888126491
131,upstream,2000,early,3164,0.031723392107135415
131,upstream,2000,late,2741,0.04386878292281491
132,cars,2000,early,3650,0.02439829911012079
132,cars,2000,late,3287,0.035207618172338515
132,upstream,2000,early,3640,0.026313215835140336
132,upstream,2000,late,3283,0.03632892807607979
133,cars,2000,early,3646,0.013110218922620714
133,cars,2000,late,3287,0.018749558595984237
133,upstream,2000,early,3585,0.01452379186353385
133,upstream,2000,late,3240,0.020435166492980078
144,cars,2000,early,3569,0.07284657702362593
144,cars,2000,late,3611,0.0797672188467495
148,cars,2000,early,3640,0.031860976653129695
148,cars,2000,late,3652,0.04841723130467383
148,upstream,2000,early,3555,0.03591416700175858
148,upstream,2000,late,3638,0.05009971901598719
1586,cars,2000,early,3653,0.053711680058791636
1586,cars,2000,late,3652,0.038449823090514236
1586,upstream,2000,early,3653,0.05424626959767996
1586,upstream,2000,late,3652,0.039855982672166064
1587,cars,2000,early,3653,0.04852521784332882
1587,cars,2000,late,3652,0.043490936833257075
1587,upstream,2000,early,3653,0.04956682322271454
1587,upstream,2000,late,3652,0.045726569918676185
1592,cars,2000,early,3653,0.047352091177573497
1592,cars,2000,late,3652,0.0423518168179939
1592,upstream,2000,early,3653,0.04866753915619005
1592,upstream,2000,late,3652,0.04497514295405283
1595,cars,1980,early,3638,0.023111064585418208
1595,cars,1980,late,3641,0.02614526191836551
1595,cars,2000,early,3651,0.02416689829075836
1595,cars,2000,late,2917,0.045347980556639536
1595,upstream,1980,early,3636,0.02462579362606442
1595,upstream,1980,late,3638,0.028248662138749183
1595,upstream,2000,early,3649,0.02618160383348792
1595,upstream,2000,late,2910,0.052082899792150666
1600,cars,1980,early,3641,0.04412608098765915
1600,cars,1980,late,3647,0.0435135959181125
1600,cars,2000,early,3653,0.03959619239326091
1600,cars,2000,late,2912,0.05990992107898564
1600,upstream,1980,early,3636,0.046834054722694654
1600,upstream,1980,late,3631,0.047345728914039334
1600,upstream,2000,early,3652,0.04496209489916264
1600,upstream,2000,late,2903,0.06645330197462697
1606,cars,1980,early,3638,0.03330341528703107
1606,cars,1980,late,3639,0.040971302004270814
1606,upstream,1980,early,3635,0.03679121423440923
1606,upstream,1980,late,3632,0.04545705075964457
1617,cars,1980,early,3631,0.04688236023617278
1617,cars,1980,late,3641,0.042879136510771555
1617,cars,2000,early,3651,0.048401990438453515
1617,cars,2000,late,2917,0.044101389487731714
1617,upstream,1980,early,3628,0.05521546806059073
1617,upstream,1980,late,3635,0.04733037848108126
1617,upstream,2000,early,3649,0.05315328846665048
1617,upstream,2000,late,2912,0.048774906781413906
1619,cars,1980,early,3639,0.043888222478947574
1619,cars,1980,late,3641,0.04076037120209206
1619,cars,2000,early,3653,0.052104204437362106
1619,cars,2000,late,2922,0.048333341542482665
1619,upstream,1980,early,3638,0.049212141135007166
1619,upstream,1980,late,3637,0.045371708214738904
1619,upstream,2000,early,3652,0.05877001341127257
1619,upstream,2000,late,2921,0.05674052307024789
1620,cars,1980,early,3642,0.040820075517211146
1620,cars,1980,late,3638,0.034283236775148475
1620,cars,2000,early,3649,0.04474796680174176
1620,cars,2000,late,2922,0.11609994544171974
1620,upstream,1980,early,3639,0.04426002718683339
1620,upstream,1980,late,3633,0.03641472480739281
1620,upstream,2000,early,3645,0.048144775066302804
1620,upstream,2000,late,2922,0.12390056445319149
1631,cars,1980,early,3627,0.04022717945645077
1631,cars,1980,late,3641,0.041844241637214986
1631,cars,2000,early,3653,0.05263327295668777
1631,cars,2000,late,2917,0.04316167425611055
1631,upstream,1980,early,3623,0.0445898905815296
1631,upstream,1980,late,3637,0.046242660700603774
1631,upstream,2000,early,3649,0.05808265432412503
1631,upstream,2000,late,2914,0.047911565494862016
1634,cars,2000,early,3653,0.03226528610859936
1634,cars,2000,late,3652,0.0428429582551852
1634,upstream,2000,early,3653,0.033791530906375336
1634,upstream,2000,late,3652,0.04430885618282644
1636,cars,1980,early,3631,0.06199492760441733
1636,cars,1980,late,3641,0.07610146498842638
1636,cars,2000,early,3653,0.07388872112338943
1636,cars,2000,late,2920,0.06089285741600939
1636,upstream,1980,early,3628,0.07004209827514292
1636,upstream,1980,late,3631,0.08251842946489839
1636,upstream,2000,early,3652,0.08046798587357051
1636,upstream,2000,late,2912,0.07204123638874356
1645,cars,2000,early,3653,0.07107547358385889
1645,cars,2000,late,3652,0.07888703539876565
1645,upstream,2000,early,3653,0.0784889218344006
1645,upstream,2000,late,3652,0.09023247959384843
1650,cars,1980,early,3613,0.04946157125744059
1650,cars,1980,late,3652,0.07230549387819231
1650,cars,2000,early,3646,0.06890694396359336
1650,cars,2000,late,2920,0.0714771821647216
1650,upstream,1980,early,3611,0.05594608733988289
1650,upstream,1980,late,3652,0.08125618696951815
1650,upstream,2000,early,3642,0.0794169441213045
1650,upstream,2000,late,2917,0.08359133690111945
1654,cars,2000,early,3653,0.05240030432298606
1654,cars,2000,late,3652,0.04940533746044468
1654,upstream,2000,early,3653,0.05382831497803444
1654,upstream,2000,late,3652,0.051633560027682206
1655,cars,2000,early,3653,0.07672228259512417
1655,cars,2000,late,3652,0.052496332393627665
1655,upstream,2000,early,3653,0.0848842745063124
1655,upstream,2000,late,3652,0.057609658042725324
1656,cars,2000,early,3653,0.051063014819714654
1656,cars,2000,late,3652,0.04918762468110275
1656,upstream,2000,early,3653,0.05765567966945564
1656,upstream,2000,late,3652,0.054045678904052194
168,cars,2000,early,3282,0.05287538010080876
168,cars,2000,late,3652,0.05726225477198333
1683,cars,2000,early,3653,0.07300457401077748
1683,cars,2000,late,3652,0.06387563664465476
1683,upstream,2000,early,3653,0.08176287361880719
1683,upstream,2000,late,3652,0.07436785477522884
169,cars,2000,early,3653,0.03879993693368443
169,cars,2000,late,3652,0.04858325657968903
169,upstream,2000,early,2830,0.054025007116428464
169,upstream,2000,late,3600,0.05907396453808327
1691,cars,1980,early,3653,0.03826884577890537
1691,cars,1980,late,3652,0.051463950279738914
1691,cars,2000,early,3653,0.04506700895436734
1691,cars,2000,late,2915,0.04384061216455996
1691,upstream,1980,early,3653,0.042989956118511315
1691,upstream,1980,late,3650,0.05937693847462309
1691,upstream,2000,early,3651,0.05287949164626319
1691,upstream,2000,late,2908,0.04834362721128194
1699,cars,1980,early,3653,0.03294178636283723
1699,cars,1980,late,3652,0.035431393578434875
1699,cars,2000,early,3653,0.030955431505365158
1699,cars,2000,late,2912,0.03727528882298636
1699,upstream,1980,early,3653,0.036099022970297275
1699,upstream,1980,late,3646,0.04045889902900717
1699,upstream,2000,early,3651,0.03586958215430886
1699,upstream,2000,late,2900,0.0416371507558797
1703,cars,2000,early,3653,0.09253468934142943
1703,cars,2000,late,3652,0.09604694143331216
1703,upstream,2000,early,3653,0.10553318633777789
1703,upstream,2000,late,3652,0.1078724813675059
1706,cars,1980,early,3627,0.04509719133467453
1706,cars,1980,late,3641,0.03699819423669535
1706,cars,2000,early,3651,0.045502606726053066
1706,cars,2000,late,2909,0.05762257382619577
1706,upstream,1980,early,3624,0.049149818771040306
1706,upstream,1980,late,3638,0.040341213091026014
1706,upstream,2000,early,3647,0.04958461880751416
1706,upstream,2000,late,2901,0.06411369932856645
1707,cars,1980,early,3653,0.07613165833626105
1707,cars,1980,late,3652,0.0668891131838376
1707,cars,2000,early,3653,0.0862989124086861
1707,cars,2000,late,2911,0.09002613551858779
1707,upstream,1980,early,3651,0.08728031071404951
1707,upstream,1980,late,3650,0.07576664811135496
1707,upstream,2000,early,3652,0.1021874302810991
1707,upstream,2000,late,2906,0.10377656502176552
1709,cars,1980,early,3653,0.029516082932353874
1709,cars,1980,late,3652,0.030736270745286
1709,cars,2000,early,3653,0.033712426132374906
1709,cars,2000,late,2914,0.042477065011403435
1709,upstream,1980,early,3649,0.03239465185216479
1709,upstream,1980,late,3652,0.03391291448002573
1709,upstream,2000,early,3652,0.037138007720518194
1709,upstream,2000,late,2906,0.04666429644289782
1712,cars,1980,early,3653,0.0462430475598169
1712,cars,1980,late,3652,0.05272776716230997
1712,cars,2000,early,3651,0.07247071495224582
1712,cars,2000,late,2884,0.06480088126522975
1712,upstream,1980,early,3652,0.05251997534221312
1712,upstream,1980,late,3652,0.05992862315438076
1712,upstream,2000,early,3649,0.08347685554019997
1712,upstream,2000,late,2861,0.07352689295718462
1713,cars,2000,early,3653,0.07841338495095747
1713,cars,2000,late,2893,0.07889360793960383
1713,upstream,2000,early,3652,0.08835442919937368
1713,upstream,2000,late,2881,0.09012936667288661
1714,cars,2000,early,3653,0.05415419144724396
1714,cars,2000,late,3652,0.038217020251402015
1714,upstream,2000,early,3653,0.05775538654813101
1714,upstream,2000,late,3652,0.042119505795790955
1718,cars,2000,early,3653,0.07330567440495296
1718,cars,2000,late,3652,0.07529161954898893
1718,upstream,2000,early,3653,0.08623118768838939
1718,upstream,2000,late,3652,0.08568280414827259
1723,cars,2000,early,3653,0.06414237251697949
1723,cars,2000,late,2876,0.04517722169179794
1723,upstream,2000,early,3651,0.07311224795132183
1723,upstream,2000,late,2855,0.051669808910410335
1726,cars,1980,early,3653,0.06198485549799872
1726,cars,1980,late,3652,0.0574514444409499
1726,cars,2000,early,3653,0.06784847058472912
1726,cars,2000,late,2916,0.05718509161970376
1726,upstream,1980,early,3652,0.06693277730630835
1726,upstream,1980,late,3651,0.06049867940153103
1726,upstream,2000,early,3652,0.07201040683926173
1726,upstream,2000,late,2909,0.06329356071287427
1733,cars,1980,early,3287,0.05368127889431423
1733,cars,1980,late,3652,0.0399814326709016
1733,upstream,1980,early,3287,0.056261693443476424
1733,upstream,1980,late,3651,0.045320004170800336
1735,cars,1980,early,3632,0.05101223830234067
1735,cars,1980,late,3652,0.04806154760251741
1735,cars,2000,early,2922,0.0539574362734092
1735,cars,2000,late,2908,0.05397443376546904
1735,upstream,2000,early,2920,0.05891275501524211
1735,upstream,2000,late,2896,0.05920441126776195
1739,cars,2000,early,3653,0.07216916844933553
1739,cars,2000,late,3652,0.0487319781818174
1739,upstream,2000,early,3653,0.0836012165596006
1739,upstream,2000,late,3652,0.05495787050501124
1740,cars,2000,early,3653,0.03192639796240871
1740,cars,2000,late,3652,0.04248980339501794
1740,upstream,2000,early,3653,0.033791530906375336
1740,upstream,2000,late,3652,0.04430885618282644
1741,cars,2000,early,3653,0.057518743647784226
1741,cars,2000,late,3652,0.058281189493359385
1741,upstream,2000,early,3652,0.06308637572990963
1741,upstream,2000,late,3652,0.06355712565056874
1742,cars,1980,early,3653,0.04290870838513729
1742,cars,1980,late,3652,0.0464936424519145
1742,cars,2000,early,3653,0.05083261004805908
1742,cars,2000,late,2920,0.04666406611662441
1742,upstream,1980,early,3653,0.04631718186837659
1742,upstream,1980,late,3652,0.05259764913848572
1742,upstream,2000,early,3651,0.05758207599007812
1742,upstream,2000,late,2913,0.05080496270268297
1744,cars,2000,early,3653,0.07475153316100838
1744,cars,2000,late,3652,0.04976725861050351
1744,upstream,2000,early,3653,0.0857122950850482
1744,upstream,2000,late,3652,0.05644518349698838
1752,cars,1980,early,3633,0.014618791948416497
1752,cars,1980,late,3652,0.012067536503348351
1752,cars,2000,early,3653,0.01305948265090613
1752,cars,2000,late,3652,0.018704084041243865
1752,upstream,1980,early,3610,0.014831256054401006
1752,upstream,1980,late,3642,0.012259497161273454
1752,upstream,2000,early,3643,0.01331238019998044
1752,upstream,2000,late,3648,0.018814233238889446
1753,cars,1980,early,3653,0.017138005627313033
1753,cars,1980,late,3652,0.016808445179840134
1753,cars,2000,early,3653,0.022130296401396327
1753,cars,2000,late,3652,0.01773486721133172
1753,upstream,1980,early,3653,0.01731192409666018
1753,upstream,1980,late,3652,0.017118071896600306
1753,upstream,2000,early,3653,0.022340200830067606
1753,upstream,2000,late,3652,0.01775339122145853
1754,cars,1980,early,3623,0.06332929282793012
1754,cars,1980,late,3630,0.048087299279176404
1754,cars,2000,early,3637,0.05929187050426754
1754,cars,2000,late,3636,0.03728701802261373
1755,cars,2000,early,3653,0.053311633872157704
1755,cars,2000,late,3652,0.06129111923105353
1755,upstream,2000,early,3653,0.05955863499704914
1755,upstream,2000,late,3652,0.06946268752167781
1756,cars,1980,early,3651,0.04714166876657852
1756,cars,1980,late,3652,0.04090554796643819
1756,cars,2000,early,3651,0.048763729718607644
1756,cars,2000,late,3652,0.033696785076537186
1761,cars,1980,early,3653,0.036931016643743174
1761,cars,1980,late,3652,0.03509321205532533
1761,cars,2000,early,3653,0.03147015327783594
1761,cars,2000,late,3652,0.03223687599488071
1761,upstream,1980,early,3653,0.037545823706383055
1761,upstream,1980,late,3651,0.03580791075135939
1761,upstream,2000,early,3217,0.03393150676031776
1761,upstream,2000,late,3625,0.033043197263392846
1762,cars,1980,early,3620,0.059860604862079905
1762,cars,1980,late,3604,0.05539237516882542
1762,cars,2000,early,3515,0.06853622236492553
1762,cars,2000,late,3606,0.04416276656863461
1768,cars,1980,early,3632,0.017652346262149267
1768,cars,1980,late,3652,0.013894589773667903
1768,cars,2000,early,3653,0.017466724175126125
1768,cars,2000,late,3652,0.016029010743790473
1768,upstream,1980,early,3618,0.08046554485031605
1768,upstream,1980,late,3639,0.014267747508291575
1768,upstream,2000,early,3652,0.01821412309623629
1768,upstream,2000,late,3652,0.01628765668474207
1775,cars,1980,early,3636,0.06818885471865757
1775,cars,1980,late,3593,0.06367716749159563
1775,cars,2000,early,3622,0.07715680305946962
1775,cars,2000,late,3551,0.05933276484843847
1776,cars,1980,early,3653,0.03226210932891743
1776,cars,1980,late,3652,0.03541350505082697
1776,cars,2000,early,3653,0.03177753039549146
1776,cars,2000,late,3652,0.03375435288371199
1776,upstream,1980,early,3651,0.03685667428356848
1776,upstream,1980,late,3651,0.04073788008716314
1776,upstream,2000,early,3650,0.034991474651109716
1776,upstream,2000,late,3652,0.03776425455501845
1777,cars,1980,early,3644,0.055723041062369645
1777,cars,1980,late,3652,0.059918112146410164
1777,cars,2000,early,3653,0.07795814212590661
1777,cars,2000,late,3652,0.04230163851806851
1777,upstream,2000,early,3466,0.08477347598274369
1777,upstream,2000,late,3638,0.04597799942149749
1782,cars,2000,early,3621,0.0692002900484414
1782,cars,2000,late,3632,0.08669691052512368
1796,cars,1980,early,3653,0.057928067762140295
1796,cars,1980,late,3648,0.06389461835942557
1796,cars,2000,early,3653,0.06229998282591254
1796,cars,2000,late,3652,0.07362513125976418
180,cars,2000,early,3613,0.07300371648026331
180,cars,2000,late,3266,0.3108368912022187
182,cars,2000,early,3629,0.03719514337680344
182,cars,2000,late,3287,0.0628182427485124
182,upstream,2000,early,3622,0.039004380310817516
182,upstream,2000,late,3283,0.06562439709575794
1848,cars,1980,early,3653,0.053837378795515575
1848,cars,1980,late,3652,0.051601159503568236
1848,cars,2000,early,3653,0.047793885400848723
1848,cars,2000,late,3652,0.06189837920884667
1848,upstream,1980,early,3653,0.0561982754104177
1848,upstream,1980,late,3652,0.0539126821411402
1848,upstream,2000,early,3653,0.04992126135602605
1848,upstream,2000,late,3652,0.06340667215362099
185,cars,2000,early,3280,0.09895392959243697
185,cars,2000,late,3284,0.10799396868815343
1851,cars,1980,early,3653,0.02583750903082659
1851,cars,1980,late,3652,0.030771093015710668
1851,cars,2000,early,3653,0.03729500785826807
1851,cars,2000,late,3652,0.027609852115563608
1851,upstream,1980,early,3597,0.029565522911490016
1851,upstream,1980,late,3630,0.03491403473105225
1851,upstream,2000,early,3179,0.043992291818258
1851,upstream,2000,late,3570,0.03056633085495821
1864,cars,1980,early,3653,0.05956115627423543
1864,cars,1980,late,3652,0.05266703363951753
1864,cars,2000,early,3653,0.05475068198260878
1864,cars,2000,late,3652,0.06262764626459348
1864,upstream,1980,early,3653,0.06405158280609087
1864,upstream,1980,late,3652,0.05576236752752143
1864,upstream,2000,early,3653,0.06398456956845407
1864,upstream,2000,late,3652,0.06961130447600009
1869,cars,1980,early,3653,0.08689552615591054
1869,cars,1980,late,3652,0.07450176449744352
1869,cars,2000,early,3653,0.06418525125114345
1869,cars,2000,late,3652,0.0746762273552232
1869,upstream,1980,early,3653,0.09649289431036744
1869,upstream,1980,late,3652,0.08200000594496455
1869,upstream,2000,early,3653,0.0704839704965952
1869,upstream,2000,late,3652,0.07899318678758756
1872,cars,2000,early,3653,0.02165630849539333
1872,cars,2000,late,3652,0.02041068301056396
1879,cars,1980,early,3280,0.016864315461868545
1879,cars,1980,late,3652,0.01984148166270053
1879,cars,2000,early,3279,0.026587530913638642
1879,cars,2000,late,3631,0.02077875872488332
1879,upstream,1980,early,3222,0.017467278964989407
1879,upstream,1980,late,3643,0.02036083569039101
1879,upstream,2000,early,3271,0.027072315174575996
1879,upstream,2000,late,3602,0.021601217654589736
1883,cars,2000,early,3618,0.04110796467054341
1883,cars,2000,late,3255,0.057131685708424404
1883,upstream,2000,early,3284,0.04862980383793019
1883,upstream,2000,late,3241,0.062070759359597896
191,cars,2000,early,3593,0.030614582197827894
191,cars,2000,late,3650,0.0412888040178518
191,upstream,2000,early,3547,0.031352290136986254
191,upstream,2000,late,3632,0.04299005626374586
1910,cars,1980,early,3653,0.021853452201507688
1910,cars,1980,late,3652,0.03602109090343134
1910,upstream,1980,early,3647,0.023542370107051454
1910,upstream,1980,late,3647,0.037112034055406806
193,cars,2000,early,3256,0.1279511264273873
193,cars,2000,late,3644,0.12239071778675575
198,cars,2000,early,3652,0.03003579230482423
198,cars,2000,late,3652,0.03565275536353103
198,upstream,2000,early,3634,0.03011822491065065
198,upstream,2000,late,3640,0.037462958857458116
204,cars,1980,early,3282,0.011374756156146906
204,cars,1980,late,3649,0.013321212745270124
204,cars,2000,early,3653,0.011378268706565022
204,cars,2000,late,3287,0.01396694141991627
204,upstream,2000,early,3572,0.01189035990157458
204,upstream,2000,late,3270,0.014184558333610486
223,cars,2000,early,3176,0.01419372943166667
223,cars,2000,late,3603,0.01687824613871137
292,cars,1980,early,3637,0.01890920147241136
292,cars,1980,late,3650,0.02629334991068072
292,cars,2000,early,3653,0.02777942825308069
292,cars,2000,late,3652,0.02072831277585709
292,upstream,1980,early,3497,0.019507495405097792
292,upstream,1980,late,3251,0.030204388181874875
292,upstream,2000,early,3630,0.029499167735079573
292,upstream,2000,late,3642,0.021581835904441158
293,cars,1980,early,3161,0.03814969780572228
293,cars,1980,late,3652,0.04270868389632559
297,cars,1980,early,3653,0.019785386023995776
297,cars,1980,late,3652,0.017483512733541675
297,upstream,1980,early,3642,0.019953554188342763
297,upstream,1980,late,3641,0.017759824225491695
300,cars,1980,early,3603,0.03786628901274296
300,cars,1980,late,3633,0.03129961261475046
300,cars,2000,early,3183,0.05599216227557981
300,cars,2000,late,3652,0.04478194852553062
300,upstream,1980,early,3168,0.04262341438361751
300,upstream,1980,late,3617,0.03249969652106057
307,cars,1980,early,3653,0.017902881756339944
307,cars,1980,late,3652,0.013440662152981888
307,cars,2000,early,3653,0.013831333970866692
307,cars,2000,late,3652,0.022187996575260674
307,upstream,1980,early,3653,0.018542478035346883
307,upstream,1980,late,3652,0.013531982393670431
307,upstream,2000,early,3653,0.014068604700481071
307,upstream,2000,late,3649,0.023114884226146583
310,cars,1980,early,3653,0.006519769915427839
310,cars,1980,late,3652,0.008185053375817906
310,cars,2000,early,3653,0.007141265199537777
310,cars,2000,late,2922,0.008853678215841376
310,upstream,1980,early,3652,0.006537868463814849
310,upstream,1980,late,3652,0.00820027674128901
310,upstream,2000,early,3653,0.0071718670412115855
310,upstream,2000,late,2920,0.008875696559586973
316,cars,2000,early,3653,0.014727790349719648
316,cars,2000,late,3652,0.013105856439787112
316,upstream,2000,early,3653,0.014807625607347929
316,upstream,2000,late,3652,0.013223626252145798
319,cars,1980,early,3653,0.03183003074658462
319,cars,1980,late,3652,0.02989739293562296
319,cars,2000,early,3653,0.02573778681630531
319,cars,2000,late,3652,0.029696704608450166
319,upstream,1980,early,3651,0.03222260015303315
319,upstream,1980,late,3652,0.030779918214388212
319,upstream,2000,early,3653,0.026184840097873256
319,upstream,2000,late,3652,0.030680453515357673
355,cars,1980,early,3653,0.013436286685840758
355,cars,1980,late,3652,0.014460197828077614
355,cars,2000,early,3653,0.0200321480771995
355,cars,2000,late,3652,0.013039141146057477
355,upstream,1980,early,3653,0.013895243460733673
355,upstream,1980,late,3652,0.014630219640690868
355,upstream,2000,early,3653,0.02005292538799753
355,upstream,2000,late,3652,0.013146342830782467
361,cars,2000,early,3608,0.029576514958162204
361,cars,2000,late,3287,0.03928926754771312
361,upstream,2000,early,3178,0.031616812561772456
361,upstream,2000,late,3215,0.03976005926827508
362,cars,1980,early,3653,0.019113057007527325
362,cars,1980,late,3652,0.01589217744021561
362,cars,2000,early,3653,0.014654985152191697
362,cars,2000,late,3652,0.01408526188724804
362,upstream,1980,early,3653,0.019281981802477748
362,upstream,1980,late,3652,0.016060137967673468
362,upstream,2000,early,3653,0.014770334808193218
362,upstream,2000,late,3652,0.014122051912556433
364,cars,2000,early,3653,0.010906082316085112
364,cars,2000,late,3287,0.013278732248054013
364,upstream,2000,early,3651,0.011303647779103932
364,upstream,2000,late,3287,0.013468470622971164
367,cars,1980,early,3620,0.025844391407455935
367,cars,1980,late,3638,0.024135888922584506
367,cars,2000,early,3649,0.03091792751831353
367,cars,2000,late,3648,0.028139231223815873
368,cars,2000,early,3617,0.022343191368004035
368,cars,2000,late,2922,0.025314320258159845
368,upstream,2000,early,2898,0.028414412068009823
368,upstream,2000,late,2905,0.025713159625521086
372,cars,1980,early,3647,0.027127441485514082
372,cars,1980,late,3651,0.03249397636131001
372,cars,2000,early,3647,0.03536971766343494
372,cars,2000,late,3640,0.04108088294182944
372,upstream,1980,early,3218,0.029731255738633663
372,upstream,1980,late,3214,0.03542440419979376
372,upstream,2000,early,3526,0.03615586250111226
372,upstream,2000,late,3522,0.042621510465707745
373,cars,1980,early,3653,0.03050085963845758
373,cars,1980,late,3652,0.02884441164318473
373,cars,2000,early,3653,0.028864579304268764
373,cars,2000,late,3652,0.0253323383357853
373,upstream,1980,early,3653,0.030866402243270613
373,upstream,1980,late,3652,0.028981405828222482
373,upstream,2000,early,3652,0.029077234349223144
373,upstream,2000,late,3651,0.0257444235871208
378,cars,2000,early,3132,0.03686536161168487
378,cars,2000,late,3553,0.029961944538456995
384,cars,1980,early,3653,0.026368816693594255
384,cars,1980,late,3652,0.025281688570573228
384,cars,2000,early,3653,0.022384707557219857
384,cars,2000,late,3652,0.02356568721531074
384,upstream,1980,early,3599,0.026855135672486763
384,upstream,1980,late,3626,0.025676089854606045
384,upstream,2000,early,3634,0.022785374455262956
384,upstream,2000,late,3638,0.024342201962089964
385,cars,1980,early,3653,0.039963013778365614
385,cars,1980,late,3598,0.04241367499238645
386,cars,1980,early,3653,0.045465252776051956
386,cars,1980,late,3652,0.06844541405338486
386,cars,2000,early,3653,0.05322172697112729
386,cars,2000,late,3652,0.03807662446629247
386,upstream,1980,early,3613,0.0467601489451282
386,upstream,1980,late,3561,0.07077085569890208
386,upstream,2000,early,3611,0.05518828500837629
386,upstream,2000,late,3614,0.03961507568246904
390,cars,1980,early,3644,0.0463706164824548
390,cars,1980,late,3652,0.04357117904796542
390,cars,2000,early,3606,0.059040193806321785
390,cars,2000,late,3615,0.0526848309307665
391,cars,2000,early,3653,0.01657456407565379
391,cars,2000,late,3652,0.015293129681132776
391,upstream,2000,early,3643,0.016585585970347518
391,upstream,2000,late,3650,0.015340739648102907
393,cars,1980,early,3653,0.024385413357861697
393,cars,1980,late,3652,0.02619765401392943
393,cars,2000,early,3653,0.026605367363420986
393,cars,2000,late,3652,0.030126683016235355
393,upstream,1980,early,3653,0.024490486712216396
393,upstream,1980,late,3652,0.02646699821719812
393,upstream,2000,early,3653,0.027100893194974655
393,upstream,2000,late,3647,0.030634292539421192
398,cars,1980,early,3653,0.02646867337761762
398,cars,1980,late,3652,0.027094394410436116
398,cars,2000,early,3653,0.02262436102619006
398,cars,2000,late,3652,0.029743940457216917
398,upstream,1980,early,3578,0.028175994211182647
398,upstream,1980,late,3632,0.027745781943368714
398,upstream,2000,early,3633,0.024102098502129223
398,upstream,2000,late,3632,0.03066817564218266
399,cars,1980,early,3653,0.011693884380918689
399,cars,1980,late,3637,0.0154626366441903
399,cars,2000,early,3650,0.013264277912348486
399,cars,2000,late,3279,0.013707302303318267
41,cars,2000,early,3653,0.022343316310475262
41,cars,2000,late,3652,0.015218523405886485
41,upstream,2000,early,3653,0.024195032960570736
41,upstream,2000,late,3651,0.016004298338973256
413,cars,2000,early,3644,0.012139536917081735
413,cars,2000,late,3649,0.011352705950981576
413,upstream,2000,early,3619,0.012176918631339042
413,upstream,2000,late,3620,0.01140282754356382
415,cars,1980,early,3653,0.014611368080612872
415,cars,1980,late,3652,0.01166740508894794
415,cars,2000,early,3653,0.008818381190219484
415,cars,2000,late,3287,0.01651772953625382
415,upstream,1980,early,3653,0.014623166945439714
415,upstream,1980,late,3639,0.011671959340820126
415,upstream,2000,early,3653,0.008831402710209081
415,upstream,2000,late,3287,0.016533528494736396
416,cars,1980,early,3653,0.021050301331570483
416,cars,1980,late,3652,0.014432293283137774
416,cars,2000,early,3653,0.010108147344121382
416,cars,2000,late,3287,0.02215485123325685
416,upstream,1980,early,3653,0.021209306706660148
416,upstream,1980,late,3646,0.01446318434721233
416,upstream,2000,early,3653,0.010347584529396872
416,upstream,2000,late,3287,0.02236114461037773
419,cars,2000,early,3646,0.02898630063869939
419,cars,2000,late,3652,0.03791851945866133
419,upstream,2000,early,3174,0.034091137503567806
419,upstream,2000,late,3590,0.0406386522607265
42,cars,2000,early,3653,0.021731179811967854
42,cars,2000,late,3652,0.014646499896525932
42,upstream,2000,early,3653,0.02392920083957729
42,upstream,2000,late,3651,0.015204912409454738
421,cars,1980,early,3653,0.028345941013540415
421,cars,1980,late,3652,0.023824444558907722
421,cars,2000,early,3653,0.0265189533538683
421,cars,2000,late,3287,0.03422996991782508
421,upstream,1980,early,3653,0.028512511962163103
421,upstream,1980,late,3651,0.02399049287368549
421,upstream,2000,early,3649,0.02687072947139534
421,upstream,2000,late,3287,0.03445772318267887
423,cars,1980,early,3653,0.026588270124500088
423,cars,1980,late,3652,0.023884009844687595
423,cars,2000,early,3653,0.02171648370187928
423,cars,2000,late,3652,0.02401733715014414
423,upstream,1980,early,3653,0.026606699764934943
423,upstream,1980,late,3650,0.023913460337694117
423,upstream,2000,early,3653,0.021795290151473003
423,upstream,2000,late,3651,0.024080350599062144
431,cars,2000,early,3588,0.028659708453896697
431,cars,2000,late,3201,0.03147919904108072
438,cars,2000,early,3277,0.028731091868456488
438,cars,2000,late,3652,0.030070687014474153
442,cars,2000,early,3653,0.024076070479629348
442,cars,2000,late,3652,0.042411209932130337
442,upstream,2000,early,3183,0.026886910422248004
442,upstream,2000,late,3611,0.04305869818615274
445,cars,1980,early,3248,0.032010927506271866
445,cars,1980,late,3285,0.030421435853316848
445,cars,2000,early,3652,0.03217281267911807
445,cars,2000,late,3652,0.03830629396876607
445,upstream,1980,early,2874,0.035842193526560415
445,upstream,1980,late,3262,0.032209242491837854
445,upstream,2000,early,3627,0.03313933772991685
445,upstream,2000,late,3630,0.03920170232107426
448,cars,2000,early,3646,0.03295694320570155
448,cars,2000,late,2917,0.06090552383224164
448,upstream,2000,early,3578,0.03452496256254656
448,upstream,2000,late,2884,0.06219566400973475
449,cars,1980,early,3592,0.019880764611796907
449,cars,1980,late,3652,0.016356605448484825
449,cars,2000,early,3641,0.020324571362430596
449,cars,2000,late,3652,0.024345058307084513
449,upstream,1980,early,2910,0.028362651464445297
449,upstream,1980,late,3599,0.01775225398772715
449,upstream,2000,early,3613,0.02070795719015053
449,upstream,2000,late,3651,0.02460908185621363
450,cars,2000,early,3642,0.0215135705782388
450,cars,2000,late,3640,0.026862618544122797
451,cars,1980,early,3653,0.019083596675998554
451,cars,1980,late,3652,0.01759335894756782
451,cars,2000,early,3653,0.0207570341204646
451,cars,2000,late,3652,0.017637239232953576
451,upstream,1980,early,3653,0.019280296295990627
451,upstream,1980,late,3652,0.017889214426990565
451,upstream,2000,early,3649,0.02105423138770651
451,upstream,2000,late,3652,0.018069295844247366
456,cars,1980,early,3653,0.02621957382198746
456,cars,1980,late,3652,0.024501720678937484
456,cars,2000,early,3260,0.03348247137327664
456,cars,2000,late,3652,0.03787601210654837
456,upstream,1980,early,3648,0.026504830517155884
456,upstream,1980,late,3627,0.02511353299937
456,upstream,2000,early,2902,0.03969909828153181
456,upstream,2000,late,3619,0.03820163423556878
467,cars,2000,early,3653,0.02747225649948772
467,cars,2000,late,3652,0.026986779705974743
467,upstream,2000,early,3631,0.028508029966228
467,upstream,2000,late,3638,0.027139738102907866
469,cars,2000,early,3643,0.02833366213588285
469,cars,2000,late,3652,0.022706380275539114
469,upstream,2000,early,2846,0.03236325406771119
469,upstream,2000,late,3562,0.023389973684883457
470,cars,2000,early,3641,0.03408622840630249
470,cars,2000,late,3652,0.05007513666759949
470,upstream,2000,early,3607,0.03505312500453189
470,upstream,2000,late,3629,0.05049051150281926
471,cars,2000,early,3653,0.03752175660131545
471,cars,2000,late,3650,0.03676956765082125
473,cars,1980,early,3605,0.034056681463696094
473,cars,1980,late,3626,0.02711085408026094
473,cars,2000,early,3641,0.025254009120008792
473,cars,2000,late,3632,0.028256659897780236
477,cars,2000,early,2922,0.021093116364768037
477,cars,2000,late,3652,0.014618148081376531
477,upstream,2000,early,2921,0.021742989397435276
477,upstream,2000,late,3652,0.014666092118374765
488,cars,1980,early,3653,0.02532905726264947
488,cars,1980,late,3612,0.011789328882328351
488,cars,2000,early,3647,0.01522593197990753
488,cars,2000,late,3652,0.014473925000841131
488,upstream,1980,early,3609,0.025628921232729772
488,upstream,1980,late,3585,0.012081246534570685
488,upstream,2000,early,3600,0.015864471029377533
488,upstream,2000,late,3640,0.014678808020057495
492,cars,1980,early,3653,0.019902536091616314
492,cars,1980,late,3652,0.022121052525969385
492,cars,2000,early,3288,0.02648075161276272
492,cars,2000,late,3252,0.021612088371074176
493,cars,2000,early,2881,0.022587359799875324
493,cars,2000,late,3643,0.02013618678064468
497,cars,1980,early,3653,0.027762850144376072
497,cars,1980,late,3652,0.025509867236113083
497,cars,2000,early,3653,0.028039919425634944
497,cars,2000,late,3652,0.02515005103546595
497,upstream,1980,early,3647,0.028070733602936524
497,upstream,1980,late,3647,0.025657514715780837
497,upstream,2000,early,3647,0.02825915021928554
497,upstream,2000,late,3643,0.025590080950752544
500,cars,2000,early,2922,0.03019522384147638
500,cars,2000,late,3652,0.026755074806579654
500,upstream,2000,early,2920,0.030276612228061665
500,upstream,2000,late,3638,0.026924099668319768
502,cars,1980,early,3653,0.02085226607304332
502,cars,1980,late,3652,0.01961997975166218
502,cars,2000,early,3287,0.024023623187521572
502,cars,2000,late,3625,0.020859975075521175
502,upstream,1980,early,3652,0.02103618922575384
502,upstream,1980,late,3652,0.019735512124668942
502,upstream,2000,early,3285,0.02411423185199632
502,upstream,2000,late,3617,0.020966323553865216
505,cars,1980,early,2922,0.07458981532185611
505,cars,1980,late,3596,0.017181464756877755
505,cars,2000,early,3652,0.011580634683565745
505,cars,2000,late,3651,0.02311533296121474
505,upstream,1980,early,2919,0.0748070910220851
505,upstream,1980,late,3581,0.01731106394403011
505,upstream,2000,early,3636,0.011638241282062358
505,upstream,2000,late,3637,0.023464436038340045
506,cars,1980,early,3619,0.04642503613740807
506,cars,1980,late,3636,0.03869806580302553
506,cars,2000,early,3633,0.037082466827019774
506,cars,2000,late,3644,0.03807830278707633
509,cars,1980,early,3653,0.022435652975240798
509,cars,1980,late,3629,0.024707478832686855
509,cars,2000,early,3653,0.022593814692500186
509,cars,2000,late,3652,0.02322570562621472
509,upstream,1980,early,3653,0.02247380632920101
509,upstream,1980,late,3619,0.024778449095518844
509,upstream,2000,early,3637,0.022757683211889666
509,upstream,2000,late,3652,0.02342888582441979
511,cars,1980,early,3653,0.025317321931545903
511,cars,1980,late,3650,0.04508994350436173
511,cars,2000,early,3632,0.03573353237704732
511,cars,2000,late,3652,0.049642886596673166
511,upstream,1980,early,3653,0.025648461095919072
511,upstream,1980,late,3649,0.045329688708527896
511,upstream,2000,early,3628,0.03590784780536005
511,upstream,2000,late,3652,0.04976244716844041
517,cars,1980,early,3653,0.024847485078526414
517,cars,1980,late,3652,0.02540687939179251
517,cars,2000,early,3640,0.02220129749153619
517,cars,2000,late,3640,0.024968331297870495
517,upstream,1980,early,3653,0.02529037511584786
517,upstream,1980,late,3652,0.026465186828294098
517,upstream,2000,early,3612,0.022566746024824627
517,upstream,2000,late,3617,0.02544219730769324
518,cars,2000,early,3646,0.03263669915423754
518,cars,2000,late,3649,0.03991074250068523
518,upstream,2000,early,3543,0.03357225862326706
518,upstream,2000,late,3627,0.04041343931714074
522,cars,1980,early,3653,0.018535509733012972
522,cars,1980,late,3619,0.029606491150589883
522,cars,2000,early,3653,0.011143216334259258
522,cars,2000,late,3652,0.025343456480203853
522,upstream,1980,early,3652,0.01867566089320039
522,upstream,1980,late,3617,0.029854315094267257
522,upstream,2000,early,3649,0.01123638633267863
522,upstream,2000,late,3652,0.025369215297473942
524,cars,2000,early,3653,0.05140140938681156
524,cars,2000,late,3266,0.04826265075620682
524,upstream,2000,early,3653,0.05145246056548612
524,upstream,2000,late,3253,0.04909882767615236
529,cars,1980,early,3647,0.022160212523855565
529,cars,1980,late,3634,0.03724841327436589
529,cars,2000,early,3639,0.02199745851151097
529,cars,2000,late,3636,0.030280699029203172
530,cars,2000,early,3653,0.015515081646439468
530,cars,2000,late,3652,0.026255112881129944
530,upstream,2000,early,3653,0.01563499115919675
530,upstream,2000,late,3652,0.026262733867053214
531,cars,2000,early,3653,0.035552067944981475
531,cars,2000,late,3651,0.034457022906994525
531,upstream,2000,early,3635,0.03591678122106144
531,upstream,2000,late,3637,0.03738038017013673
533,cars,2000,early,3653,0.010733823964221467
533,cars,2000,late,3652,0.02788688483372065
533,upstream,2000,early,3619,0.010913425234421303
533,upstream,2000,late,3628,0.02804448650497125
536,cars,1980,early,3653,0.019804614858962958
536,cars,1980,late,3652,0.024138134204677794
536,cars,2000,early,3642,0.02114134467065443
536,cars,2000,late,3652,0.021142620987326985
536,upstream,1980,early,3653,0.020491827468018437
536,upstream,1980,late,3652,0.02462108336441592
536,upstream,2000,early,3631,0.021359566845660743
536,upstream,2000,late,3649,0.021468422959748604
541,cars,1980,early,3653,0.02545157839227401
541,cars,1980,late,3652,0.02167584040913236
541,cars,2000,early,3653,0.02045184201240374
541,cars,2000,late,3652,0.020373143156823863
541,upstream,1980,early,3653,0.025565617383047107
541,upstream,1980,late,3652,0.021714501971178593
541,upstream,2000,early,3653,0.020592323818972906
541,upstream,2000,late,3652,0.020508197823392478
542,cars,1980,early,3653,0.013493255880913305
542,cars,1980,late,3652,0.01582267340894533
542,cars,2000,early,3653,0.014959805113651647
542,cars,2000,late,3652,0.02182708872750788
542,upstream,1980,early,3652,0.013560879181266201
542,upstream,1980,late,3639,0.015868821067905593
542,upstream,2000,early,3651,0.014999104509909015
542,upstream,2000,late,3652,0.021865191349697284
549,cars,2000,early,3653,0.032827176691535384
549,cars,2000,late,3283,0.058317010700835094
549,upstream,2000,early,3578,0.03452501467878764
549,upstream,2000,late,2868,0.06409264182053291
55,cars,1980,early,3653,0.026725728667795868
55,cars,1980,late,3652,0.03492111728522301
55,cars,2000,early,3653,0.03230358900685413
55,cars,2000,late,3652,0.024979615175030282
55,upstream,1980,early,3653,0.029704860676235883
55,upstream,1980,late,3652,0.03791451084948879
55,upstream,2000,early,3653,0.03748045240745876
55,upstream,2000,late,3651,0.029298636547621753
567,cars,2000,early,3653,0.030846741049945982
567,cars,2000,late,3652,0.029000162206723377
567,upstream,2000,early,3646,0.031216896301734336
567,upstream,2000,late,3605,0.029210065054248276
57,cars,1980,early,3653,0.025351671236257322
57,cars,1980,late,3652,0.03303804330153823
57,cars,2000,early,3653,0.02977972502296985
57,cars,2000,late,3652,0.02375609435440604
57,upstream,1980,early,3653,0.027156901967120575
57,upstream,1980,late,3652,0.03486774403194764
57,upstream,2000,early,3653,0.03414460867725001
57,upstream,2000,late,3615,0.027096674832006465
572,cars,1980,early,3627,0.15957213501404466
572,cars,1980,late,3652,0.02976009537387296
572,cars,2000,early,3586,0.03228946619999715
572,cars,2000,late,3228,0.024168078156504534
574,cars,1980,early,3653,0.028018391420916573
574,cars,1980,late,3652,0.026627603025087185
574,cars,2000,early,3653,0.03369647454856618
574,cars,2000,late,3652,0.034217556792505134
574,upstream,1980,early,3653,0.028892012439987548
574,upstream,1980,late,3651,0.028035517150140386
574,upstream,2000,early,3649,0.03386612012312577
574,upstream,2000,late,3639,0.034838984558635426
575,cars,1980,early,3653,0.03327818032175243
575,cars,1980,late,3652,0.021453719565068176
575,cars,2000,early,3653,0.026632077080990055
575,cars,2000,late,3652,0.02889013783537078
575,upstream,1980,early,3636,0.029933624404675483
575,upstream,1980,late,3642,0.021677782643826613
575,upstream,2000,early,3650,0.026673086964526083
575,upstream,2000,late,3649,0.029280186473784317
585,cars,2000,early,3523,0.5268721561998061
585,cars,2000,late,3617,0.11554559579889863
592,cars,2000,early,3539,0.12722745696249455
592,cars,2000,late,3609,0.08824432564714735
595,cars,2000,early,3641,0.0193818371422827
595,cars,2000,late,3652,0.020096669797740985
595,upstream,2000,early,3624,0.020063307242589038
595,upstream,2000,late,3649,0.020686061610771356
597,cars,1980,early,3653,0.018762336955149967
597,cars,1980,late,3652,0.015671691438945885
597,cars,2000,early,3653,0.018453375844219418
597,cars,2000,late,3652,0.018967857841932424
597,upstream,1980,early,3653,0.019478753331300582
597,upstream,1980,late,3652,0.015795364064198434
597,upstream,2000,early,3653,0.018858838456701027
597,upstream,2000,late,3652,0.01905071857647977
60,cars,1980,early,3653,0.024086760575190973
60,cars,1980,late,3652,0.029090924458160555
60,cars,2000,early,3653,0.027068060662547674
60,cars,2000,late,3652,0.019906872749513114
60,upstream,1980,early,3653,0.02506538969519841
60,upstream,1980,late,3652,0.03071387311827943
60,upstream,2000,early,3653,0.02939194090014729
60,upstream,2000,late,3652,0.021152487432150407
600,cars,2000,early,3611,0.026613999042540554
600,cars,2000,late,3644,0.023699581400161027
600,upstream,2000,early,2854,0.035224667697099143
600,upstream,2000,late,3631,0.02573907080834002
601,cars,1980,early,3653,0.015566483496415979
601,cars,1980,late,3652,0.017437958863895146
601,cars,2000,early,3653,0.023717076290949303
601,cars,2000,late,3652,0.02366324845963107
601,upstream,1980,early,3653,0.01608628811338913
601,upstream,1980,late,3652,0.017855546208520326
601,upstream,2000,early,3632,0.023974419303732904
601,upstream,2000,late,3648,0.023946570015800965
605,cars,2000,early,3239,0.030734054674075716
605,cars,2000,late,3640,0.05450617371811448
609,cars,2000,early,3605,0.05172286568947898
609,cars,2000,late,3618,0.06334019427523267
612,cars,2000,early,3606,0.047295519195704905
612,cars,2000,late,3641,0.029808771867358058
612,upstream,2000,early,2840,0.06025638327460662
612,upstream,2000,late,3617,0.03257258525134238
63,cars,1980,early,3653,0.019380227844889287
63,cars,1980,late,3652,0.02549388322160898
63,cars,2000,early,3653,0.021354811548117407
63,cars,2000,late,3652,0.017773426992359034
63,upstream,1980,early,3653,0.020356238415083168
63,upstream,1980,late,3652,0.026439488822790545
63,upstream,2000,early,3653,0.022722923304981168
63,upstream,2000,late,3651,0.018832770021314862
7308,cars,2000,early,3653,0.014426160605027808
7308,cars,2000,late,3652,0.01286924468028009
7308,upstream,2000,early,3545,0.015343270862992652
7308,upstream,2000,late,3598,0.0137774058322995
7311,cars,1980,early,3653,0.14424168446541658
7311,cars,1980,late,3652,0.09883899935399533
7311,upstream,1980,early,3653,0.15329138316732424
7311,upstream,1980,late,3652,0.10871221055655092
7313,cars,1980,early,3653,0.01347713061032991
7313,cars,1980,late,3652,0.016730792507120153
7313,cars,2000,early,3653,0.01349907068946581
7313,cars,2000,late,3287,0.018418357838653872
7313,upstream,1980,early,3653,0.013548698187245134
7313,upstream,1980,late,3652,0.016747462414096727
7313,upstream,2000,early,3653,0.013543918771052843
7313,upstream,2000,late,3287,0.01843550843649825
7318,cars,1980,early,3651,0.014888808934769885
7318,cars,1980,late,3652,0.012458686507833536
7318,cars,2000,early,3631,0.013484339941266632
7318,cars,2000,late,3652,0.013610331805307916
7318,upstream,1980,early,3647,0.015820656164798285
7318,upstream,1980,late,3651,0.01314972946869458
7318,upstream,2000,early,3630,0.014277357033021338
7318,upstream,2000,late,3651,0.0139942085266469
753,cars,1980,early,3653,0.010216367912976266
753,cars,1980,late,3652,0.011357751181540648
753,cars,2000,early,3653,0.011275529283160994
753,cars,2000,late,3652,0.017874369009492814
753,upstream,1980,early,3653,0.010276159587289849
753,upstream,1980,late,3652,0.011401942275795966
753,upstream,2000,early,3652,0.01186051629950969
753,upstream,2000,late,3652,0.01797623353503359
758,cars,1980,early,3653,0.0068530017996981255
758,cars,1980,late,3652,0.0074061988865589765
758,upstream,1980,early,3653,0.006982829381453805
758,upstream,1980,late,3652,0.007489518893397191
768,cars,1980,early,3653,0.007788078574363269
768,cars,1980,late,3652,0.010503404288703421
768,upstream,1980,early,3653,0.007911332278671357
768,upstream,1980,late,3652,0.010723850013706524
777,cars,2000,early,3597,0.10152436523754636
777,cars,2000,late,2903,0.08752261925680724
780,cars,1980,early,3611,0.11933158137802889
780,cars,1980,late,3577,0.0795797993177295
780,cars,2000,early,3653,0.16399143099054328
780,cars,2000,late,3287,0.11060048457062673
784,cars,2000,early,3546,0.20202925418375361
784,cars,2000,late,3226,0.1363428249890032
789,cars,1980,early,3653,0.006538354625635521
789,cars,1980,late,3652,0.006947607140638038
789,upstream,1980,early,3653,0.006748747119080142
789,upstream,1980,late,3652,0.007051930681843313
798,cars,1980,early,3589,0.12742127309961912
798,cars,1980,late,3243,0.17019997658746872
798,cars,2000,early,3634,0.24215581986630927
798,cars,2000,late,3276,0.10188755016212951
836,cars,1980,early,3640,0.03680771241087441
836,cars,1980,late,3643,0.060111109451932834
837,cars,1980,early,3516,0.07817645944535237
837,cars,1980,late,3598,0.11074963803902213
837,cars,2000,early,2782,0.37022466647057983
837,cars,2000,late,2881,0.10711983293534819
868,cars,2000,early,3559,0.027809248780796995
868,cars,2000,late,3284,0.0331113483627193
870,cars,1980,early,3652,0.013618589843596181
870,cars,1980,late,3647,0.014717239527473239
870,cars,2000,early,3640,0.020090123154417442
870,cars,2000,late,3652,0.01561990671059995
870,upstream,1980,early,3646,0.014029424562295832
870,upstream,1980,late,3630,0.014948242498989902
870,upstream,2000,early,3631,0.020203222363140847
870,upstream,2000,late,3650,0.01565333123249393
882,cars,1980,early,3653,0.016079726458653985
882,cars,1980,late,3652,0.024136989508067648
882,cars,2000,early,3653,0.020081833847363305
882,cars,2000,late,3287,0.02869166074538366
882,upstream,1980,early,3641,0.016309530000114147
882,upstream,1980,late,3643,0.024412939475647853
882,upstream,2000,early,3638,0.02041162865441051
882,upstream,2000,late,3286,0.028901342261625582
884,cars,1980,early,3611,0.005961968376787722
884,cars,1980,late,3548,0.007370401942352547
884,cars,2000,early,3596,0.006628963144237254
884,cars,2000,late,3641,0.016818522971538897
884,upstream,2000,early,3112,0.007538524540458858
884,upstream,2000,late,3607,0.01691503108542775
885,cars,1980,early,3653,0.010811564945866043
885,cars,1980,late,3652,0.014079789644972283
885,cars,2000,early,3653,0.011651447728784877
885,cars,2000,late,3287,0.018379386443789173
885,upstream,1980,early,3626,0.011509791105452265
885,upstream,1980,late,3641,0.014788271605790984
885,upstream,2000,early,3636,0.01260928421452021
885,upstream,2000,late,3286,0.01868406003402896
893,cars,1980,early,3631,0.0822372555175878
893,cars,1980,late,3616,0.10086172390981796
893,cars,2000,early,3643,0.1377983004528625
893,cars,2000,late,3260,0.11540019597416187
895,cars,1980,early,3653,0.004663625188767515
895,cars,1980,late,3652,0.006827532513080127
895,cars,2000,early,3653,0.006163727018481593
895,cars,2000,late,3652,0.013507221407872274
895,upstream,1980,early,3653,0.004674819132922129
895,upstream,1980,late,3652,0.006841154403589723
895,upstream,2000,early,3653,0.0061639780203536065
895,upstream,2000,late,3652,0.013531259637105731
898,cars,1980,early,3653,0.013568079453889747
898,cars,1980,late,3652,0.012295200257106585
898,cars,2000,early,3653,0.01503879650177313
898,cars,2000,late,3287,0.015302217037812284
898,upstream,1980,early,3653,0.013862286614438203
898,upstream,1980,late,3652,0.012659649892328375
898,upstream,2000,early,3651,0.015335060035151327
898,upstream,2000,late,3287,0.015544090904928502
920,cars,1980,early,3653,0.0036693172301890185
920,cars,1980,late,3652,0.003785124981413257
920,cars,2000,early,3653,0.0062797786688954535
920,cars,2000,late,3287,0.0040872936508867756
920,upstream,1980,early,3653,0.0036734645982101684
920,upstream,1980,late,3652,0.003791549875901298
920,upstream,2000,early,3653,0.006285378823323115
920,upstream,2000,late,3287,0.0040916601115105885
929,cars,1980,early,3653,0.010146205448292062
929,cars,1980,late,3652,0.004562927869261505
929,upstream,1980,early,3653,0.01051687323666668
929,upstream,1980,late,3652,0.004584225321664003
931,cars,2000,early,3653,0.023499110074209805
931,cars,2000,late,3652,0.016563113693709615
931,upstream,2000,early,3653,0.023661530570430262
931,upstream,2000,late,3637,0.016660785485524333
938,cars,1980,early,3653,0.08671039896859498
938,cars,1980,late,3643,0.07234023011441165
938,cars,2000,early,3653,0.17931696078436088
938,cars,2000,late,3287,0.020485960736132115
938,upstream,2000,early,2822,0.10663467136801669
938,upstream,2000,late,3227,0.022783922543265743
939,cars,1980,early,3653,0.0572389416251623
939,cars,1980,late,3641,0.0809884798145482
939,cars,2000,early,2872,0.38153637660606343
939,cars,2000,late,2894,0.05087051465027652
948,cars,2000,early,3633,0.15020885791174685
948,cars,2000,late,3243,0.03596304679698759
952,cars,2000,early,3634,0.127730791905513
952,cars,2000,late,3282,0.12639408616512657
953,cars,1980,early,2810,0.23918363697996142
953,cars,1980,late,3234,0.16348680207963798
956,cars,2000,early,3470,0.32001381239856797
956,cars,2000,late,2854,0.067948574423185
982,cars,1980,early,3653,0.10725664402036832
982,cars,1980,late,3652,0.13806365265542359
982,upstream,1980,early,3653,0.1254369446910667
982,upstream,1980,late,3652,0.14977709815079773
989,cars,1980,early,3653,0.05672232359757612
989,cars,1980,late,3652,0.040273755548879436
989,upstream,1980,early,3653,0.057152052597001506
989,upstream,1980,late,3652,0.04276565519762792
