ID,date,cars,upstream,abs_difference
1001,2005-08-25,690.5165833333333,863.662,173.14541666666673
1001,2005-08-26,341.335375,203.881,137.454375
1001,1998-11-02,272.90325,161.406,111.49725000000001
1003,1998-11-01,1586.59025,2078.453,491.86275
1003,1998-11-03,598.19225,362.455,235.73724999999996
1003,2010-06-09,858.3525833333334,1076.038,217.68541666666658
1006,2007-08-20,1417.3144583333335,1783.958,366.6435416666666
1006,1993-09-26,1032.4246666666666,671.533,360.89166666666654
1006,2007-08-21,490.4704583333332,150.079,340.3914583333332
1007,1998-11-01,1102.019,1464.828,362.80899999999997
1007,2005-08-25,1232.724625,1548.929,316.204375
1007,2005-08-26,615.9142083333334,370.384,245.53020833333335
1017,2017-05-02,1126.7101337333334,638.9119584,487.79817533333335
1017,1993-11-15,1380.8262768,1836.202896,455.37661920000005
1017,1985-11-20,1125.97507665,1477.117555,351.14247835000015
1020,1986-10-03,1368.5274583333337,1602.731,234.2035416666663
1020,1989-06-11,672.1994583333333,839.593,167.3935416666667
1020,1986-10-04,1015.3935,860.831,154.5625
1021,1998-11-03,573.5925,418.381,155.2115
1021,1998-10-31,477.84600000000006,628.633,150.78699999999998
1021,2008-09-12,553.1804583333334,698.009,144.82854166666664
1023,1986-10-03,3995.146583333333,4655.282,660.135416666667
1023,1998-11-01,1942.8865,2532.938,590.0515
1023,1986-10-04,2761.0057500000003,2262.512,498.4937500000001
1026,2015-12-28,3994.9412232,5126.75664,1131.8154167999996
1026,2015-12-30,4391.298552,3312.216096,1079.082456
1026,2017-04-30,4035.3976713333336,4964.218208,928.8205366666666
1027,2007-05-28,56.75145833333334,42.475,14.276458333333338
1027,2007-05-26,48.669333333333334,60.881,12.211666666666666
1027,2007-05-27,100.560125,111.002,10.441874999999996
1028,1985-06-11,46.79316666666665,3.964,42.82916666666665
1028,1985-06-10,167.245875,209.544,42.298125
1028,2004-03-04,130.2575,171.317,41.059500000000014
1032,2007-07-02,2838.7945,3196.117,357.3225000000002
1032,2000-05-09,1283.577041666667,1602.731,319.1539583333331
1032,1985-02-22,1204.87975,1503.622,298.74225
1033,2015-12-30,1199.7332616,556.7366048,642.9966568000001
1033,2015-12-28,2090.57271055,2719.715373,629.14266245
1033,1985-11-21,1000.98472165,537.2829632,463.70175844999994
1036,2017-04-30,4196.5969546666665,5115.146752,918.5497973333331
1036,2015-12-28,3109.4182536,3975.67872,866.2604664
1036,1984-12-22,3068.0120125000003,3881.468726,813.4567134999998
1042,2017-05-02,1913.3354994666663,841.4620288,1071.8734706666664
1042,2017-05-01,5177.2018392499995,5986.454688,809.2528487500003
1042,1985-11-20,2141.5075542500003,2744.011187,602.5036327499997
1048,1987-12-21,5974.84475,7787.12,1812.2752499999997
1048,1987-12-22,2677.3535,974.098,1703.2555000000002
1048,1986-10-06,5479.890416666667,4686.43,793.4604166666668
1051,1986-10-05,1423.0375,1002.415,420.62249999999995
1051,1986-10-04,2708.148208333333,3021.403,313.25479166666673
1051,1985-02-23,1273.548,1512.117,238.56899999999996
1053,1989-03-21,2690.09575,3482.966,792.8702499999999
1053,1989-03-22,1125.5929999999998,339.802,785.7909999999998
1053,1986-10-01,4959.805249999999,5501.954,542.1487500000003
1067,1982-12-04,6608.426120800001,8751.731792,2143.3056712
1067,1982-12-05,2839.8423175999997,869.2124928,1970.6298247999998
1067,2015-12-30,987.47052885,390.2338208,597.2367080500001
1070,1999-05-01,507.30275,624.669,117.36624999999998
1070,1999-05-03,285.044,192.356,92.68799999999999
1070,1996-07-10,222.4,288.18,65.78
1075,1985-11-19,1443.4489999999996,427.584,1015.8649999999996
1075,1982-12-10,1363.4540000000002,382.277,981.1770000000001
1075,1982-12-09,3347.7535,4306.985,959.2314999999999
1078,2015-12-28,9177.77925,10766.925,1589.1457499999997
1078,2002-04-08,4538.192217391304,5571.897,1033.7047826086955
1078,2008-03-19,7575.439708333334,8527.887,952.4472916666664
1084,2015-12-30,602.85759275,347.58872,255.26887274999996
1084,1982-12-04,831.0768426999999,1052.308922,221.2320793
1084,2015-12-29,1161.16577985,1368.664211,207.49843115
1086,2013-09-18,108.52374999999998,59.748,48.77574999999998
1086,2013-09-11,117.2355,156.309,39.073499999999996
1086,2017-10-05,114.0315,148.946,34.914500000000004
1092,1982-12-06,550.9033441000001,125.6133248,425.29001930000015
1092,1982-12-04,1567.0941872,1923.41864,356.3244528
1092,2015-12-29,1567.23577135,1836.372797,269.13702564999994
1093,1990-05-04,1427.756791666667,1115.682,312.0747916666669
1093,2006-11-30,954.27625,1257.266,302.9897500000001
1093,1996-11-07,931.6225,1226.117,294.4945
1095,1992-10-24,12.2865625,-1163.781,1176.0675625
1095,1993-12-01,4.024625,-929.558,933.582625
1095,1995-05-29,6.338439814814815,-859.568,865.9064398148148
1101,2016-03-11,2185.68925,2595.575,409.8857499999999
1101,2016-03-12,1433.87825,1046.646,387.23225
1101,2011-04-29,1485.3675416666667,1118.429,366.93854166666665
1109,2001-11-09,2752.078083333333,2.152,2749.926083333333
1109,2001-11-08,6680.568124999999,9430.47,2749.9018750000005
1109,1991-11-22,515.2439861111111,-1117.201,1632.4449861111111
1112,2018-05-23,7857.590916666667,9925.378,2067.7870833333336
1112,2018-05-24,2067.7870833333336,0.0,2067.7870833333336
1112,1982-12-03,2877.9355,3818.832,940.8964999999998
1120,1987-05-28,1217.2685833333333,1523.444,306.1754166666667
1120,1983-10-20,856.4655416666666,1064.712,208.2464583333334
1120,1987-05-29,815.0519583333333,628.633,186.4189583333333
1121,1982-12-05,677.2527500000001,233.755,443.4977500000001
1121,1982-12-04,1711.2620000000002,2007.746,296.4839999999999
1121,1993-12-04,1036.9045,1325.396,288.49149999999986
1122,1982-12-05,412.98636965,139.2903392,273.69603044999997
1122,1982-12-04,1008.62317855,1234.074461,225.4512824499999
1122,1993-12-04,504.1239904,662.5848032,158.46081279999999
1124,1993-12-03,305.1915,400.145,94.95349999999996
1124,1993-12-04,153.3425,71.075,82.2675
1124,1994-01-26,194.1185,254.143,60.02449999999999
1125,1982-12-05,677.2527500000001,233.755,443.4977500000001
1125,1982-12-04,1711.2620000000002,2007.746,296.4839999999999
1125,1993-12-04,1036.9045,1325.396,288.49149999999986
1127,2015-12-28,452.499,593.053,140.55399999999997
1127,2015-12-31,203.789,69.433,134.356
1127,2011-11-23,563.1257499999999,696.112,132.98625000000004
1128,2002-03-19,1102.93925,1441.325,338.38575000000014
1128,1996-11-07,1105.77075,1429.998,324.22725000000014
1128,2002-04-08,1610.856608695652,1919.879,309.0223913043478
1134,2008-03-20,166.00720833333332,79.287,86.72020833333332
1134,2002-03-21,134.50449999999998,59.465,75.03949999999998
1134,2005-01-05,126.00975000000004,53.802,72.20775000000003
114,2005-12-30,63.097,88.863,25.766
114,2005-12-31,51.29633333333334,32.513,18.78333333333334
114,1992-05-08,18.202125,0.479,17.723125
1144,1990-03-08,1449.5937499999998,1788.206,338.61225000000013
1144,2015-12-28,1712.30975,1990.841,278.53125
1144,1993-12-03,1057.10825,1283.232,226.12374999999997
1151,2007-06-18,1742.8306249999996,2175.24,432.4093750000002
1151,2007-06-19,575.6862083333333,154.751,420.9352083333333
1151,1990-04-27,518.1040416666665,185.588,332.5160416666665
1170,1990-05-04,634.0790416666666,339.773,294.3060416666666
1170,1990-05-03,1514.79325,1752.442,237.64875000000006
1170,1989-05-17,992.155625,1184.35,192.19437499999992
1192,2015-12-04,916.169,1214.083,297.9140000000001
1192,2016-03-09,1205.46725,1463.412,257.9447500000001
1192,2015-12-05,528.3422499999999,299.762,228.58024999999992
1197,1989-05-18,222.57508333333328,24.098,198.47708333333327
1197,1989-05-17,792.3275833333333,976.788,184.46041666666667
1197,2004-07-29,677.4852500000001,829.399,151.91374999999994
1237,2015-10-25,413.0975000000001,197.595,215.50250000000008
1237,2015-10-24,1059.67575,1232.007,172.33124999999995
1237,2001-12-16,398.38224999999994,524.031,125.64875
1249,1991-12-21,45.222,59.607,14.384999999999998
1249,1991-12-22,20.0625,6.881,13.1815
1249,1997-06-25,19.038541666666667,6.06,12.978541666666668
131,1996-05-25,807.8230000000001,-1919.709,2727.532
131,1995-01-05,22.625333333333337,-1874.6,1897.2253333333333
131,1996-11-22,940.0703333333332,101.204,838.8663333333333
132,1997-01-02,4284.652666666667,3379.44,905.2126666666668
132,2004-02-17,2427.712666666667,3140.05,712.3373333333334
132,1995-03-09,1834.356,2456.698,622.3419999999999
133,1983-01-26,337.5646666666667,444.064,106.49933333333331
133,1995-01-10,325.615,237.748,87.86700000000002
133,2004-02-17,259.5233333333333,342.888,83.36466666666666
144,2001-11-14,2.5014444444444446,74536639.004,74536636.50255555
144,1995-03-10,618.7313333333333,904.948,286.2166666666667
144,2005-12-31,754.9726666666667,1006.86,251.88733333333334
148,1997-01-01,6781.534,7766.364,984.8299999999999
148,1997-01-02,6030.827333333334,5163.059,867.7683333333334
148,1996-12-31,4016.389,4811.874,795.4849999999997
1585,2012-09-04,202.09805555555553,-9.985,212.08305555555552
1585,2012-09-03,160.48038888888888,-27.292,187.77238888888888
1585,2012-09-01,77.24505555555555,-107.029,184.27405555555555
1586,2003-07-05,240.54366666666667,287.147,46.603333333333325
1586,1990-12-30,288.375625,331.845,43.469375000000014
1586,1989-05-26,205.29395833333336,247.34,42.04604166666664
1587,2015-06-28,54.00216666666671,0.297,53.70516666666671
1587,1998-08-05,342.95050000000003,395.338,52.38749999999999
1587,1998-07-22,235.397875,287.486,52.08812499999999
1592,1998-08-05,455.040375,556.326,101.28562500000004
1592,1999-01-25,276.42679166666665,184.052,92.37479166666665
1592,1990-12-30,455.91516666666666,535.711,79.79583333333335
1595,2017-01-08,1188.3757916666666,1491.106,302.7302083333334
1595,2016-01-13,362.3570833333333,65.78,296.57708333333335
1595,2016-01-12,1194.9202083333332,1489.35,294.4297916666667
1600,2011-02-28,138.18529166666667,172.953,34.76770833333333
1600,2012-11-20,36.88024999999999,3.579,33.30124999999999
1600,2012-11-19,132.03875,163.425,31.386250000000018
1606,2015-12-10,35.92895833333334,9.71,26.21895833333334
1606,2015-12-09,109.76725,135.561,25.793750000000003
1606,2014-02-06,22.460833333333326,1.13,21.330833333333327
1615,2011-09-08,281.8033333333333,323.364,41.56066666666669
1615,2006-06-29,106.02316666666668,73.811,32.212166666666675
1615,2011-09-09,172.7206666666667,142.592,30.128666666666675
1617,1994-01-28,66.89970833333334,81.402,14.502291666666665
1617,1982-01-02,51.94720833333333,65.327,13.37979166666667
1617,1982-01-14,53.98404166666667,66.998,13.013958333333335
1619,2012-11-30,22.963458333333335,0.507,22.456458333333334
1619,2012-11-29,86.34466666666667,108.298,21.953333333333333
1619,2006-10-08,19.09049999999999,0.314,18.77649999999999
1620,2016-01-04,725.6535416666667,916.615,190.96145833333333
1620,2016-01-05,193.4718333333334,3.171,190.3008333333334
1620,2004-09-17,97.38166666666667,116.269,18.88733333333333
163,2006-03-05,10.146999999999998,7.419,2.727999999999999
163,2006-01-07,7.872333333333333,5.154,2.718333333333333
163,2006-03-04,13.290333333333333,15.603,2.312666666666667
1631,2000-12-17,430.0272916666667,522.7,92.67270833333333
1631,2004-01-06,316.97687499999995,227.95,89.02687499999996
1631,1994-01-28,448.8093750000001,536.32,87.51062499999995
1634,1997-03-01,605.9409166666666,746.438,140.49708333333342
1634,1983-04-29,506.6438333333333,599.707,93.06316666666669
1634,2010-05-02,596.9968333333334,687.85,90.85316666666665
1636,2004-09-17,272.12433333333337,325.898,53.77366666666666
1636,1998-06-28,350.7225,399.89,49.16749999999996
1636,1998-06-29,155.13833333333332,106.188,48.95033333333332
1645,2011-02-28,290.35241666666667,363.007,72.65458333333333
1645,2013-04-20,136.43866666666668,73.015,63.423666666666676
1645,2011-03-01,152.5186666666667,97.127,55.391666666666694
1650,1998-06-28,73.59,87.842,14.251999999999995
1650,2004-09-17,60.08616666666666,71.993,11.906833333333338
1650,2004-09-18,18.388833333333334,7.668,10.720833333333335
1654,1993-08-17,307.7217083333333,387.084,79.36229166666669
1654,2008-06-07,375.166,424.908,49.74200000000002
1654,1993-08-18,244.18895833333335,206.585,37.60395833333334
1655,1982-11-03,799.3117916666667,1009.657,210.3452083333333
1655,1982-11-04,210.3452083333333,0.0,210.3452083333333
1655,2008-06-04,302.8068333333333,356.296,53.48916666666668
1656,2013-12-23,153.11575,68.767,84.34875
1656,1989-05-26,354.21754166666665,434.854,80.63645833333334
1656,2018-04-03,391.6635,463.758,72.09449999999998
168,2015-08-03,15.856180555555556,34310.532,34294.67581944444
168,2015-11-13,21.659666666666663,22178.454,22156.794333333335
168,2015-12-06,18.261111111111113,20336.106,20317.84488888889
1683,1990-12-18,283.25024999999994,353.479,70.22875000000005
1683,1982-11-25,69.048,0.368,68.68
1683,1982-11-24,261.38741666666664,330.032,68.64458333333334
169,1994-11-07,3.581916666666667,-283.14,286.72191666666663
169,1994-11-11,2.888333333333333,-283.14,286.0283333333333
169,1994-11-08,3.199666666666667,-140.225,143.42466666666667
1691,1994-01-09,82.51991666666666,27.892,54.627916666666664
1691,1996-07-31,278.7176666666667,330.967,52.24933333333331
1691,1996-08-01,94.00199999999998,46.609,47.39299999999998
1699,1994-02-09,596.9048333333333,746.034,149.12916666666672
1699,1996-07-31,688.462,818.809,130.34699999999998
1699,1985-11-04,398.5770416666666,501.491,102.91395833333337
1703,1990-06-07,469.5912916666667,584.699,115.10770833333328
1703,1990-06-08,154.1217916666667,40.812,113.3097916666667
1703,2017-04-29,496.1063333333333,588.189,92.08266666666668
1706,1990-12-30,222.998375,270.199,47.200625
1706,1994-01-28,204.70841666666664,246.753,42.04458333333335
1706,2011-02-28,175.80937500000002,216.68,40.87062499999999
1707,1985-02-01,138.08958333333334,32.055,106.03458333333333
1707,1997-03-01,395.48225,498.461,102.97874999999999
1707,1985-01-31,439.670375,541.021,101.35062499999998
1709,2016-06-23,1184.9778333333334,1385.711,200.73316666666665
1709,2003-11-19,696.4943333333333,863.776,167.28166666666664
1709,2001-07-29,1034.1815,1193.808,159.62650000000008
1712,1997-03-01,139.48425,175.573,36.088750000000005
1712,2003-11-19,136.97333333333333,171.58,34.60666666666668
1712,1994-01-07,123.77641666666666,151.396,27.619583333333324
1713,2017-04-27,127.043,5.21,121.83300000000001
1713,2017-04-26,640.2518333333333,736.208,95.95616666666672
1713,2007-01-12,92.43875000000004,10.845,81.59375000000004
1714,1997-03-01,647.951625,785.381,137.42937499999994
1714,2002-03-20,740.502625,860.647,120.14437500000008
1714,2003-02-16,770.6713333333332,880.688,110.01666666666677
1716,1995-05-18,1539.05325,1805.762,266.70875
1716,1995-05-19,792.7168333333333,526.126,266.5908333333333
1716,1996-04-30,444.6448333333334,196.519,248.1258333333334
1718,1997-03-01,902.6434583333332,1135.822,233.17854166666666
1718,2015-04-03,714.6361666666667,846.432,131.79583333333335
1718,2008-04-04,676.9445000000001,797.974,121.02949999999998
1723,1993-08-05,228.74000000000004,274.483,45.74299999999997
1723,1993-08-06,49.64799999999997,4.681,44.96699999999997
1723,2003-02-17,86.341625,52.171,34.170624999999994
1726,2009-05-09,250.60350000000005,293.56,42.95649999999995
1726,2014-08-29,176.145,210.904,34.758999999999986
1726,2014-08-30,37.840666666666664,3.228,34.61266666666666
173,1996-12-27,26.902666666666665,-283.14,310.04266666666666
173,1997-01-12,6.004166666666667,-283.14,289.14416666666665
173,1996-12-26,22.125666666666664,-137.775,159.90066666666667
1733,2017-09-23,400.4655,2.152,398.31350000000003
1733,2017-09-22,2233.8836666666666,2392.033,158.1493333333333
1733,2014-10-25,151.93400000000008,8.552,143.3820000000001
1735,2004-05-23,584.5908333333334,675.922,91.3311666666666
1735,2004-05-24,222.59366666666665,131.928,90.66566666666665
1735,2016-06-10,197.94833333333332,113.55,84.39833333333333
1739,2003-02-16,566.9569166666666,672.319,105.36208333333332
1739,2003-02-17,280.208875,177.022,103.18687499999999
1739,2002-03-18,445.36654166666665,543.173,97.80645833333335
1740,1997-03-01,577.8414999999999,746.438,168.5965000000001
1740,1983-04-29,483.3780416666667,599.707,116.32895833333328
1740,2010-05-02,574.2835416666667,687.85,113.56645833333334
1741,2010-05-04,531.5733333333333,286.417,245.1563333333333
1741,1984-05-07,1840.7551666666668,2073.406,232.65083333333314
1741,2010-05-02,1237.900666666667,1464.304,226.4033333333332
1742,1984-05-07,276.83900000000006,319.47,42.63099999999997
1742,2002-03-19,106.35633333333335,65.468,40.88833333333335
1742,1984-05-08,117.73666666666664,77.39,40.346666666666636
1744,1989-01-11,171.7125,216.9,45.1875
1744,1989-01-12,64.38225,24.246,40.136250000000004
1744,1989-10-17,83.94983333333333,100.567,16.617166666666662
1752,1982-12-07,1474.73875,-0.057,1474.79575
1752,1983-02-20,1366.8625,-19.595,1386.4575
1752,1983-03-31,743.3867500000001,-209.544,952.9307500000001
1753,1994-03-27,7812.76125,9642.239,1829.47775
1753,1983-04-05,6684.88875,8143.912,1459.0232500000002
1753,1990-12-22,9970.40925,11416.513,1446.1037500000002
1754,1984-05-07,573.0611666666667,670.57,97.50883333333331
1754,1983-07-17,41.44408333333333,-43.042,84.48608333333334
1754,2010-09-10,71.31116666666667,-0.198,71.50916666666666
1755,2010-05-02,2253.3876666666665,2773.871,520.4833333333336
1755,2010-05-04,655.8769583333333,298.013,357.8639583333333
1755,1984-05-07,1599.6793333333333,1889.906,290.2266666666667
1756,1984-05-07,8050.358499999999,9594.326,1543.9674999999997
1756,2003-02-16,5103.6075,6239.465,1135.8575
1756,2002-03-18,4271.518249999999,5177.217,905.6987500000005
1761,1996-09-06,3721.6913333333337,4167.242,445.55066666666653
1761,1993-03-04,1845.444,2240.369,394.9250000000002
1761,2006-12-05,71.99558333333333,-286.255,358.25058333333334
1762,2004-02-07,624.0525,317.799,306.25350000000003
1762,2003-02-17,752.88,465.075,287.805
1762,1984-05-07,1578.1508749999998,1865.879,287.7281250000001
1768,1982-12-07,554.70475,-114466.558,115021.26275000001
1768,1982-12-08,519.9790833333333,114986.228,114466.24891666666
1768,1984-06-16,927.0415,-502.623,1429.6645
1775,1999-01-23,1159.20475,1495.127,335.92224999999985
1775,2010-05-04,560.9369166666668,244.544,316.3929166666668
1775,1986-09-04,1201.505666666667,1492.154,290.6483333333331
1776,2019-06-10,234.71333333333337,134.505,100.20833333333337
1776,2019-06-09,636.3820000000001,735.755,99.37299999999993
1776,1994-08-17,552.3188333333333,647.803,95.48416666666674
1777,1994-02-11,2629.14375,3340.306,711.1622499999999
1777,1990-12-24,2858.80725,2249.203,609.6042499999999
1777,1990-12-23,4092.769,4687.62,594.8510000000001
1782,1996-09-06,1496.0755,1770.791,274.7155
1782,1998-03-19,1142.8232083333332,1375.658,232.83479166666666
1782,1998-03-20,681.6133333333333,498.97,182.64333333333332
1796,2018-11-13,1705.4110833333334,2074.149,368.7379166666665
1796,1996-09-06,2096.571,2460.135,363.5640000000003
1796,1998-03-19,1746.980375,2105.241,358.2606249999999
180,2017-12-02,1975.9463333333335,-4.219,1980.1653333333336
180,2017-12-01,1264.1470833333335,-11.95,1276.0970833333336
180,2017-12-07,978.1286666666668,0.142,977.9866666666668
182,1997-01-03,3697.1153333333336,2574.391,1122.7243333333336
182,2005-12-31,2562.1983333333333,3613.705,1051.5066666666667
182,2006-01-01,1934.217,1094.473,839.7440000000001
1848,2019-02-26,1280.7402499999998,945.894,334.8462499999998
1848,1990-02-04,1111.86625,1416.378,304.5117499999999
1848,2019-02-23,1726.0225,2004.943,278.92049999999995
185,2013-06-30,325.28,-495.657,820.9369999999999
185,2009-06-01,2.0379375,-597.456,599.4939375
185,1997-01-29,294.041,-196.416,490.457
1851,2019-03-10,318.52756250000004,-556.085,874.6125625000001
1851,2003-12-19,118.89447916666668,-419.428,538.3224791666667
1851,1994-08-18,945.9463333333337,561.239,384.7073333333336
1864,2019-02-23,1253.8395,1515.062,261.22249999999985
1864,1991-02-19,766.5429999999999,991.343,224.80000000000007
1864,1982-12-26,671.9857499999999,881.53,209.54425000000003
1869,1983-12-04,2739.9619999999995,3465.58,725.6180000000004
1869,1980-04-12,1847.7135,2463.618,615.9044999999999
1869,1980-04-13,626.4592499999999,14.073,612.3862499999999
1872,1994-06-26,954.2075,-1.614,955.8215
1872,1998-06-11,648.2328333333332,-106.839,755.0718333333332
1872,2017-02-11,277.19716666666665,-432.369,709.5661666666667
1879,1989-10-03,2579.6603333333333,2803.363,223.70266666666657
1879,2016-01-02,1196.1488333333332,982.593,213.55583333333323
1879,2015-12-31,1426.10475,1636.711,210.60625000000005
1883,2016-03-10,1045.1015,1244.269,199.16750000000002
1883,2016-03-11,645.9914583333333,488.55,157.4414583333333
1883,1999-01-30,804.6735833333335,951.614,146.94041666666658
1890,2015-10-09,1938.5916666666667,2037.22,98.62833333333333
1890,2010-02-13,2029.135,2107.86,78.72500000000014
1890,2010-02-16,1541.0420833333333,1464.69,76.35208333333321
190,1996-12-29,83.67849999999999,-283.14,366.8185
190,1997-01-20,56.254133333333336,-283.14,339.39413333333334
190,1997-01-18,55.897333333333336,-113.777,169.67433333333332
191,1996-12-29,62.59908333333333,-283.14,345.7390833333333
191,1997-01-18,88.64808333333333,-96.928,185.57608333333332
191,1997-01-07,270.48699999999997,154.242,116.24499999999998
1910,1990-03-17,6077.761124999999,6937.418,859.6568750000006
1910,2010-02-22,533.1949374999999,-101.516,634.7109374999999
1910,1998-03-08,3240.0485,3792.356,552.3075000000003
1916,2010-03-15,29.030478260869565,32.847,3.8165217391304367
1916,2010-03-14,11.89725,15.291,3.3937500000000007
1916,2010-03-30,11.707625,13.507,1.7993749999999995
193,2002-05-16,5.408965277777778,-851.968,857.3769652777777
193,2002-05-18,5.2766319444444445,-850.523,855.7996319444445
193,2002-05-17,5.342798611111111,-850.042,855.3847986111111
198,1997-01-03,1240.8613333333333,845.908,394.95333333333326
198,1997-01-02,1676.8456666666666,2030.768,353.9223333333334
198,1998-11-03,31.299333333333333,-216.057,247.3563333333333
203,2008-01-29,57.785,-44.967,102.752
203,1998-02-04,230.80066666666664,319.13,88.32933333333335
203,1998-02-05,155.044,73.001,82.043
204,1993-04-25,104.58108333333334,-5.696,110.27708333333334
204,1982-02-23,77.91633333333333,-24.612,102.52833333333332
204,1983-01-23,71.11933333333333,-7.851,78.97033333333333
210,2018-03-23,717.2719583333333,974.608,257.3360416666667
210,2005-12-31,655.7133333333334,903.476,247.76266666666663
210,2017-02-12,853.317,613.738,239.57899999999995
214,2017-02-08,577.889,799.298,221.409
214,2018-03-23,665.8522916666666,885.75,219.8977083333334
214,1997-01-07,376.6559999999999,167.579,209.07699999999988
2158,2005-10-22,66.9125,-7.079,73.99149999999999
2158,2009-08-28,52.16466666666666,-9.514,61.67866666666666
2158,2006-05-17,33.005250000000004,-23.39,56.395250000000004
2188,2011-08-28,155.18066666666667,186.013,30.832333333333338
2188,2011-08-29,42.0455,13.252,28.793499999999995
2188,2008-03-08,81.34854166666666,100.61,19.261458333333337
223,2010-11-09,7.966666666666668,-11.072,19.038666666666668
223,1995-03-17,11.943033333333334,-4.163,16.106033333333336
223,1999-02-11,13.355666666666666,-0.736,14.091666666666667
292,2006-11-07,75.85283333333334,102.419,26.56616666666666
292,1981-09-30,15.140833333333337,-5.583,20.72383333333334
292,1980-07-01,16.550375000000003,-2.235,18.785375000000002
293,1986-02-28,255.6169166666667,352.802,97.18508333333332
293,1985-05-30,39.18725,-43.636,82.82325
293,1996-03-14,243.12225,321.594,78.47174999999999
297,1999-11-14,787.7733333333333,995.902,208.12866666666673
297,1999-05-26,1649.17025,1822.469,173.29875000000015
297,2013-06-21,2300.38625,2472.057,171.67074999999977
300,1986-02-26,541.6117499999999,747.305,205.69325000000003
300,1986-02-27,412.7945833333333,275.055,137.73958333333331
300,1980-05-27,229.8495,293.648,63.79850000000002
307,1986-09-25,3454.6549999999997,4530.695,1076.04
307,1986-09-26,2194.55525,1415.842,778.7132499999998
307,2014-08-24,2399.853,2831.685,431.8319999999999
310,2014-12-01,2736.347,3267.759,531.4119999999998
310,1990-11-26,3554.702666666667,4074.788,520.085333333333
310,2014-11-30,2083.1726666666664,1673.523,409.64966666666646
316,2006-11-08,844.0197499999999,1017.394,173.37425000000007
316,2015-03-16,708.48625,837.894,129.40774999999996
316,1999-11-14,483.2967083333333,584.685,101.38829166666665
317,1994-08-29,8.401499999999999,-17.103,25.5045
317,1994-08-01,20.941875,-0.868,21.809874999999998
317,2007-04-09,15.69617,-0.214,15.91017
319,1981-05-22,332.72975,405.327,72.59724999999997
319,1991-05-19,276.31475,321.02,44.70524999999998
319,1991-05-21,276.74175,237.958,38.783750000000026
320,1999-08-01,13.1016875,-1.221,14.3226875
320,1999-08-02,9.7759375,-1.12,10.895937499999999
320,2018-06-19,31.639249999999997,40.488,8.848750000000003
355,1988-05-09,291.121,225.654,65.46699999999998
355,1988-05-08,423.87325,487.522,63.64875000000001
355,2005-05-12,322.877,378.616,55.738999999999976
361,2018-06-25,10.509125,-40.538,51.047124999999994
361,1985-02-04,18.58088888888889,-8.842,27.42288888888889
361,1985-01-01,5.1802222222222225,-17.963,23.143222222222224
362,1992-03-31,26.000666666666667,36.237,10.236333333333334
362,1992-04-01,13.640458333333337,4.336,9.304458333333336
362,1995-06-06,66.755,72.566,5.811000000000007
364,1988-12-13,24.774979166666668,-2058.923,2083.6979791666663
364,1988-12-21,596.3778749999999,25.016,571.3618749999999
364,1988-12-20,1416.515125,1983.971,567.4558750000001
367,1980-08-02,3.9446666666666665,-10.299,14.243666666666666
367,1980-05-03,26.832791666666665,13.067,13.765791666666665
367,1982-02-16,16.926333333333336,3.399,13.527333333333335
368,1993-07-01,10.93940625,-87.669,98.60840625
368,1993-07-02,12.68528125,-80.173,92.85828125
368,1993-07-03,14.43115625,-74.332,88.76315625
372,1995-03-27,15.487000000000002,-6.682,22.169000000000004
372,1997-01-01,34.62766666666667,44.904,10.276333333333334
372,1986-04-30,3.916875,-4.851,8.767875
373,1981-06-10,388.18774999999994,308.381,79.80674999999997
373,1981-06-09,553.1424999999999,627.608,74.46550000000002
373,1984-05-31,230.82324999999997,283.106,52.28275000000002
374,2010-06-29,26.997375,-8.667,35.664375
374,2007-07-22,25.2815,-1.695,26.9765
374,1987-06-23,16.234,-8.596,24.830000000000002
378,1989-09-21,0.39475,-4.118,4.5127500000000005
378,1981-07-01,0.6276250000000001,-3.484,4.111625
378,1983-06-15,1.416,-1.884,3.3
384,2006-08-02,20.412625,-60.591,81.003625
384,1988-11-28,19.173250000000003,-53.35,72.52325
384,1992-08-19,37.451125000000005,-15.418,52.869125000000004
385,2008-06-06,14.83875,-0.184,15.022749999999998
385,1983-07-13,2.70175,-7.618,10.31975
385,2011-12-02,4.424822916666667,-5.459,9.883822916666666
386,1993-03-18,1065.3635416666666,1318.415,253.05145833333336
386,1986-02-19,1046.520625,1209.527,163.00637499999993
386,1997-01-04,579.8299999999999,450.204,129.62599999999992
390,2006-06-01,7.882,-10.801,18.683
390,1982-05-01,54.413250000000005,63.882,9.468749999999993
390,2006-05-09,29.2005,20.232,8.968500000000002
391,1986-10-02,58.31733333333333,-566.274,624.5913333333333
391,2000-09-25,67.53975,-76.642,144.18175
391,1997-01-02,372.1479166666667,465.427,93.27908333333335
393,2017-06-19,487.95825,535.251,47.292749999999955
393,2016-05-08,233.68,274.356,40.67599999999999
393,2017-06-13,438.4185,400.17,38.24849999999998
398,1983-09-22,23.55625,-60.493,84.04925
398,1980-08-26,26.655125,-39.332,65.987125
398,1980-05-22,36.205625,-14.102,50.307625
399,1985-05-02,14.536375,-7.079,21.615375
399,1981-06-19,12.436875,-8.934,21.370874999999998
399,1991-05-28,12.21825,-8.614,20.832250000000002
41,1980-12-26,740.484,988.256,247.77199999999993
41,1999-11-12,624.1400000000001,853.072,228.9319999999999
41,1995-11-29,865.3143333333334,1071.083,205.76866666666672
413,2015-02-05,43.89602083333333,-62.929,106.82502083333333
413,1986-03-20,474.8059166666667,574.889,100.08308333333332
413,1988-04-07,75.472,-9.076,84.548
415,1985-04-30,161.18624999999997,193.885,32.69875000000002
415,1985-05-01,112.099,84.837,27.262
415,1984-07-12,107.7455,86.423,21.322500000000005
416,1998-09-04,61.359,-13.649,75.008
416,1994-11-01,37.32952083333333,-6.569,43.898520833333336
416,2014-06-06,226.952,268.075,41.12299999999999
419,1998-08-15,29.31393749999999,-11.431,40.74493749999999
419,1998-08-16,21.019187499999997,-11.017,32.0361875
419,1984-06-27,14.7315,-13.036,27.7675
42,1982-05-25,3039.1892500000004,4169.649,1130.45975
42,1982-05-27,1445.8084166666667,324.227,1121.5814166666669
42,1980-12-26,935.398,1245.231,309.83299999999997
420,2017-01-30,20.576020833333335,-22.971,43.547020833333335
420,2017-03-11,12.69003125,-20.073,32.76303125
420,1996-07-05,3.963,-23.348,27.311
421,2009-09-28,10.986875,-83.931,94.917875
421,1993-06-18,248.96874999999997,294.212,45.24325000000002
421,1984-07-13,65.447,22.625,42.822
423,1995-05-06,44.971375,-0.064,45.035375
423,2017-06-20,365.15,383.952,18.80200000000002
423,2018-06-23,196.52475,178.708,17.816750000000013
431,2011-09-10,2.3285,-14.92,17.2485
431,2008-04-29,7.505875,-9.579,17.084875
431,2008-12-09,0.9465555555555556,-13.405,14.351555555555555
437,1999-07-01,7.7038125,-80.703,88.4068125
437,2004-10-02,28.648562499999997,-11.792,40.4405625
437,1992-05-31,38.2285,-0.027,38.2555
438,1983-02-14,3.339270833333334,-25.614,28.953270833333335
438,1984-07-25,5.07875,-18.023,23.10175
438,1983-12-19,15.054646739130437,-5.86,20.914646739130436
442,1997-10-30,0.571,-35.605,36.175999999999995
442,1995-08-30,1.988375,-15.131,17.119375
442,1997-03-18,9.1335625,-3.683,12.8165625
445,1980-08-04,33.555125000000004,-45.999,79.554125
445,1997-05-22,27.495875,-13.42,40.915875
445,1980-05-26,14.194125,-1.542,15.736125
448,1997-06-27,3.44025,-0.923,4.36325
448,2001-05-25,14.8975,19.002,4.104499999999998
448,1997-07-18,3.55225,-0.406,3.95825
449,1997-05-02,42.08825,-10.933,53.02125
449,1996-04-22,21.611,-5.255,26.866
449,2003-07-04,13.3035,-12.997,26.3005
450,1990-09-07,6.438375,-8.775,15.213375
450,2003-06-04,1.139625,-9.456,10.595625
450,2002-11-26,3.05375,-7.195,10.248750000000001
451,2002-04-17,45.993125,-11.145,57.138125
451,2004-04-10,52.20625,-2.318,54.524249999999995
451,2004-05-22,46.695,-5.514,52.209
456,1982-05-28,60.5915,73.619,13.027499999999996
456,1997-10-31,3.446625,-7.37,10.816625
456,1993-12-29,1.8005,-8.894,10.6945
458,2019-06-08,11.5925,8.94,2.6525
458,2016-06-15,5.533,3.798,1.7350000000000003
458,2008-05-20,13.18575,14.884,1.6982499999999998
467,2008-05-04,26.63825,-24.811,51.44925
467,2009-05-31,65.41400000000002,53.752,11.662000000000013
467,2005-05-31,72.58,82.625,10.045000000000002
469,2013-08-18,2.7815,-2.415,5.1965
469,2012-03-31,2.939625,-1.714,4.653625
469,2008-03-12,1.4416250000000002,-1.271,2.712625
470,2019-06-19,87.178,96.698,9.519999999999996
470,2015-10-12,1.4532500000000002,-7.111,8.56425
470,2004-05-06,35.78,44.285,8.504999999999995
471,1996-08-15,7.368374999999999,-17.47,24.838375
471,1999-07-01,17.731375,-0.467,18.198375
471,1999-07-02,17.44654166666667,-0.467,17.913541666666667
473,2014-05-31,6.785375,-1.154,7.939375
473,1998-11-05,1.0558958333333337,-6.753,7.808895833333334
473,2008-04-01,2.7038749999999996,-4.126,6.8298749999999995
477,1996-05-19,37.3225,19.31,18.0125
477,1984-05-20,93.5815,108.627,15.04549999999999
477,2004-05-23,49.52775,63.585,14.057250000000003
488,2014-05-12,7.702625,-12.047,19.749625
488,2008-07-22,7.728875,-11.093,18.821875
488,2008-09-20,7.361374999999999,-6.224,13.585374999999999
492,2000-05-05,23.464,-35.962,59.426
492,1995-06-27,34.989,-22.767,57.756
492,2009-06-25,21.379625,-14.433,35.812625
493,1992-10-02,20.195749999999997,-27.355,47.550749999999994
493,2002-09-27,34.79934375,-3.862,38.66134375
493,1997-04-23,37.430875,-0.295,37.725875
497,2011-05-31,33.463750000000005,41.173,7.709249999999997
497,1984-05-27,30.9995,26.589,4.4105000000000025
497,2011-06-01,28.918750000000003,24.834,4.084750000000003
500,2017-09-10,0.902375,-4.644,5.546375
500,2018-06-18,4.176500000000001,0.824,3.352500000000001
500,2013-09-12,21.02525,24.296,3.2707499999999996
502,2001-08-10,13.432624999999998,-5.833,19.265625
502,2001-08-16,13.092624999999998,-2.095,15.187624999999999
502,2005-06-26,47.2255,40.748,6.477499999999999
505,2013-09-11,32.43675,41.902,9.465249999999997
505,2013-09-13,33.17075,25.963,7.207749999999997
505,2013-09-14,11.733250000000002,6.99,4.7432500000000015
506,2008-04-15,23.2985,-24.098,47.3965
506,1997-01-27,32.85089583333333,-13.891,46.74189583333333
506,2003-06-08,13.963625,-32.55,46.513625
507,2007-01-09,826.0580833333333,982.728,156.6699166666666
507,2005-12-09,69.86444444444444,-85.398,155.26244444444444
507,2018-01-21,60.650145833333326,-92.983,153.63314583333334
508,2005-04-28,2.6615,1.189,1.4725000000000001
508,1996-05-10,4.269,5.692,1.423
508,2001-05-31,1.41575,0.0,1.41575
509,2008-09-26,5.1396250000000006,-0.028,5.167625
509,1995-06-17,91.70425,96.504,4.799750000000003
509,2011-07-18,54.942499999999995,59.61,4.667500000000004
511,1983-06-01,71.4295,63.43,7.999500000000005
511,2015-06-13,103.58275,110.322,6.739249999999998
511,1985-05-01,42.75825,48.988,6.229750000000003
517,1995-06-05,55.06725,68.361,13.293750000000003
517,1995-06-06,35.3685,24.371,10.997499999999999
517,2001-07-31,2.6828749999999997,-2.286,4.968875
518,1998-06-11,11.346625,-13.487,24.833624999999998
518,1999-05-20,14.708,-7.995,22.703
518,1992-05-26,9.6965,-0.191,9.887500000000001
522,1995-07-05,42.8715,36.047,6.8245000000000005
522,1985-07-23,28.3305,34.631,6.3004999999999995
522,1995-07-14,45.434,51.338,5.9040000000000035
524,1982-06-18,27.018583333333332,31.148,4.129416666666668
524,2005-06-23,20.115583333333333,16.622,3.4935833333333335
524,1982-07-07,23.06520833333333,19.737,3.3282083333333325
529,1996-04-14,3.95,-32.678,36.628
529,2002-08-06,2.5482142857142858,-6.173,8.721214285714286
529,1996-05-21,2.254625,-3.936,6.190625
530,2010-04-13,15.561500000000002,19.045,3.4834999999999994
530,1992-08-24,14.833,18.288,3.455
530,2015-07-10,36.4405,33.208,3.2325000000000017
531,1984-06-01,334.2607499999999,24.761,309.4997499999999
531,1984-05-31,957.65125,1262.76,305.10875
531,1985-05-31,218.4125,18.984,199.42849999999999
533,1998-09-02,7.2065,-0.991,8.1975
533,2014-08-30,4.6392500000000005,-2.486,7.125250000000001
533,2014-08-31,3.85025,-2.227,6.077249999999999
536,1985-06-08,47.14225,53.885,6.742750000000001
536,1983-06-20,43.60375,49.785,6.181249999999999
536,1995-06-19,51.68425,46.006,5.6782499999999985
537,2019-06-10,0.5195,-0.493,1.0125
537,2018-02-15,1.939375,1.081,0.8583750000000001
537,2019-06-09,0.6214999999999999,-0.23,0.8514999999999999
541,1987-06-13,195.84975,234.134,38.284249999999986
541,1984-05-22,379.25275,406.986,27.733249999999998
541,1986-04-02,98.15154166666667,122.989,24.83745833333333
542,1983-06-24,175.475,195.868,20.393
542,1991-06-15,143.9675,163.645,19.67750000000001
542,1984-01-01,52.28304166666667,70.908,18.624958333333332
549,1997-06-27,3.44025,-0.923,4.36325
549,2001-05-25,14.8975,19.002,4.104499999999998
549,1997-07-18,3.55225,-0.406,3.95825
55,1990-11-25,146.20600000000002,88.566,57.640000000000015
55,2006-11-06,149.78099999999998,204.915,55.134000000000015
55,1990-11-24,211.80333333333337,261.486,49.68266666666662
567,1987-07-28,50.1795,-50.929,101.10849999999999
567,1986-04-02,109.261,135.021,25.75999999999999
567,2004-06-03,22.91200000000001,2.654,20.25800000000001
57,1990-11-24,173.258,216.651,43.393
57,1990-11-25,130.88033333333334,87.995,42.885333333333335
57,2006-11-06,109.76833333333336,151.27,41.50166666666665
572,1989-08-11,90.82525,-0.139,90.96424999999999
572,1989-08-12,50.62691666666667,-0.193,50.81991666666667
572,1989-08-10,90.78825,120.974,30.18575
574,2017-04-09,7.176375,-4.754,11.930375
574,1997-09-22,32.5875,38.114,5.526499999999999
574,1980-06-23,26.53825,31.916,5.377749999999999
575,1981-09-28,282.4035,-272.818,555.2215
575,1981-09-30,177.5395,-270.451,447.9905
575,1983-09-11,68.95875000000001,-95.353,164.31175000000002
585,2001-10-03,1416.9856250000005,0.085,1416.9006250000004
585,2001-10-02,4149.567291666666,4858.03,708.4627083333335
585,2014-10-26,137.74061458333333,-0.057,137.7976145833333
592,1994-11-06,0.17,-141.499,141.66899999999998
592,2006-10-02,135.34590277777778,-0.396,135.74190277777777
592,2006-11-06,158.253,237.238,78.98500000000001
595,1995-05-14,228.1476875,-543.966,772.1136875
595,1997-01-01,425.10133333333334,-283.14,708.2413333333334
595,1996-12-28,163.91633333333334,-283.14,447.0563333333333
597,1984-06-02,2049.1036249999997,662.275,1386.8286249999996
597,1984-05-21,2029.8396666666663,736.025,1293.8146666666662
597,1984-06-03,2308.9594583333333,2987.006,678.0465416666666
60,2006-11-06,86.56233333333334,122.04,35.477666666666664
60,1995-11-29,121.18266666666666,153.661,32.47833333333334
60,1990-11-24,80.97766666666666,112.146,31.168333333333337
600,2005-01-22,1211.128333333333,1815.588,604.4596666666669
600,2005-01-23,636.9106666666667,47.572,589.3386666666667
600,1997-01-03,883.1163333333334,1186.276,303.1596666666667
601,1985-03-11,254.3865,322.612,68.22550000000001
601,1980-04-25,164.302375,101.802,62.500375000000005
601,1995-03-07,146.81658333333334,90.984,55.832583333333346
605,2011-09-27,1350.9922916666667,1905.721,554.7287083333333
605,2011-09-28,558.7238749999999,4.078,554.6458749999999
605,1997-01-03,357.31100000000004,508.23,150.91899999999998
609,2010-12-19,161.453,222.372,60.91900000000001
609,1997-01-05,155.1003333333333,95.654,59.446333333333314
609,1997-01-03,134.731,185.503,50.77199999999999
612,2011-01-17,350.19399999999996,32.055,318.13899999999995
612,2011-01-16,671.6646666666667,986.472,314.8073333333333
612,2006-05-01,802.8252916666667,1093.85,291.02470833333325
620,2009-08-27,0.4328125,-142.745,143.17781250000002
620,2018-03-20,0.3757708333333334,-142.745,143.12077083333332
620,2009-11-09,0.3464444444444444,-142.745,143.09144444444445
63,1980-12-25,186.85933333333332,240.115,53.255666666666684
63,2015-12-09,176.40300000000002,228.382,51.978999999999985
63,2015-12-10,133.06133333333335,85.401,47.660333333333355
657,2012-01-01,130.44883333333334,176.769,46.320166666666665
657,2012-01-02,67.24933333333334,22.153,45.09633333333334
657,2009-02-28,15.6896875,-21.707,37.3966875
664,2009-09-01,44.835875,-46.929,91.764875
664,2013-09-14,80.39750000000001,44.949,35.44850000000001
664,2013-09-13,156.06650000000002,186.743,30.676499999999976
7308,2012-01-18,266.0097083333333,-824.812,1090.8217083333334
7308,2012-07-28,209.167,-488.946,698.113
7308,1990-03-08,523.1448333333333,-133.174,656.3188333333333
7311,2007-06-30,2350.5183333333334,2751.26,400.7416666666668
7311,1986-10-03,1789.2677083333333,2123.76,334.4922916666669
7311,2007-07-01,1655.7184166666666,1367.418,288.3004166666667
7313,1984-06-01,526.4425,582.448,56.005499999999984
7313,1984-05-16,512.66025,560.554,47.893749999999955
7313,1981-05-23,645.5382500000001,690.913,45.37474999999995
7318,2010-05-04,1628.28925,1239.653,388.63625
7318,1989-02-14,1306.3177500000002,1661.545,355.2272499999999
7318,2004-02-06,2219.5345,2535.543,316.0084999999999
753,1997-03-28,1704.9099166666665,1415.842,289.0679166666664
753,2011-06-13,5097.032458333333,5380.201,283.1685416666669
753,2005-06-29,2123.7635,2406.932,283.16849999999977
758,1986-03-02,35.566,47.261,11.695
758,2000-11-09,11.899749999999996,0.311,11.588749999999996
758,1987-03-28,11.850250000000004,0.311,11.539250000000004
768,2012-02-25,30.8515,41.088,10.2365
768,2005-11-18,30.865500000000004,41.088,10.222499999999997
768,1988-12-22,30.89375,41.088,10.19425
777,1985-03-02,0.3591249999999999,110832.805,110832.44587499999
777,1985-03-03,0.3472916666666666,-110830.823,110831.17029166667
777,1984-12-21,0.028,-14118.955,14118.983
780,2011-09-21,62.798125,-76.041,138.839125
780,2009-05-14,65.77250000000001,-59.166,124.9385
780,2009-05-26,58.65705555555556,-48.442,107.09905555555557
784,2009-03-17,43.41075,-0.241,43.65175
784,2013-10-22,21.438,-1.288,22.726
784,1995-10-01,1.581,-20.986,22.567
789,1996-12-01,27.290750000000006,36.246,8.955249999999996
789,1997-11-02,27.30475,36.246,8.941250000000004
789,2001-02-07,9.408,0.481,8.927
798,2009-03-25,121.05075,-10.628,131.67874999999998
798,1997-03-21,325.5439583333333,427.977,102.43304166666667
798,1982-04-13,186.07258333333337,240.917,54.84441666666663
836,2006-11-11,425.83875,-517.49,943.32875
836,2005-06-07,299.3739895833333,-172.081,471.45498958333326
836,2005-06-05,366.7394895833333,-1.812,368.5514895833333
837,2009-04-12,372.87125,461.629,88.75775000000004
837,1997-03-21,252.420125,315.673,63.25287499999999
837,2009-03-18,231.3275,282.59,51.26249999999999
854,2010-01-02,4.842124999999999,-99.958,104.800125
854,2009-01-15,9.7375,-56.011,65.7485
854,2009-01-20,34.334,-28.062,62.396
868,2010-04-22,40.39375,-8.78,49.17375
868,2012-04-06,23.249,-21.714,44.962999999999994
868,2015-07-14,5.404678571428572,-37.896,43.30067857142857
870,1987-03-22,5040.398999999999,5776.637,736.2380000000003
870,1987-03-25,2782.12975,2321.981,460.14874999999984
870,1987-03-20,2067.13025,2491.883,424.75274999999965
872,1996-03-13,111.256125,146.733,35.47687500000001
872,2014-07-22,8.862,-22.771,31.633000000000003
872,2015-07-14,15.14425,-15.74,30.88425
882,1998-06-19,25.10825,28.57,3.4617499999999986
882,2008-07-07,13.41375,16.526,3.1122499999999995
882,1995-05-08,11.227,13.861,2.6340000000000003
884,1980-03-29,460.149,254.852,205.297
884,2010-09-07,591.1143333333332,396.436,194.67833333333323
884,1980-08-17,415.3139583333334,226.535,188.7789583333334
885,2009-04-01,0.44375,-1.674,2.11775
885,1980-01-10,0.7199166666666668,-1.0,1.7199166666666668
885,1982-04-02,0.6435833333333334,-0.748,1.3915833333333334
893,2015-06-08,250.22499999999997,165.914,84.31099999999998
893,2015-06-07,435.766,503.158,67.392
893,1991-06-02,251.16425,311.485,60.320750000000004
895,2019-03-14,3002.7657916666667,3539.606,536.8402083333335
895,2019-03-16,1662.4348333333332,1444.159,218.27583333333314
895,2019-03-15,2710.158625,2491.883,218.27562500000022
898,2000-06-22,101.569125,-302.735,404.304125
898,1991-05-16,231.8655,285.094,53.2285
898,1984-05-21,251.715,294.183,42.46799999999999
919,1987-08-26,83.03304166666666,104.772,21.738958333333343
919,1987-08-27,44.15566666666666,28.204,15.95166666666666
919,2019-03-14,81.42008333333334,97.183,15.76291666666667
920,1996-03-02,44.92425,58.757,13.832749999999997
920,2000-05-20,45.366958333333336,56.978,11.611041666666665
920,1996-03-01,14.073249999999998,3.426,10.647249999999998
929,1983-04-04,167.69174999999996,51.253,116.43874999999996
929,1983-04-03,400.711,517.008,116.29700000000003
929,1989-03-26,81.0215,23.22,57.801500000000004
931,2014-11-30,1.9044999999999996,0.0,1.9044999999999996
931,2012-06-01,1.7397916666666666,-0.002,1.7417916666666666
931,2017-01-03,1.628,0.0,1.628
936,1998-01-12,109.40297916666668,-168.393,277.7959791666667
936,2007-11-01,71.521875,-90.527,162.048875
936,2001-02-08,56.74527083333332,-86.729,143.47427083333332
938,1980-07-24,150.76360416666665,-246.132,396.89560416666666
938,2007-11-01,85.33045833333334,-211.748,297.07845833333334
938,2007-11-20,76.858375,-201.397,278.25537499999996
939,2007-11-01,70.29385416666668,-178.127,248.4208541666667
939,2007-11-20,65.261875,-173.245,238.506875
939,2007-09-05,174.8005,-0.658,175.4585
948,2001-02-08,758.3967500000001,-1188.62,1947.01675
948,1996-02-21,8.31625,-1122.226,1130.5422500000002
948,2004-02-10,0.0,-661.251,661.251
952,2004-01-28,0.5503750000000001,-442.906,443.456375
952,2007-11-01,132.2757777777778,-222.504,354.7797777777778
952,2007-11-20,76.68599999999999,-204.472,281.158
953,1982-11-15,30.70075,-49.215,79.91575
953,2004-02-10,0.142625,-61.957,62.099625
953,2004-01-30,0.078625,-61.43,61.508625
956,2012-08-06,28284.488125,-3.564,28288.052125
956,2012-08-27,28285.465138888885,-2.219,28287.684138888886
956,2012-06-20,28281.798302083334,-5.808,28287.606302083335
957,1983-07-26,14.229000000000005,5.38,8.849000000000004
957,2015-06-13,26.929249999999996,34.858,7.928750000000001
957,1983-07-24,22.29925,29.166,6.86675
958,2000-09-25,107.2825,-142.726,250.0085
958,2005-12-11,0.142,-173.73,173.87199999999999
958,2001-04-30,57.857,-75.181,133.038
969,1990-05-16,121.49679166666668,150.787,29.290208333333325
969,1990-05-17,54.84016666666667,29.591,25.249166666666667
969,1998-10-05,46.69933333333333,58.616,11.916666666666671
974,1990-05-16,183.18620833333333,229.791,46.60479166666667
974,1990-05-17,54.934791666666655,8.92,46.01479166666665
974,2007-05-07,95.50995833333332,120.346,24.836041666666688
976,2005-12-11,0.0,-678.428,678.428
976,2005-06-25,1.2833819444444443,-270.723,272.00638194444446
976,2004-01-30,0.40325,-221.898,222.30125
982,1998-11-02,644.915,787.49,142.57500000000005
982,2007-05-09,164.2372916666667,50.97,113.2672916666667
982,1998-11-03,474.23525,369.817,104.41825
987,1994-07-06,24.6,-57.363,81.963
987,1995-06-16,248.401,289.211,40.81
987,1999-04-30,187.533,227.512,39.97900000000001
989,1986-10-02,9223.961916666667,10683.929,1459.967083333333
989,1994-04-11,6952.718500000001,8302.486,1349.7675
989,1995-05-17,5679.700958333333,6830.012,1150.3110416666668
993,1994-04-11,4605.3737083333335,5470.806,865.4322916666661
993,1995-05-17,3320.2625,3961.52,641.2575000000002
993,1994-04-12,3276.1357916666666,2698.591,577.5447916666667
