ID,model,predicted_new,predicted_old,absolute_prediction_difference
1017,mean,0.316469790499904,0.316469790499904,0.0
1026,mean,0.316469790499904,0.316469790499904,0.0
1033,mean,0.316469790499904,0.316469790499904,0.0
1036,mean,0.316469790499904,0.316469790499904,0.0
1042,mean,0.316469790499904,0.316469790499904,0.0
1067,mean,0.316469790499904,0.316469790499904,0.0
1092,mean,0.316469790499904,0.316469790499904,0.0
1101,mean,0.316469790499904,0.316469790499904,0.0
1112,mean,0.316469790499904,0.316469790499904,0.0
1121,mean,0.316469790499904,0.316469790499904,0.0
1122,mean,0.316469790499904,0.316469790499904,0.0
1125,mean,0.316469790499904,0.316469790499904,0.0
1127,mean,0.316469790499904,0.316469790499904,0.0
1192,mean,0.316469790499904,0.316469790499904,0.0
1586,mean,0.316469790499904,0.316469790499904,0.0
1587,mean,0.316469790499904,0.316469790499904,0.0
1592,mean,0.316469790499904,0.316469790499904,0.0
1595,mean,0.316469790499904,0.316469790499904,0.0
1600,mean,0.316469790499904,0.316469790499904,0.0
1617,mean,0.316469790499904,0.316469790499904,0.0
1619,mean,0.316469790499904,0.316469790499904,0.0
1620,mean,0.316469790499904,0.316469790499904,0.0
1631,mean,0.316469790499904,0.316469790499904,0.0
1634,mean,0.316469790499904,0.316469790499904,0.0
1636,mean,0.316469790499904,0.316469790499904,0.0
1645,mean,0.316469790499904,0.316469790499904,0.0
1650,mean,0.316469790499904,0.316469790499904,0.0
1654,mean,0.316469790499904,0.316469790499904,0.0
1655,mean,0.316469790499904,0.316469790499904,0.0
1656,mean,0.316469790499904,0.316469790499904,0.0
1683,mean,0.316469790499904,0.316469790499904,0.0
1691,mean,0.316469790499904,0.316469790499904,0.0
1699,mean,0.316469790499904,0.316469790499904,0.0
1703,mean,0.316469790499904,0.316469790499904,0.0
1706,mean,0.316469790499904,0.316469790499904,0.0
1707,mean,0.316469790499904,0.316469790499904,0.0
1709,mean,0.316469790499904,0.316469790499904,0.0
1712,mean,0.316469790499904,0.316469790499904,0.0
1713,mean,0.316469790499904,0.316469790499904,0.0
1714,mean,0.316469790499904,0.316469790499904,0.0
1718,mean,0.316469790499904,0.316469790499904,0.0
1723,mean,0.316469790499904,0.316469790499904,0.0
1726,mean,0.316469790499904,0.316469790499904,0.0
1735,mean,0.316469790499904,0.316469790499904,0.0
1739,mean,0.316469790499904,0.316469790499904,0.0
1740,mean,0.316469790499904,0.316469790499904,0.0
1741,mean,0.316469790499904,0.316469790499904,0.0
1742,mean,0.316469790499904,0.316469790499904,0.0
1744,mean,0.316469790499904,0.316469790499904,0.0
1752,mean,0.316469790499904,0.316469790499904,0.0
1753,mean,0.316469790499904,0.316469790499904,0.0
1754,mean,0.316469790499904,0.316469790499904,0.0
1755,mean,0.316469790499904,0.316469790499904,0.0
1756,mean,0.316469790499904,0.316469790499904,0.0
1762,mean,0.316469790499904,0.316469790499904,0.0
1768,mean,0.316469790499904,0.316469790499904,0.0
1775,mean,0.316469790499904,0.316469790499904,0.0
1777,mean,0.316469790499904,0.316469790499904,0.0
1848,mean,0.316469790499904,0.316469790499904,0.0
1864,mean,0.316469790499904,0.316469790499904,0.0
1869,mean,0.316469790499904,0.316469790499904,0.0
300,mean,0.316469790499904,0.316469790499904,0.0
307,mean,0.316469790499904,0.316469790499904,0.0
319,mean,0.316469790499904,0.316469790499904,0.0
355,mean,0.316469790499904,0.316469790499904,0.0
362,mean,0.316469790499904,0.316469790499904,0.0
364,mean,0.316469790499904,0.316469790499904,0.0
368,mean,0.316469790499904,0.316469790499904,0.0
373,mean,0.316469790499904,0.316469790499904,0.0
393,mean,0.316469790499904,0.316469790499904,0.0
398,mean,0.316469790499904,0.316469790499904,0.0
399,mean,0.316469790499904,0.316469790499904,0.0
415,mean,0.316469790499904,0.316469790499904,0.0
416,mean,0.316469790499904,0.316469790499904,0.0
421,mean,0.316469790499904,0.316469790499904,0.0
500,mean,0.316469790499904,0.316469790499904,0.0
505,mean,0.316469790499904,0.316469790499904,0.0
511,mean,0.316469790499904,0.316469790499904,0.0
522,mean,0.316469790499904,0.316469790499904,0.0
529,mean,0.316469790499904,0.316469790499904,0.0
530,mean,0.316469790499904,0.316469790499904,0.0
533,mean,0.316469790499904,0.316469790499904,0.0
7313,mean,0.316469790499904,0.316469790499904,0.0
7318,mean,0.316469790499904,0.316469790499904,0.0
753,mean,0.316469790499904,0.316469790499904,0.0
777,mean,0.316469790499904,0.316469790499904,0.0
780,mean,0.316469790499904,0.316469790499904,0.0
784,mean,0.316469790499904,0.316469790499904,0.0
798,mean,0.316469790499904,0.316469790499904,0.0
837,mean,0.316469790499904,0.316469790499904,0.0
868,mean,0.316469790499904,0.316469790499904,0.0
870,mean,0.316469790499904,0.316469790499904,0.0
882,mean,0.316469790499904,0.316469790499904,0.0
884,mean,0.316469790499904,0.316469790499904,0.0
885,mean,0.316469790499904,0.316469790499904,0.0
893,mean,0.316469790499904,0.316469790499904,0.0
895,mean,0.316469790499904,0.316469790499904,0.0
898,mean,0.316469790499904,0.316469790499904,0.0
920,mean,0.316469790499904,0.316469790499904,0.0
931,mean,0.316469790499904,0.316469790499904,0.0
938,mean,0.316469790499904,0.316469790499904,0.0
939,mean,0.316469790499904,0.316469790499904,0.0
948,mean,0.316469790499904,0.316469790499904,0.0
952,mean,0.316469790499904,0.316469790499904,0.0
956,mean,0.316469790499904,0.316469790499904,0.0
419,mean,0.2728839735711935,0.2728839735711935,0.0
423,mean,0.2728839735711935,0.2728839735711935,0.0
445,mean,0.2728839735711935,0.2728839735711935,0.0
448,mean,0.2728839735711935,0.2728839735711935,0.0
451,mean,0.2728839735711935,0.2728839735711935,0.0
469,mean,0.2728839735711935,0.2728839735711935,0.0
470,mean,0.2728839735711935,0.2728839735711935,0.0
471,mean,0.2728839735711935,0.2728839735711935,0.0
473,mean,0.2728839735711935,0.2728839735711935,0.0
488,mean,0.2728839735711935,0.2728839735711935,0.0
492,mean,0.2728839735711935,0.2728839735711935,0.0
493,mean,0.2728839735711935,0.2728839735711935,0.0
497,mean,0.2728839735711935,0.2728839735711935,0.0
502,mean,0.2728839735711935,0.2728839735711935,0.0
506,mean,0.2728839735711935,0.2728839735711935,0.0
509,mean,0.2728839735711935,0.2728839735711935,0.0
517,mean,0.2728839735711935,0.2728839735711935,0.0
518,mean,0.2728839735711935,0.2728839735711935,0.0
531,mean,0.2728839735711935,0.2728839735711935,0.0
536,mean,0.2728839735711935,0.2728839735711935,0.0
541,mean,0.2728839735711935,0.2728839735711935,0.0
542,mean,0.2728839735711935,0.2728839735711935,0.0
549,mean,0.2728839735711935,0.2728839735711935,0.0
567,mean,0.2728839735711935,0.2728839735711935,0.0
572,mean,0.2728839735711935,0.2728839735711935,0.0
574,mean,0.2728839735711935,0.2728839735711935,0.0
575,mean,0.2728839735711935,0.2728839735711935,0.0
597,mean,0.2728839735711935,0.2728839735711935,0.0
601,mean,0.2728839735711935,0.2728839735711935,0.0
1249,mean,0.2817222883067987,0.2817222883067987,0.0
132,mean,0.2817222883067987,0.2817222883067987,0.0
133,mean,0.2817222883067987,0.2817222883067987,0.0
144,mean,0.2817222883067987,0.2817222883067987,0.0
148,mean,0.2817222883067987,0.2817222883067987,0.0
168,mean,0.2817222883067987,0.2817222883067987,0.0
1776,mean,0.2817222883067987,0.2817222883067987,0.0
182,mean,0.2817222883067987,0.2817222883067987,0.0
185,mean,0.2817222883067987,0.2817222883067987,0.0
191,mean,0.2817222883067987,0.2817222883067987,0.0
193,mean,0.2817222883067987,0.2817222883067987,0.0
198,mean,0.2817222883067987,0.2817222883067987,0.0
204,mean,0.2817222883067987,0.2817222883067987,0.0
524,mean,0.2817222883067987,0.2817222883067987,0.0
585,mean,0.2817222883067987,0.2817222883067987,0.0
592,mean,0.2817222883067987,0.2817222883067987,0.0
595,mean,0.2817222883067987,0.2817222883067987,0.0
600,mean,0.2817222883067987,0.2817222883067987,0.0
605,mean,0.2817222883067987,0.2817222883067987,0.0
609,mean,0.2817222883067987,0.2817222883067987,0.0
612,mean,0.2817222883067987,0.2817222883067987,0.0
1086,mean,0.2765189095755581,0.2765189095755581,0.0
131,mean,0.2765189095755581,0.2765189095755581,0.0
1761,mean,0.2765189095755581,0.2765189095755581,0.0
1879,mean,0.2765189095755581,0.2765189095755581,0.0
310,mean,0.2765189095755581,0.2765189095755581,0.0
316,mean,0.2765189095755581,0.2765189095755581,0.0
361,mean,0.2765189095755581,0.2765189095755581,0.0
367,mean,0.2765189095755581,0.2765189095755581,0.0
372,mean,0.2765189095755581,0.2765189095755581,0.0
378,mean,0.2765189095755581,0.2765189095755581,0.0
384,mean,0.2765189095755581,0.2765189095755581,0.0
386,mean,0.2765189095755581,0.2765189095755581,0.0
390,mean,0.2765189095755581,0.2765189095755581,0.0
391,mean,0.2765189095755581,0.2765189095755581,0.0
41,mean,0.2765189095755581,0.2765189095755581,0.0
413,mean,0.2765189095755581,0.2765189095755581,0.0
42,mean,0.2765189095755581,0.2765189095755581,0.0
55,mean,0.2765189095755581,0.2765189095755581,0.0
57,mean,0.2765189095755581,0.2765189095755581,0.0
60,mean,0.2765189095755581,0.2765189095755581,0.0
63,mean,0.2765189095755581,0.2765189095755581,0.0
114,mean,0.2774038901098741,0.2774038901098741,0.0
1151,mean,0.2774038901098741,0.2774038901098741,0.0
1237,mean,0.2774038901098741,0.2774038901098741,0.0
169,mean,0.2774038901098741,0.2774038901098741,0.0
1782,mean,0.2774038901098741,0.2774038901098741,0.0
1796,mean,0.2774038901098741,0.2774038901098741,0.0
180,mean,0.2774038901098741,0.2774038901098741,0.0
1851,mean,0.2774038901098741,0.2774038901098741,0.0
1872,mean,0.2774038901098741,0.2774038901098741,0.0
1883,mean,0.2774038901098741,0.2774038901098741,0.0
223,mean,0.2774038901098741,0.2774038901098741,0.0
292,mean,0.2774038901098741,0.2774038901098741,0.0
431,mean,0.2774038901098741,0.2774038901098741,0.0
438,mean,0.2774038901098741,0.2774038901098741,0.0
442,mean,0.2774038901098741,0.2774038901098741,0.0
449,mean,0.2774038901098741,0.2774038901098741,0.0
450,mean,0.2774038901098741,0.2774038901098741,0.0
456,mean,0.2774038901098741,0.2774038901098741,0.0
467,mean,0.2774038901098741,0.2774038901098741,0.0
477,mean,0.2774038901098741,0.2774038901098741,0.0
7308,mean,0.2774038901098741,0.2774038901098741,0.0
1017,persistence,0.3063632691613325,0.3063632691613325,0.0
1026,persistence,0.2570394068809823,0.2570394068809823,0.0
1033,persistence,0.3247300730084949,0.3247300730084949,0.0
1036,persistence,0.1993848612521307,0.1993848612521307,0.0
1042,persistence,0.3547932848921897,0.3547932848921898,1.1102230246251565e-16
1067,persistence,0.5325281058862181,0.5325281058862181,0.0
1092,persistence,0.4770320849549008,0.4770320849549008,0.0
1101,persistence,0.4553180733008327,0.4553180733008327,0.0
1112,persistence,0.3423355702806719,0.3423355702806719,0.0
1121,persistence,0.2289161748185658,0.2289161748185658,0.0
1122,persistence,0.4134959440304958,0.4134959440304958,0.0
1125,persistence,0.2289161748185658,0.2289161748185658,0.0
1127,persistence,0.449194919462514,0.4491949194625139,1.1102230246251565e-16
1192,persistence,0.1118478499253477,0.1118478499253477,0.0
1586,persistence,0.1312055163674776,0.1312055163674776,0.0
1587,persistence,0.2604499708928485,0.2604499708928485,0.0
1592,persistence,0.2053320404390684,0.2053320404390684,0.0
1595,persistence,0.0344168166620038,0.0344168166620038,0.0
1600,persistence,0.1296322465659805,0.1296322465659805,0.0
1617,persistence,0.3014217633642058,0.3014217633642058,0.0
1619,persistence,0.2243709864026119,0.2243709864026118,1.1102230246251565e-16
1620,persistence,0.2867891046920065,0.2867891046920065,0.0
1631,persistence,0.1823700448782095,0.1823700448782095,0.0
1634,persistence,0.1334271125463301,0.1334271125463301,0.0
1636,persistence,0.4339507826290103,0.4339507826290104,5.551115123125783e-17
1645,persistence,0.4050064601627717,0.4050064601627718,1.1102230246251565e-16
1650,persistence,0.2403622698406082,0.2403622698406082,0.0
1654,persistence,0.4150193065416226,0.4150193065416226,0.0
1655,persistence,0.2431128891410848,0.2431128891410847,1.1102230246251565e-16
1656,persistence,0.1324623247313574,0.1324623247313574,0.0
1683,persistence,0.3168403195477491,0.3168403195477491,0.0
1691,persistence,0.1411589423780079,0.1411589423780078,1.1102230246251565e-16
1699,persistence,0.0826995106355747,0.0826995106355747,0.0
1703,persistence,0.5453170994179828,0.5453170994179828,0.0
1706,persistence,0.1263820860259669,0.1263820860259669,0.0
1707,persistence,0.2433361441672575,0.2433361441672575,0.0
1709,persistence,0.059101408016303,0.059101408016303,0.0
1712,persistence,0.1147606502352691,0.1147606502352691,0.0
1713,persistence,0.24864642535655,0.24864642535655,0.0
1714,persistence,0.3481205054128808,0.3481205054128808,0.0
1718,persistence,0.4286073075539841,0.4286073075539841,0.0
1723,persistence,0.1701228990543999,0.1701228990543999,0.0
1726,persistence,0.1100331933153662,0.1100331933153662,0.0
1735,persistence,0.0681806665333775,0.0681806665333775,0.0
1739,persistence,0.2778201615933636,0.2778201615933636,0.0
1740,persistence,0.1319573906882313,0.1319573906882313,0.0
1741,persistence,0.2731331402455893,0.2731331402455892,1.1102230246251565e-16
1742,persistence,0.0714487556247962,0.0714487556247962,0.0
1744,persistence,0.1851406018086097,0.1851406018086097,0.0
1752,persistence,0.0354598056418938,0.0354598056418938,0.0
1753,persistence,0.1156231835391903,0.1156231835391903,0.0
1754,persistence,0.1805723168800919,0.1805723168800919,0.0
1755,persistence,0.4465506210077354,0.4465506210077353,1.1102230246251565e-16
1756,persistence,0.419797249927433,0.419797249927433,0.0
1762,persistence,0.4121540653842189,0.412154065384219,1.1102230246251565e-16
1768,persistence,0.0156198566137,0.0156198566137,0.0
1775,persistence,0.3075368103047898,0.3075368103047898,0.0
1777,persistence,0.2886660346592506,0.2886660346592506,0.0
1848,persistence,0.4965865816445569,0.4965865816445569,0.0
1864,persistence,0.5031150877157544,0.5031150877157544,0.0
1869,persistence,0.6560245547725599,0.6560245547725598,1.1102230246251565e-16
300,persistence,0.5772129020618625,0.5772129020618625,0.0
307,persistence,0.1519989650409947,0.1519989650409947,0.0
319,persistence,0.2544675264363524,0.2544675264363524,0.0
355,persistence,0.1516369310882742,0.1516369310882742,0.0
362,persistence,0.6834958479568398,0.6834958479568397,1.1102230246251565e-16
364,persistence,0.1383190194230687,0.1383190194230687,0.0
368,persistence,0.379082216342184,0.379082216342184,0.0
373,persistence,0.4735180279084399,0.4735180279084399,0.0
393,persistence,0.2314521309874739,0.231452130987474,1.1102230246251565e-16
398,persistence,0.2256658031207516,0.2256658031207516,0.0
399,persistence,0.17167226445145,0.1716722644514499,1.1102230246251565e-16
415,persistence,0.0750463971974288,0.0750463971974288,0.0
416,persistence,0.1542414064691299,0.1542414064691299,0.0
421,persistence,0.4033623249586614,0.4033623249586614,0.0
500,persistence,0.3883913567909292,0.3883913567909293,1.1102230246251565e-16
505,persistence,0.2088538510923839,0.2088538510923839,0.0
511,persistence,0.1180013290055557,0.1180013290055557,0.0
522,persistence,0.1169125442810004,0.1169125442810004,0.0
529,persistence,0.2302628819214546,0.2302628819214545,1.1102230246251565e-16
530,persistence,0.2226738725900746,0.2226738725900746,0.0
533,persistence,0.0713632421776792,0.0713632421776792,0.0
7313,persistence,0.2052085272596382,0.2052085272596382,0.0
7318,persistence,0.0099909413991786,0.0099909413991786,0.0
753,persistence,0.2411793974574633,0.2411793974574632,1.1102230246251565e-16
777,persistence,0.2140993852279181,0.2140993852279181,0.0
780,persistence,0.4442817632653582,0.4442817632653581,5.551115123125783e-17
784,persistence,0.3129427696607423,0.3129427696607422,1.1102230246251565e-16
798,persistence,0.3916034615304203,0.3916034615304203,0.0
837,persistence,0.5838143499999546,0.5838143499999547,1.1102230246251565e-16
868,persistence,0.8731623129809849,0.8731623129809849,0.0
870,persistence,0.1928439733415778,0.1928439733415778,0.0
882,persistence,0.1199354700610599,0.1199354700610599,0.0
884,persistence,0.0597863332871911,0.0597863332871911,0.0
885,persistence,0.1590744547316412,0.1590744547316412,0.0
893,persistence,0.6684285946386119,0.6684285946386119,0.0
895,persistence,0.0169548268229743,0.0169548268229743,0.0
898,persistence,0.7808173582640034,0.7808173582640034,0.0
920,persistence,0.0464111475993573,0.0464111475993573,0.0
931,persistence,0.9465393297640908,0.9465393297640908,0.0
938,persistence,0.8634668302365714,0.8634668302365714,0.0
939,persistence,1.0472790728315735,1.0472790728315735,0.0
948,persistence,0.920617734924412,0.920617734924412,0.0
952,persistence,0.8211088482287083,0.8211088482287082,1.1102230246251565e-16
956,persistence,0.9696378515559538,0.9696378515559536,2.220446049250313e-16
419,persistence,0.5123694735582704,0.5123694735582704,0.0
423,persistence,0.3281289426471836,0.3281289426471837,5.551115123125783e-17
445,persistence,0.2565192805368019,0.2565192805368019,0.0
448,persistence,0.2317178905334348,0.2317178905334348,0.0
451,persistence,0.129798748775941,0.129798748775941,0.0
469,persistence,0.4514458862548698,0.4514458862548698,0.0
470,persistence,0.2951550807046913,0.2951550807046912,1.1102230246251565e-16
471,persistence,0.552258455356849,0.552258455356849,0.0
473,persistence,0.6419219353079901,0.6419219353079901,0.0
488,persistence,0.3940022152372216,0.3940022152372215,1.1102230246251565e-16
492,persistence,0.4454325172037523,0.4454325172037523,0.0
493,persistence,0.4983734540480982,0.4983734540480981,1.1102230246251565e-16
497,persistence,0.3445191078284952,0.3445191078284952,0.0
502,persistence,0.2273471959844123,0.2273471959844123,0.0
506,persistence,0.4531972413705782,0.4531972413705783,1.1102230246251565e-16
509,persistence,0.2271385713786674,0.2271385713786674,0.0
517,persistence,0.3768690160204692,0.3768690160204691,5.551115123125783e-17
518,persistence,0.5176159493796735,0.5176159493796735,0.0
531,persistence,0.2486894707415422,0.2486894707415422,0.0
536,persistence,0.2441716783844615,0.2441716783844615,0.0
541,persistence,0.3680095508242642,0.3680095508242642,0.0
542,persistence,0.0431119336673547,0.0431119336673547,0.0
549,persistence,0.1265932506455483,0.1265932506455483,0.0
567,persistence,0.5645647910752323,0.5645647910752323,0.0
572,persistence,0.3397319438274165,0.3397319438274164,1.1102230246251565e-16
574,persistence,0.4512779774649619,0.4512779774649618,1.1102230246251565e-16
575,persistence,0.4519429074049217,0.4519429074049216,1.1102230246251565e-16
597,persistence,0.4783413138687872,0.4783413138687871,1.1102230246251565e-16
601,persistence,0.3470926370857538,0.3470926370857538,0.0
1249,persistence,0.8239127479792422,0.8239127479792422,0.0
132,persistence,0.1513798008264652,0.1513798008264652,0.0
133,persistence,0.0393393163092264,0.0393393163092264,0.0
144,persistence,1.934865963520902,1.934865963520902,0.0
148,persistence,0.172133696353775,0.172133696353775,0.0
168,persistence,0.0473233359031935,0.0473233359031935,0.0
1776,persistence,0.0378248716198796,0.0378248716198796,0.0
182,persistence,0.1878565862932835,0.1878565862932835,0.0
185,persistence,0.5889894278477281,0.5889894278477279,2.220446049250313e-16
191,persistence,0.3085108444008708,0.3085108444008708,0.0
193,persistence,0.5575534844502066,0.5575534844502066,0.0
198,persistence,0.3601316197490651,0.3601316197490651,0.0
204,persistence,0.3639947327359355,0.3639947327359355,0.0
524,persistence,0.6078183713614831,0.6078183713614832,1.1102230246251565e-16
585,persistence,0.3180967080847229,0.3180967080847229,0.0
592,persistence,0.5038349664652603,0.5038349664652603,0.0
595,persistence,0.1992841916893307,0.1992841916893307,0.0
600,persistence,0.2914841171161893,0.2914841171161893,0.0
605,persistence,0.2780292342899207,0.2780292342899207,0.0
609,persistence,0.3371005389510386,0.3371005389510387,1.1102230246251565e-16
612,persistence,0.1516502613470948,0.1516502613470948,0.0
1086,persistence,0.886849700889463,0.886849700889463,0.0
131,persistence,0.2856074661052528,0.2856074661052528,0.0
1761,persistence,0.1990868414498117,0.1990868414498117,0.0
1879,persistence,0.5690889313730689,0.5690889313730688,1.1102230246251565e-16
310,persistence,0.0587174086689135,0.0587174086689135,0.0
316,persistence,0.2392969039661541,0.2392969039661541,0.0
361,persistence,0.1131674530361099,0.1131674530361099,0.0
367,persistence,0.3459403401148665,0.3459403401148665,0.0
372,persistence,0.3273465216358815,0.3273465216358815,0.0
378,persistence,0.7762356282647203,0.7762356282647203,0.0
384,persistence,0.2881686443886527,0.2881686443886527,0.0
386,persistence,0.5397176969141498,0.53971769691415,1.1102230246251565e-16
390,persistence,0.368840963562169,0.3688409635621689,1.1102230246251565e-16
391,persistence,0.1418314882374069,0.1418314882374069,0.0
41,persistence,0.2799836461082167,0.2799836461082167,0.0
413,persistence,0.0259910794039343,0.0259910794039343,0.0
42,persistence,0.3379496880808614,0.3379496880808614,0.0
55,persistence,0.2907503018645895,0.2907503018645895,0.0
57,persistence,0.3920447207419912,0.3920447207419912,0.0
60,persistence,0.2651339195738726,0.2651339195738726,0.0
63,persistence,0.3599866442466242,0.3599866442466242,0.0
114,persistence,0.4277469923249714,0.4277469923249715,1.1102230246251565e-16
1151,persistence,0.3612760024727691,0.3612760024727691,0.0
1237,persistence,0.5113976516533948,0.5113976516533948,0.0
169,persistence,0.6344242896002354,0.6344242896002354,0.0
1782,persistence,0.3054690069477672,0.3054690069477672,0.0
1796,persistence,0.1556509886739072,0.1556509886739071,1.1102230246251565e-16
180,persistence,0.4832904433748937,0.4832904433748937,0.0
1851,persistence,0.1502936179035389,0.1502936179035389,0.0
1872,persistence,0.2263076301159665,0.2263076301159664,8.326672684688674e-17
1883,persistence,0.2175020179583472,0.2175020179583472,0.0
223,persistence,0.2581780795602523,0.2581780795602524,1.1102230246251565e-16
292,persistence,0.4192605790690127,0.4192605790690127,0.0
431,persistence,0.1502796653715764,0.1502796653715764,0.0
438,persistence,0.2830200315693761,0.2830200315693761,0.0
442,persistence,0.2964911515481112,0.2964911515481112,0.0
449,persistence,0.5108964331804531,0.5108964331804531,0.0
450,persistence,0.3468154854913096,0.3468154854913096,0.0
456,persistence,0.2208278974905376,0.2208278974905376,0.0
467,persistence,0.4468360595360856,0.4468360595360855,5.551115123125783e-17
477,persistence,0.3127136822483656,0.3127136822483656,0.0
7308,persistence,0.1206408950731354,0.1206408950731354,0.0
1017,ridge,0.3140342639061131,0.3140342639061126,4.996003610813204e-16
1026,ridge,0.2826764292080235,0.282676429208023,4.996003610813204e-16
1033,ridge,0.323437409982508,0.323437409982507,9.992007221626409e-16
1036,ridge,0.2497798646759056,0.2497798646759054,1.942890293094024e-16
1042,ridge,0.3397987659751794,0.3397987659751786,7.771561172376096e-16
1067,ridge,0.4469640853672507,0.4469640853672493,1.3877787807814457e-15
1092,ridge,0.4101394029695778,0.4101394029695766,1.1657341758564144e-15
1101,ridge,0.3846047841217939,0.3846047841217935,3.885780586188048e-16
1112,ridge,0.3287375480555872,0.3287375480555864,7.771561172376096e-16
1121,ridge,0.2570649710736188,0.2570649710736185,3.3306690738754696e-16
1122,ridge,0.3705775501841807,0.37057755018418,7.216449660063518e-16
1125,ridge,0.2570649710736188,0.2570649710736185,3.3306690738754696e-16
1127,ridge,0.3933049541673267,0.3933049541673257,9.992007221626409e-16
1192,ridge,0.1910168168754565,0.1910168168754573,8.049116928532385e-16
1586,ridge,0.2145518330177699,0.2145518330177697,1.942890293094024e-16
1587,ridge,0.2825884202140112,0.2825884202140111,1.1102230246251565e-16
1592,ridge,0.2539264379865366,0.2539264379865364,1.6653345369377348e-16
1595,ridge,0.1599579073327333,0.1599579073327336,3.0531133177191805e-16
1600,ridge,0.2142212377980848,0.2142212377980848,0.0
1617,ridge,0.3049509558967853,0.3049509558967851,1.6653345369377348e-16
1619,ridge,0.2599205265204169,0.2599205265204166,3.3306690738754696e-16
1620,ridge,0.2878846724086346,0.2878846724086344,1.6653345369377348e-16
1631,ridge,0.2427011906029932,0.2427011906029932,0.0
1634,ridge,0.2108114441458862,0.2108114441458865,3.0531133177191805e-16
1636,ridge,0.3720804680079563,0.3720804680079561,2.220446049250313e-16
1645,ridge,0.3648046192372529,0.3648046192372524,4.996003610813204e-16
1650,ridge,0.2700503180161632,0.2700503180161631,1.1102230246251565e-16
1654,ridge,0.3711659211120998,0.3711659211120992,6.106226635438361e-16
1655,ridge,0.2690747877143469,0.2690747877143469,0.0
1656,ridge,0.2100150335726731,0.2100150335726733,1.942890293094024e-16
1683,ridge,0.3069477379727127,0.3069477379727124,2.7755575615628914e-16
1691,ridge,0.2135488953761734,0.2135488953761738,4.163336342344337e-16
1699,ridge,0.1813097932165045,0.1813097932165052,6.938893903907228e-16
1703,ridge,0.4345167490539431,0.4345167490539424,7.216449660063518e-16
1706,ridge,0.2051162834946904,0.2051162834946908,3.885780586188048e-16
1707,ridge,0.2730483921521761,0.2730483921521758,2.7755575615628914e-16
1709,ridge,0.1665165053500429,0.1665165053500436,6.938893903907228e-16
1712,ridge,0.2002697473288775,0.2002697473288776,8.326672684688674e-17
1713,ridge,0.2717290725037754,0.2717290725037754,0.0
1714,ridge,0.3262354237474674,0.3262354237474676,2.220446049250313e-16
1718,ridge,0.3742510431906909,0.3742510431906906,3.3306690738754696e-16
1723,ridge,0.2308682643762787,0.2308682643762789,1.942890293094024e-16
1726,ridge,0.1968363614551424,0.1968363614551426,1.942890293094024e-16
1735,ridge,0.1793901738557739,0.179390173855774,8.326672684688674e-17
1739,ridge,0.2930984054797006,0.2930984054797007,5.551115123125783e-17
1740,ridge,0.2099543323365059,0.2099543323365063,3.885780586188048e-16
1741,ridge,0.2894267552168903,0.2894267552168903,0.0
1742,ridge,0.1747435265309464,0.1747435265309469,4.996003610813204e-16
1744,ridge,0.2336571115213676,0.233657111521368,4.163336342344337e-16
1752,ridge,0.1495773514662272,0.1495773514662283,1.1102230246251565e-15
1753,ridge,0.1983127719162578,0.1983127719162588,9.992007221626409e-16
1754,ridge,0.2335714526551864,0.2335714526551865,1.1102230246251565e-16
1755,ridge,0.3871364744904357,0.3871364744904354,2.7755575615628914e-16
1756,ridge,0.3743104636516188,0.3743104636516188,0.0
1762,ridge,0.3663212583053182,0.366321258305318,2.220446049250313e-16
1768,ridge,0.1408970944211058,0.1408970944211068,9.992007221626409e-16
1775,ridge,0.3180589200346216,0.3180589200346211,4.996003610813204e-16
1777,ridge,0.3007374036319094,0.3007374036319095,1.1102230246251565e-16
1848,ridge,0.4094285818145766,0.4094285818145764,1.6653345369377348e-16
1864,ridge,0.4075772401234858,0.4075772401234857,1.1102230246251565e-16
1869,ridge,0.494631750140414,0.4946317501404136,3.885780586188048e-16
300,ridge,0.4894076740101998,0.4894076740101992,6.106226635438361e-16
307,ridge,0.2215373142324176,0.2215373142324181,4.996003610813204e-16
319,ridge,0.3115631219113839,0.3115631219113835,3.885780586188048e-16
355,ridge,0.2297682888751891,0.2297682888751893,1.942890293094024e-16
362,ridge,0.5112034310758107,0.5112034310758102,4.440892098500626e-16
364,ridge,0.2129448029463168,0.2129448029463174,6.106226635438361e-16
368,ridge,0.3857198309591212,0.3857198309591198,1.3877787807814457e-15
373,ridge,0.4397531495225709,0.4397531495225699,9.992007221626409e-16
393,ridge,0.2769247564762746,0.2769247564762744,2.220446049250313e-16
398,ridge,0.298816577784379,0.2988165777843786,3.885780586188048e-16
399,ridge,0.2675924277699258,0.2675924277699253,4.996003610813204e-16
415,ridge,0.18155820984877,0.1815582098487707,6.938893903907228e-16
416,ridge,0.2231496204448325,0.2231496204448329,4.163336342344337e-16
421,ridge,0.3986714568547728,0.3986714568547718,9.992007221626409e-16
500,ridge,0.3843738514295811,0.3843738514295807,3.885780586188048e-16
505,ridge,0.253428731708301,0.2534287317083016,6.106226635438361e-16
511,ridge,0.2223714194408576,0.2223714194408567,8.881784197001252e-16
522,ridge,0.2029553906884948,0.2029553906884952,3.885780586188048e-16
529,ridge,0.279604728361614,0.2796047283616138,1.6653345369377348e-16
530,ridge,0.2703122118024955,0.2703122118024956,1.1102230246251565e-16
533,ridge,0.1743732662645669,0.1743732662645677,8.049116928532385e-16
7313,ridge,0.2606701582141462,0.2606701582141465,3.3306690738754696e-16
7318,ridge,0.1369112053892381,0.1369112053892391,9.992007221626409e-16
753,ridge,0.2731467207891925,0.2731467207891929,3.885780586188048e-16
777,ridge,0.2488785001003612,0.2488785001003612,0.0
780,ridge,0.4351509929261785,0.435150992926176,2.4980018054066022e-15
784,ridge,0.3730075078011609,0.3730075078011576,3.2751579226442118e-15
798,ridge,0.3971500315738871,0.397150031573884,3.1086244689504383e-15
837,ridge,0.5285493848374703,0.5285493848374658,4.440892098500626e-15
868,ridge,0.6487455926480108,0.6487455926480086,2.220446049250313e-15
870,ridge,0.2330626456768837,0.2330626456768845,8.049116928532385e-16
882,ridge,0.2016445102352967,0.2016445102352975,8.049116928532385e-16
884,ridge,0.1572313803497684,0.1572313803497697,1.27675647831893e-15
885,ridge,0.2174367421673474,0.2174367421673487,1.304512053934559e-15
893,ridge,0.5213272696378913,0.5213272696378898,1.5543122344752192e-15
895,ridge,0.1363076190646703,0.1363076190646717,1.4155343563970746e-15
898,ridge,0.5678220245950838,0.5678220245950834,4.440892098500626e-16
920,ridge,0.1560412325390529,0.1560412325390543,1.4155343563970746e-15
931,ridge,0.6725262178087215,0.672526217808721,4.440892098500626e-16
938,ridge,0.6186363558488637,0.618636355848861,2.6645352591003757e-15
939,ridge,0.7389217312544767,0.7389217312544708,5.88418203051333e-15
948,ridge,0.6677434087091256,0.667743408709122,3.6637359812630166e-15
952,ridge,0.5922300741796137,0.5922300741796119,1.7763568394002505e-15
956,ridge,0.7116941108144782,0.7116941108144722,5.995204332975845e-15
419,ridge,0.4029302190435295,0.4029302190435294,1.1102230246251565e-16
423,ridge,0.2974733151954364,0.2974733151954364,0.0
445,ridge,0.2877514493638577,0.2877514493638577,0.0
448,ridge,0.2700362202347829,0.2700362202347828,1.1102230246251565e-16
451,ridge,0.1338710149273962,0.1338710149273963,1.1102230246251565e-16
469,ridge,0.419236754284807,0.4192367542848069,1.1102230246251565e-16
470,ridge,0.3493025781959781,0.3493025781959779,2.220446049250313e-16
471,ridge,0.4369093387496365,0.4369093387496363,2.220446049250313e-16
473,ridge,0.4848770400551749,0.4848770400551747,2.220446049250313e-16
488,ridge,0.3236748559840842,0.3236748559840842,0.0
492,ridge,0.3092889669826222,0.3092889669826222,0.0
493,ridge,0.4700363232153974,0.4700363232153973,1.1102230246251565e-16
497,ridge,0.3296083914935004,0.3296083914935004,0.0
502,ridge,0.2252007865895674,0.2252007865895675,8.326672684688674e-17
506,ridge,0.403509381793443,0.403509381793443,0.0
509,ridge,0.2619206780535766,0.2619206780535766,0.0
517,ridge,0.3420055652056535,0.3420055652056535,0.0
518,ridge,0.4704565951715909,0.4704565951715908,1.1102230246251565e-16
531,ridge,0.2813371257163924,0.2813371257163924,0.0
536,ridge,0.2397898965102504,0.2397898965102504,0.0
541,ridge,0.3271988177050209,0.3271988177050209,0.0
542,ridge,0.0622446845586771,0.0622446845586772,1.0408340855860843e-16
549,ridge,0.1271727894542136,0.1271727894542136,0.0
567,ridge,0.5391391259513825,0.5391391259513824,1.1102230246251565e-16
572,ridge,0.2648934925420527,0.2648934925420526,1.1102230246251565e-16
574,ridge,0.4219924092702173,0.4219924092702171,2.220446049250313e-16
575,ridge,0.4008874196668496,0.4008874196668495,1.1102230246251565e-16
597,ridge,0.3892896490651628,0.3892896490651627,5.551115123125783e-17
601,ridge,0.3212934802063294,0.3212934802063294,0.0
1249,ridge,0.8396428085061272,0.8396428085061268,3.3306690738754696e-16
132,ridge,0.1623983404024154,0.1623983404024154,0.0
133,ridge,0.0743756919693724,0.0743756919693724,0.0
144,ridge,-92.08032292103675,-92.08032292103675,0.0
148,ridge,0.1800788565755658,0.1800788565755658,0.0
168,ridge,0.090149477130561,0.0901494771305611,9.71445146547012e-17
1776,ridge,0.0767505900977967,0.0767505900977967,0.0
182,ridge,0.1958737966525596,0.1958737966525596,0.0
185,ridge,0.5651639500096932,0.565163950009693,2.220446049250313e-16
191,ridge,0.287695345101551,0.287695345101551,0.0
193,ridge,0.5464467643018304,0.5464467643018301,2.220446049250313e-16
198,ridge,0.3062394531006009,0.3062394531006009,0.0
204,ridge,0.3408568118540052,0.3408568118540053,1.1102230246251565e-16
524,ridge,0.5729715205040355,0.5729715205040355,0.0
585,ridge,0.7507072975103517,0.7507072975103506,1.1102230246251565e-15
592,ridge,0.4297663609706403,0.42976636097064,2.7755575615628914e-16
595,ridge,0.1972196133601321,0.1972196133601321,0.0
600,ridge,0.2826357988344596,0.2826357988344596,0.0
605,ridge,0.2830204928308117,0.2830204928308117,0.0
609,ridge,0.3276313685506026,0.3276313685506026,0.0
612,ridge,0.1868494241844089,0.1868494241844089,0.0
1086,ridge,0.6700251927070635,0.6700251927070636,1.1102230246251565e-16
131,ridge,0.2742563868345303,0.2742563868345302,1.1102230246251565e-16
1761,ridge,0.1975646633183636,0.1975646633183636,0.0
1879,ridge,0.4608913991295768,0.4608913991295768,0.0
310,ridge,0.069558208979562,0.0695582089795619,9.71445146547012e-17
316,ridge,0.2275733279153876,0.2275733279153876,0.0
361,ridge,0.1463645518223033,0.1463645518223033,0.0
367,ridge,0.3472107219476293,0.3472107219476293,0.0
372,ridge,0.3348329358852029,0.3348329358852029,0.0
378,ridge,0.5966016529369524,0.5966016529369526,1.1102230246251565e-16
384,ridge,0.2934723085545648,0.2934723085545648,0.0
386,ridge,0.5148930502588362,0.5148930502588364,1.1102230246251565e-16
390,ridge,0.3244273138300518,0.3244273138300518,0.0
391,ridge,0.1606673377900013,0.1606673377900012,1.1102230246251565e-16
41,ridge,0.2604743000153468,0.2604743000153467,1.1102230246251565e-16
413,ridge,0.0717164909618598,0.0717164909618597,9.71445146547012e-17
42,ridge,0.3009282229577648,0.3009282229577648,0.0
55,ridge,0.2700914696916814,0.2700914696916814,0.0
57,ridge,0.3452402963902323,0.3452402963902322,1.1102230246251565e-16
60,ridge,0.2547615941674363,0.2547615941674362,1.1102230246251565e-16
63,ridge,0.311986008364665,0.3119860083646649,1.1102230246251565e-16
114,ridge,0.3967319954704881,0.3967319954704881,0.0
1151,ridge,0.4589931433156392,0.4589931433156391,5.551115123125783e-17
1237,ridge,0.438106712952284,0.4381067129522841,1.1102230246251565e-16
169,ridge,0.5564120739066933,0.5564120739066933,0.0
1782,ridge,0.3240947935035176,0.3240947935035176,0.0
1796,ridge,0.1980811227175596,0.1980811227175596,0.0
180,ridge,0.4854269612994829,0.4854269612994829,0.0
1851,ridge,0.1423540279811597,0.1423540279811597,0.0
1872,ridge,0.2247691036406966,0.2247691036406965,1.1102230246251565e-16
1883,ridge,0.2216793543257476,0.2216793543257475,8.326672684688674e-17
223,ridge,0.2470573367453076,0.2470573367453076,0.0
292,ridge,0.3186838093985217,0.3186838093985218,1.1102230246251565e-16
431,ridge,0.146465749897878,0.146465749897878,0.0
438,ridge,0.2660337719671102,0.2660337719671102,0.0
442,ridge,0.2869084003353808,0.2869084003353808,0.0
449,ridge,0.3619781038367664,0.3619781038367664,0.0
450,ridge,0.310903503454306,0.310903503454306,0.0
456,ridge,0.2134596020621075,0.2134596020621075,0.0
467,ridge,0.4289440193673282,0.4289440193673281,5.551115123125783e-17
477,ridge,0.2634202962595544,0.2634202962595544,0.0
7308,ridge,0.1080710274225078,0.1080710274225078,0.0
1017,rf,0.3385744776260275,0.3385744776260276,1.1102230246251565e-16
1026,rf,0.3389940331779031,0.3389940331779032,1.1102230246251565e-16
1033,rf,0.3570835934480396,0.3570835934480396,0.0
1036,rf,0.2945906696501239,0.2945906696501239,0.0
1042,rf,0.3677046484578829,0.3677046484578829,0.0
1067,rf,0.4136103183716483,0.4136103183716483,0.0
1092,rf,0.4117265448574235,0.4117265448574235,0.0
1101,rf,0.4041138280293077,0.4041138280293078,1.1102230246251565e-16
1112,rf,0.3746610536630769,0.3746610536630769,0.0
1121,rf,0.3191970314365093,0.3191970314365093,0.0
1122,rf,0.3814872216693717,0.3814872216693717,0.0
1125,rf,0.3191970314365093,0.3191970314365093,0.0
1127,rf,0.4117265448574235,0.4117265448574235,0.0
1192,rf,0.2041783674108113,0.2041783674108113,0.0
1586,rf,0.2099716278716784,0.2099716278716784,0.0
1587,rf,0.3264588488788771,0.3264588488788771,0.0
1592,rf,0.2982376623552292,0.2982376623552293,1.1102230246251565e-16
1595,rf,0.204041620700331,0.204041620700331,0.0
1600,rf,0.2173348355181549,0.2173348355181549,0.0
1617,rf,0.343335507338421,0.3433355073384211,1.1102230246251565e-16
1619,rf,0.3191770308200543,0.3191770308200544,1.1102230246251565e-16
1620,rf,0.3301837467962757,0.3301837467962757,0.0
1631,rf,0.257680325238998,0.257680325238998,0.0
1634,rf,0.20847386488542,0.20847386488542,0.0
1636,rf,0.3920362742226719,0.3920362742226719,0.0
1645,rf,0.3807477997785679,0.380747799778568,1.1102230246251565e-16
1650,rf,0.3371713751879167,0.3371713751879167,0.0
1654,rf,0.3790279944232078,0.3790279944232078,0.0
1655,rf,0.3293419581464051,0.3293419581464051,0.0
1656,rf,0.20847386488542,0.20847386488542,0.0
1683,rf,0.3367895520400985,0.3367895520400985,0.0
1691,rf,0.2081675961235262,0.2081675961235262,0.0
1699,rf,0.2031135227900477,0.2031135227900477,0.0
1703,rf,0.4122993356111544,0.4122993356111544,0.0
1706,rf,0.2084129857487205,0.2084129857487205,0.0
1707,rf,0.3249083891575563,0.3249083891575563,0.0
1709,rf,0.2041741011199845,0.2041741011199845,0.0
1712,rf,0.2125509838037424,0.2125509838037424,0.0
1713,rf,0.3243694355251685,0.3243694355251685,0.0
1714,rf,0.3412210033698053,0.3412210033698054,5.551115123125783e-17
1718,rf,0.3872725367726318,0.387272536772632,2.220446049250313e-16
1723,rf,0.2194345295355126,0.2194345295355126,0.0
1726,rf,0.2084129857487205,0.2084129857487205,0.0
1735,rf,0.2199841984076905,0.2199841984076905,0.0
1739,rf,0.3335914422367541,0.333591442236754,5.551115123125783e-17
1740,rf,0.20847386488542,0.20847386488542,0.0
1741,rf,0.3404681713673889,0.340468171367389,1.1102230246251565e-16
1742,rf,0.2055982835510771,0.2055982835510771,0.0
1744,rf,0.2498419888858869,0.2498419888858869,0.0
1752,rf,0.188460442879928,0.188460442879928,0.0
1753,rf,0.188460442879928,0.188460442879928,0.0
1754,rf,0.2623579177204002,0.2623579177204002,0.0
1755,rf,0.3879304120028014,0.3879304120028014,0.0
1756,rf,0.3995314437632059,0.399531443763206,1.1102230246251565e-16
1762,rf,0.4016939784284471,0.4016939784284472,5.551115123125783e-17
1768,rf,0.1892049183505014,0.1892049183505014,0.0
1775,rf,0.3635737423533352,0.3635737423533352,0.0
1777,rf,0.3298664968976505,0.3298664968976505,0.0
1848,rf,0.4089965717471284,0.4089965717471284,0.0
1864,rf,0.4019629341749358,0.4019629341749359,1.1102230246251565e-16
1869,rf,0.3861712301976414,0.3861712301976414,0.0
300,rf,0.4140035809538984,0.4140035809538985,1.1102230246251565e-16
307,rf,0.2063744476903153,0.2063744476903153,0.0
319,rf,0.3408277328312389,0.3408277328312389,0.0
355,rf,0.1962048972209676,0.1962048972209676,0.0
362,rf,0.3622659812817052,0.3622659812817053,1.1102230246251565e-16
364,rf,0.1962048972209676,0.1962048972209676,0.0
368,rf,0.3972527602838228,0.3972527602838228,0.0
373,rf,0.4062516406786782,0.4062516406786783,1.1102230246251565e-16
393,rf,0.3061418342517531,0.3061418342517532,5.551115123125783e-17
398,rf,0.3193068683850957,0.3193068683850957,0.0
399,rf,0.2413784297994593,0.2413784297994593,0.0
415,rf,0.214832209664968,0.214832209664968,0.0
416,rf,0.1989509397684949,0.1989509397684949,0.0
421,rf,0.3937951911834806,0.3937951911834808,1.6653345369377348e-16
500,rf,0.3946768354955716,0.3946768354955717,1.1102230246251565e-16
505,rf,0.2814851772021855,0.2814851772021856,5.551115123125783e-17
511,rf,0.2254798704745664,0.2254798704745664,0.0
522,rf,0.1966785334342722,0.1966785334342722,0.0
529,rf,0.3222854255310151,0.3222854255310151,0.0
530,rf,0.3110332648667118,0.3110332648667118,0.0
533,rf,0.1962048972209676,0.1962048972209676,0.0
7313,rf,0.2808593313066642,0.2808593313066642,0.0
7318,rf,0.194838050129137,0.194838050129137,0.0
753,rf,0.3102191269678289,0.3102191269678289,0.0
777,rf,0.3209474942706943,0.3209474942706944,1.1102230246251565e-16
780,rf,0.4320806085197197,0.4320806085197198,1.1102230246251565e-16
784,rf,0.3704820745704151,0.3704820745704151,0.0
798,rf,0.4204858682606424,0.4204858682606425,1.1102230246251565e-16
837,rf,0.4159010368636794,0.4159010368636794,0.0
868,rf,0.3881921666861096,0.3881921666861097,5.551115123125783e-17
870,rf,0.2696836348326205,0.2696836348326205,0.0
882,rf,0.1892049183505014,0.1892049183505014,0.0
884,rf,0.1853945363856384,0.1853945363856383,1.1102230246251565e-16
885,rf,0.1867500009602186,0.1867500009602185,1.1102230246251565e-16
893,rf,0.4185157293413305,0.4185157293413306,5.551115123125783e-17
895,rf,0.1853909337020214,0.1853909337020214,0.0
898,rf,0.3683792920377137,0.3683792920377137,0.0
920,rf,0.1889147808643028,0.1889147808643028,0.0
931,rf,0.4195466549131521,0.4195466549131521,0.0
938,rf,0.3968755206119629,0.3968755206119629,0.0
939,rf,0.4180153761248019,0.4180153761248019,0.0
948,rf,0.4131477472930532,0.4131477472930532,0.0
952,rf,0.4066646188058279,0.4066646188058279,0.0
956,rf,0.431706509435711,0.4317065094357111,1.1102230246251565e-16
419,rf,0.4258867038864974,0.4258867038864973,1.1102230246251565e-16
423,rf,0.3431679042808723,0.3431679042808723,0.0
445,rf,0.2607231854368018,0.2607231854368018,0.0
448,rf,0.2404610866772581,0.2404610866772582,1.1102230246251565e-16
451,rf,0.1338392989017651,0.1338392989017651,0.0
469,rf,0.4106861640797847,0.4103376491921375,0.00034851488764719996
470,rf,0.3366443111681859,0.3366443111681859,0.0
471,rf,0.4344448748020701,0.43444487480207,1.1102230246251565e-16
473,rf,0.4463260166647231,0.446326016664723,1.1102230246251565e-16
488,rf,0.3408929295953286,0.3405444147076815,0.00034851488764708893
492,rf,0.3826272962457796,0.3826272962457796,0.0
493,rf,0.4762327623852744,0.4762327623852744,0.0
497,rf,0.3579644576677412,0.3579644576677411,1.1102230246251565e-16
502,rf,0.2227226771677119,0.2227226771677119,0.0
506,rf,0.4717247016640827,0.4717247016640827,0.0
509,rf,0.2564200402976127,0.2564200402976127,0.0
517,rf,0.3494658286466535,0.3498143435343006,0.00034851488764708893
518,rf,0.4319786719673817,0.4316301570797345,0.00034851488764719996
531,rf,0.2519741409121652,0.2519741409121652,0.0
536,rf,0.2219276453849991,0.2219276453849991,0.0
541,rf,0.3367936777770808,0.3367936777770808,0.0
542,rf,0.0729565116157692,0.0729565116157692,0.0
549,rf,0.1517375993725515,0.1517375993725515,0.0
567,rf,0.513776704744208,0.513776704744208,0.0
572,rf,0.360543456393002,0.360891971280649,0.0003485148876469779
574,rf,0.4095206305283434,0.4091721156406962,0.00034851488764719996
575,rf,0.3927874773359624,0.3924389624483153,0.00034851488764714444
597,rf,0.4013298059117634,0.4013298059117634,0.0
601,rf,0.4061045402966761,0.4061045402966761,0.0
1249,rf,0.5430183104982853,0.5430183104982853,0.0
132,rf,0.1449316161098058,0.1449316161098058,0.0
133,rf,0.0665772985462318,0.0665772985462318,0.0
144,rf,0.4667534777420379,0.4667534777420379,0.0
148,rf,0.1798316469504762,0.1798316469504762,0.0
168,rf,0.093082703952732,0.093082703952732,0.0
1776,rf,0.0730245971754995,0.0730245971754995,0.0
182,rf,0.2109504380833578,0.2109504380833578,0.0
185,rf,0.5433893659240555,0.5433893659240556,1.1102230246251565e-16
191,rf,0.3291928376140369,0.3291928376140369,0.0
193,rf,0.4984770519143747,0.4984770519143747,0.0
198,rf,0.3315935593863668,0.3315935593863668,0.0
204,rf,0.383398617626131,0.383398617626131,0.0
524,rf,0.5218701599926826,0.5218701599926826,0.0
585,rf,0.3632803047764558,0.3632803047764558,0.0
592,rf,0.5112520835988976,0.5112520835988976,0.0
595,rf,0.2106728085794157,0.2106728085794157,0.0
600,rf,0.3070840751331414,0.3070840751331414,0.0
605,rf,0.3077197363569594,0.3077197363569594,0.0
609,rf,0.3557634878039294,0.3557634878039295,1.1102230246251565e-16
612,rf,0.1633549422393043,0.1633549422393043,0.0
1086,rf,0.4629935490411084,0.4629935490411084,0.0
131,rf,0.3120019275375072,0.3120019275375072,0.0
1761,rf,0.1892306894057545,0.1892306894057545,0.0
1879,rf,0.4202288171467003,0.4202288171467003,0.0
310,rf,0.0844102178785939,0.0844102178785939,0.0
316,rf,0.1993911913481367,0.1993911913481367,0.0
361,rf,0.157345358212872,0.157345358212872,0.0
367,rf,0.3610815978905921,0.3610815978905921,0.0
372,rf,0.3489384486149129,0.3489384486149128,1.1102230246251565e-16
378,rf,0.5052775103759353,0.5052775103759353,0.0
384,rf,0.3158700700079547,0.3158700700079547,0.0
386,rf,0.496077936076059,0.496077936076059,0.0
390,rf,0.3594802596872042,0.3594802596872042,0.0
391,rf,0.139906301026678,0.1399063010266781,8.326672684688674e-17
41,rf,0.3034826880530855,0.3034826880530855,0.0
413,rf,0.0862561309263342,0.0862561309263342,0.0
42,rf,0.3552364760642293,0.3552364760642293,0.0
55,rf,0.3138013221022003,0.3138013221022003,0.0
57,rf,0.348860634941319,0.348860634941319,0.0
60,rf,0.2349280649560144,0.2349280649560144,0.0
63,rf,0.3355315353441107,0.3355315353441107,0.0
114,rf,0.3869933927156793,0.3869933927156793,0.0
1151,rf,0.4537044636606533,0.4537044636606531,2.220446049250313e-16
1237,rf,0.5137253374739644,0.5137253374739644,0.0
169,rf,0.4968301204709348,0.4968301204709348,0.0
1782,rf,0.3545607984331879,0.3545607984331878,1.1102230246251565e-16
1796,rf,0.1787136897655915,0.1787136897655915,0.0
180,rf,0.4662041884389972,0.4662041884389973,1.1102230246251565e-16
1851,rf,0.1504670273551163,0.1504670273551163,0.0
1872,rf,0.1967183998020598,0.1967183998020598,0.0
1883,rf,0.2131575972837789,0.2131575972837789,0.0
223,rf,0.2374048802922586,0.2374048802922586,0.0
292,rf,0.3514270830042973,0.3514270830042973,0.0
431,rf,0.1847576551681431,0.1847576551681431,0.0
438,rf,0.3101709653887344,0.3101709653887344,0.0
442,rf,0.327046760966255,0.327046760966255,0.0
449,rf,0.4239167891114966,0.4239167891114966,0.0
450,rf,0.3656377793321194,0.3656377793321194,0.0
456,rf,0.2335655298090283,0.2335655298090283,0.0
467,rf,0.4162979032355564,0.4162979032355564,0.0
477,rf,0.2707617687802862,0.2707617687802862,0.0
7308,rf,0.1233516254700749,0.1233516254700749,0.0
