ID,name,status,duplicate_date_rows,upstream_member_sha256,cars_sha256,inflow_n_compared,inflow_mae,inflow_negative_to_nonnegative,inflow_missing_to_finite,inflow_above_tolerance_days,outflow_n_compared,outflow_mae,outflow_negative_to_nonnegative,outflow_missing_to_finite,outflow_above_tolerance_days
1001,El Dorado Lake,matched,0,be025b7420e56bce9c5fa371bf8263d6cd3d84a4b9b7b0b8e969738e0687bf10,2d9deecb8915b8686ce29044029c62e51847ad2e8b8c90d13ca2073b3a45bd90,13137,0.8346142605739073,0,17.0,6599,13148,0.1520188317780188,0,2.0,2464
1003,Toronto Lake,matched,0,08cfef4de0021cfa5d1078d456eca80c5bf358dbf7fa4701cf2dba76fdb7298b,006d86e263cf805564162bf7f3668c494349d01beb22a0b6423cac57c31765d7,13146,2.4967276648294403,0,11.0,8658,13149,0.7202126637337275,0,1.0,5750
1006,Stockton Lake,matched,0,3b982a59a3d09ae10d6c848c5e20ad23a0d009373d1460d2fd87807ee4750813,67a1503305a3667d8814e387ea02feffa7a16ef01f4b4d63f3388231fd586d92,12877,3.5052296665833818,0,8.0,9835,12845,2.432510858581414,0,1.0,7178
1007,Fall River Lake,matched,0,4182bf56e05ec373b021d367dadbed19669f4c9dcd25bda5faae35e4e62b4bb4,20520811ce69d2f31febc781e796efd503573d30aed6e61b630d0e2040536541,13149,1.859497846097295,0,8.0,8356,13149,0.534970451910709,0,1.0,5274
1017,Clearwater Lake,matched,0,244cab3080c8825a4eb6e5cc29b48bacdf0df4fb0e6f0fdf855d5917866a8ea2,75186e034ff65eaa27bac3e09aa91d5b7981f181e2cea43179e6b9e062201122,14610,2.353034511295353,0,0.0,13374,14610,1.0008829955416219,0,0.0,11334
1020,Copan Lake,matched,0,a44b9f3597c68465928dc29185a5e61169db438b316e82db0a12fca87f5bcc96,d6eee9a6aa18f60fd1ff83a686a5a7682e0b34cbafd4db606f17f254e3f507a5,12826,1.4402753259427838,0,26.0,7611,12844,0.49823537839208465,0,2.0,4757
1021,Great Salt Plains Lake,matched,0,545abd35d67cbb83becff6971939788f5b3350ec2238af16cf431dcf806973bc,ea36f1210b3be506841c673d57b5ea5764f65a5cb792aa8e10f92cf8c4dfb09b,13149,1.5869858461656312,0,8.0,8180,13149,0.5696501019364453,0,1.0,10912
1023,Kaw Lake,matched,0,ccfb70b6f3cf12b528d238bf8590fde89d523a545bf4d3412745123f0747c752,59ec3238b5a6a558da3cab360498de6e982713fad1102d4b761a0d9e8986ef4c,13149,7.190826840945638,0,8.0,9168,13149,4.017441507421625,0,1.0,9658
1026,Table Rock Lake,matched,0,35b1853c25176efdb2e5467e4f4c49b455f96b0247b31846a0e02082e19f5ac3,64f128afa0c65024be419dc4c9e325c80cac37ca4336e3e43c2dc20c3ee8d529,14610,11.018474011988316,0,0.0,14146,14610,7.988301505952039,0,0.0,13801
1027,Fort Supply Lake,matched,0,e107325f4355e868b0c2c0ffdea814eb0396b4ed177e554daa3f042eb3f1a752,e5f53d73efdc92d39645b87b2512f8b335d7605c58b398011f4de8dabe5c2d77,13149,0.08853695190905574,0,8.0,5399,13149,0.04313550532855863,0,1.0,2073
1028,Birch Lake,matched,0,8e3d68d47a0b7aaabd4f5ec6aabcd942bef0a97294934dd7ae26f93a3de2ae83,a2c4eaf07e9ce79d1767ffb9099ec37103522c3c07ee606018af9a299c6faeaf,13149,0.36624554332119813,0,8.0,5029,13149,0.06925765998626665,0,1.0,2481
1032,Oologah Lake,matched,0,1803adc8767160787bcb8e9be0d27fc13dcab384571958035571c259d9dc6aae,e0e188a3edac20e238989e808224d09dd06b90f0ea60f60d7d13697a49aec891,13149,8.072409583910607,0,8.0,8809,13149,3.0989020980765605,0,1.0,6544
1033,Beaver Lake,matched,0,50ac5bcd40ab7a27f37cc734c39bca2257e1233ff0e923e50627d95ee2c1d368,dc8a2d7a42eee027b5aa147e89ac5424ead592151aefee59c4eb58429ddffb06,14610,5.6798077904887485,1,0.0,11809,14610,3.525766133093922,0,0.0,11956
1036,Bull Shoals Lake,matched,0,482a79f2e35db603126f34353e297e72d5af9cb0f3e653cb2e821b53ca6256f5,634daf0210f9ae30ce7a14e69119d0e540b0b16acfdaea47f1bf2100eb85d110,14610,14.435214119558543,0,0.0,14367,14610,10.514322929757737,0,0.0,13951
1042,Norfork Lake,matched,0,e65f8b4df732925158fc8deb8cad55b3b71bed092f477ae90640ea7293bc040d,facc7491b6085c732aa579eddc5751f0d0dda2bc7225db36f43a6c1fceb4c294,14610,5.1553943377322415,0,0.0,13245,14610,3.372152651905193,0,0.0,13525
1048,Keystone Lake,matched,0,118568192f79611afca18581c98dfe757576818ae991e200292a74530643b89b,157f433dc51fdb072bb51e0c1a49f9cdfb3681bfcc709bd37d8fc3ecd6445efd,13149,13.357647234908478,0,8.0,10664,13149,10.78591871100023,0,1.0,12037
1051,,matched,0,efecf7f3aae576e62b3d88b95ba590dc2cc016104fd3e10b4a3c0a227cf2e03c,6a1305bca3cc2e5eaa5d707a826c75f4aa184f3f89c24ecffa68fd49b7c0cba9,5510,7.508774482140508,0,0.0,4541,5510,8.129835917514928,0,0.0,5217
1053,Fort Gibson Lake,matched,0,0b2f341a7b07f7d3a1ff15541ca64fec0250ce1b6ee516bfd32788b935cd63e3,a404bfb6a22085ce705b28f1d4e8d1dba9105f76c14ee9edfc61c6cf20a62fdc,13149,17.049381885071988,0,0.0,11800,13149,12.40591426193759,0,0.0,11200
1067,Greers Ferry Lake,matched,0,b6524d30311899f1bd207a65a0ef895fe6377bcb6d98432a62d83217bfcf7c66,7b37becbf5ff9c71e75d9acbd86e08173aeb82b507b156174b9e48b9461285f9,14610,7.640337713818171,1,0.0,10975,14610,3.072426875624629,0,0.0,12462
1070,Conchas Lake,matched,0,afe2fe88f1e014bebc875664ccad0565fdfe32cdeea217c08f1fb8ce126712f3,31362e0ebfbc39ffa77001b864d24e371a6c31c210ea0beb20e40b812e0a0df2,9037,0.6358207792120316,0,2.0,7610,9037,0.09300174105489029,0,1.0,3713
1075,Robert S. Kerr Reservoir,matched,0,efa71363a534845663857371d4bb2d4daf715d03a03049a7b47909f37ebc5ae9,2d3add90eafaf513bf04d017610aaf46d581db0c79dc6592bf49ca9d36824e5c,5472,38.8726446786655,0,15.0,5370,5479,33.58507292727122,0,1.0,5434
1078,Dardanelle Lake,matched,0,f21030ce0a6c829f5411ab60b178173eb99b06ecdb36bca5bdc0d332fa2450e9,484bdb7e4313801c87f07d7662c000352dd48dbf2c91a90b76f47160378106fb,9861,54.81706979916002,247,8.0,9859,9861,53.1032278604119,0,1.0,9809
1084,Blue Mountain Lake,matched,0,8d4269eaf567b76204e8737aa604e967ab5f7dbb4768a555321ff3438049e590,b4166df139382788fb06f1eac874e6f71bd07fa3dd544c0bd27c25bff641ff5e,14610,2.5925225248593615,7,0.0,11947,13478,0.8508856729881309,0,1.0,7889
1086,Santa Rosa Lake,matched,0,5118866cd7ebf414ca1488f662d7678c92fd99bff29d26d297186152b0d57640,084f2a8c1cc5fc9d22b8a12506cba16e0618533a82749c03ce4e4bd58e9c7d20,14334,0.25562526786418427,0,11.0,9600,14502,0.15132333093486358,0,0.0,2968
1092,Nimrod Lake,matched,0,1d4eca9918648e50fe3fcba6bfbc56849b76792fb95c289f9d8ca38473abf7f4,4e70ed55a66d1483fe99fccb49df0fe60094e492578e30da8a98e116598fc313,14609,3.871415324317309,1,1.0,12074,14610,1.455819869112734,0,0.0,8680
1093,Wister Lake,matched,0,5a6ac713fce1cb2595df77e296b545adef4e41cf60ea3c230939d72da3b7b122,e6e867b9e722c5c281eda633fd96b7bcd27daf7c72ac91d6460d5807ed18b939,13149,5.08984090853881,0,8.0,8734,13149,1.5226775453911192,0,1.0,8410
1095,Lake Altus,matched,0,6924fafbbe1620847d36da50ecbb8e5690d5dd9f436e1d3b74d123583ceed07f,de78b491435f318d937cae3bc7a6a22169201500fc79ceeb3da47be55cf0677a,6041,2.942455656501146,1541,365.0,5831,14518,0.10086208359038554,0,0.0,2997
1101,Arkabutla Lake,matched,0,df830eab6f5a232b203854ed700130ec0c806a9f753ddb0ec0009e221899b54f,23267ef86df3845b810924336e15a314aac70ae50ff5e3adc64830e83b0cd35d,14595,7.1978037812032545,0,10.0,12169,14610,1.0951399104097848,0,0.0,5093
1109,Lake Sumner,matched,0,e626475d994a7ceb8702be56f9eb75aeabdcffdbea89a385a2bf0cc7f366b728,fa30a8723884ba0a47c2fdac65c165c8cb95012d1711760f08f2695866059431,6134,2.651038483910317,153,314.0,5845,9111,0.16295217060470246,0,64.0,4439
1112,Lake Ouachita,matched,0,8bd8b17f66137e6a7e2ec0e0b83bec4ecb98f0f96b0a4fb50e53a1d455d4e984,db39374ba3604519575aaa4543392eae7ee18829d77e1d863471ba873ff72cb5,14600,13.209263815528423,0,10.0,13257,14609,3.172742297129722,1,0.0,12505
1120,Waurika Lake,matched,0,3cc348e01971058486bce82a0090d28a099866823a5f9f67b54b5b2c4a164fe6,4d3192db13e812d1fbc2a604815447c24ab3376bd3fa728a658c29ce2846ba29,13149,1.0217479754232701,0,8.0,6650,13149,0.16667136874904245,0,1.0,2014
1121,Degray Lake,matched,0,0bd8cd4046a295bb408cad0312685fdb31ee80722de3ad9170f07265df24935b,63a987c22161c46e0de4ba27d1437bba2337429c45dee2d673fe0f8c118a6ee1,14610,6.1089126012607995,0,0.0,13055,14610,2.5260608478062476,1,0.0,11766
1122,Gillham Lake,matched,0,d694e0eba02ac30618a0005c5e21a265a500435ce80dcf76d1b36b5640aab4bb,310d81948683225b157c64e7361d2de4ccae209dc2e094b5f1f94d323065a74e,14610,2.391834071743138,0,0.0,12776,14610,0.8555558811081867,0,0.0,8104
1124,Dierks Lake,matched,0,2c4afc8b238eb1ecc02628ba92a77b6d6acf363db99443a6679b7ed9c5b20206,d53164c7676c8b41ba8505edd1ac7868137a6dcd66b4fa2aef15af7c7848fa95,9861,0.7588038645138439,0,8.0,7058,9861,0.2801770312708973,0,1.0,4068
1125,Lake Greeson,matched,0,0bd8cd4046a295bb408cad0312685fdb31ee80722de3ad9170f07265df24935b,7c9180c1df6c072bdf3f0104ca7452ed69c64840cffc6f8988eb3e750bb8ac49,14610,6.1089126012607995,0,0.0,13055,14610,2.5260608478062476,1,0.0,11766
1127,Dequeen Lake,matched,0,c95f4d9644baa9e85fbd196cc67bed6ad9c0a89d1ae9082b9214b57e781d3c9d,f46b65fa89c1374230b757b336599795b0463fec14dd5125e5558ba3bb70c609,14609,2.1737862809971755,1,0.0,12933,14610,0.8120960846700196,0,0.0,9322
1128,Hugo Lake,matched,0,3d5313ed9b4bec6978d3cdf83baa3e065a92bc4e00cb21e7493af15428b8c8d2,602c0d0b49a81036b676053af375061f656e8c212046d2a9c747f0b9feddbcff,7639,6.143387275764527,0,8.0,5811,7639,2.789864950833917,0,1.0,4306
1134,Pat Mayse Lake,matched,0,8d4ef39ebe639b53ef9111948ce024edd14cc187b27c205ba9e0e156381eec3f,d61f469a54cfeb625c7db403f48bb29e5ddceffcab1867cc7eba8fb11486301a,13180,0.8880310496085416,0,8.0,6574,13180,0.0658204948043808,0,1.0,6509
114,Emigrant Lake,matched,0,6f2be623a9c3370427b60fa939cdca686bc6fe5de196038750fb7d076d0b83c8,66cfbc7da464fee493fd3985325ccf257a857050d4324813ffc815a67a0d12fc,9447,0.2377953672989836,257,119.0,9173,9621,0.04997923636108955,0,18.0,4277
1144,Millwood Lake,matched,0,ece7ca50c16f495ebc060fe9459fb19dddd49efca4a35b008419be4dc659e5bb,b1920a56bd3ab45a6805ee60a10a8fa7b0a138cba42a5ea0d0806257310a13ae,9861,8.709260292772436,0,8.0,9452,9861,5.473275573890117,0,1.0,8075
1151,Ray Roberts Lake,matched,0,406d0f0cce6378bfdd5923275b4c00e425e4261b70d8783cadf86ebfcd5393eb,4d22b605d2016f8153b966f40ffc3b8536e9670826e959b82a257c429387c260,11688,3.602609592050313,0,0.0,9156,11781,0.24410447808987454,0,0.0,1753
1170,Lavon Lake,matched,0,c3dbe1845d789fd228b49b2122b0f9bf5930d31e3975887f1e60b28bf1a33b8b,159a3fbc8ef0cab515cd62fb4a706029277b7a57b7129e027dc877240715ae5d,12174,3.005417597523113,41,9.0,10999,13149,0.5316866874705851,0,1.0,1807
1192,Caddo Lake,matched,0,4506a1a7784a8f68e2d7371ce45466a9becc6149102db6e1f34fc6f53b9050ca,e6c698c5264db0f63bac1d2889fb146a847fecfa13867b2c433ee633cff8b1a1,14498,7.121601509127902,0,38.0,11936,14505,1.0236508923083945,0,7.0,10139
1197,,matched,0,9c6b9363f85c4813f725471f093af675616a4222ab8a474e420c0f5debbcb66a,747664d8125f8ddb1749829326799b1268e30d98e74045f0745a5055bc6e03eb,10847,1.2251033942602658,69,3.0,7744,10860,0.12953102892545437,0,1.0,2651
1207,Ross R. Barnett Reservoir,duplicate_dates_excluded,26,7417f08b18b4f4b4b6af651f8c95af5cfaaf51b8549d567bb6876cdd36868869,b44572cae8893976808508b1a2f891d47b3a3f794ab51e80b70c4fac16708eea,0,,0,,0,0,,0,,0
1237,,matched,0,7cfde254a6da722bcb6081a5583f0f9697b9cceb7c2c5ff7bfef0d1b6af2067b,64ffa893cb7742bd7113ea6698c29c85b03631e5bd45793c10d162b0b8889220,14610,1.2643213971917189,0,0.0,11132,14610,0.2075843411996945,0,0.0,3249
1249,Hords Creek Lake,matched,0,a710d07d41443dafb6c180146067909ba57e84a09d0b0ac6260d9abadfb2e593,2b8ac79576343313eaeffdcdd24778f21c88865595db570abe87c9c83a095d0b,14610,0.03142128987491196,0,0.0,6778,14610,0.0012281547282484693,0,0.0,283
131,Clair Engle Lake,matched,0,da19348c7953d538126bd815371725dda3c591d40a40889f3cd03021e1f39c1b,f80453619d82a98f3405c347b2ea06a4e882dfb425e8986135d5c1895b12e2d8,14546,4.984937398567544,798,51.0,14511,14554,1.9564854390055957,0,47.0,14125
132,Shasta Lake,matched,0,9a389178732e6713167fdd93505ae3763da606f3820d8dedd9fb5e89bfdbb143,775c2b1772344859fb441da98da3ed6ff2aa430ba3d1dc05e7d6ba0b120eb09d,14334,14.282112454974289,1,11.0,14330,11441,6.4987842269496285,0,209.0,11402
133,Whiskeytown,matched,0,2d91700398a0280b23e71fc33003722d105cd6bb46f8c3ad47dc7b26a4c39dbc,7415e2f18da810ea016a35474e6bba6c3ce31afd89be44ce1cc47c37dae68516,14331,2.343273462938092,147,8.0,14230,9214,2.0166668126438014,0,66.0,8328
144,Black Butte Lake,matched,0,7a19c649028da4449127db04b3c40df499110b3a91c45c6636918913a149f59b,7c7b9d97d037a540e3e80619f4886fc5ae04fcafc0853b51420b82a2a730c7f1,8463,8809.475836508838,636,633.0,8300,8830,4221.700393031512,0,340.0,7355
148,Lake Oroville,matched,0,2e8a95b72cb602092286213ba0f8b9c89461ad088f4527c3bca5c7c225591143,d3962cb082b51e8ff24c7719d2a564cee5c430ede308595a52026326c03aa5f2,8918,12.829869941515218,39,235.0,8904,11668,12.739863495593347,223,50.0,11502
1585,Beltzville Lake,matched,0,486e7a2fba06bfab67a3ece39dc811b3327e7adfce5735c6f6f96b35f3606183,d9bf5d8f39cb12683a3d1c59458f727e635ba1a0e15b1899aef3ddedf98033cb,8770,0.3287859054016279,14,94.0,8518,8800,0.18140793872170988,0,17.0,5466
1586,J. Edward Roush Lake,matched,0,b3047c3e3caf4b9d2edd2e8497ac6e663bc42a1f5011d8c462e06befd7d448b6,8be93b02919779cd09a4b4f6e010814aa5262804b77d1a5f63f1f5ba301ccca3,13422,1.4448608997719512,0,1.0,13067,13422,1.1632207169199822,0,1.0,11925
1587,Salamonie Lake,matched,0,a77f30a83d33916208a14b548d828a280ae04957ae48b9884013f4759a107330,de80b4ed5d53eddec547cd37c2018d11e61f9ad73b176868f592957609870443,13422,1.6234793248133608,0,1.0,12724,13422,0.9627636791693931,0,1.0,10058
1592,Mississinewa Lake,matched,0,39152188136ef9ac80b094894c73ad1bc58aad6373d183b0f1d66b3d38546aaa,24f9185ef1b64e610d2ce43552ae76e0b995b8fbcc394e02e8e920e70f95e91e,13422,2.222240133614183,0,1.0,12828,13422,1.257777567936807,0,1.0,10420
1595,,matched,0,373b13f558ad872da8061f2838f7c3aa4f155e4c18cb39a4c2ac25287cc4a7ac,b15262617e4600c94d070f170bef7c5235a6c82a3665dc223b7883eb167507ee,13890,2.469239395970605,0,37.0,13764,13894,1.7057988157776416,0,10.0,13671
1600,Pleasant Hill Lake,matched,0,c93986ac591b7cbfd0eb0905f1c42ee82139ddaa40a3c1299e8e496603c7068f,ae4a632ba7fa99ee1835381905aa51709930b563b0b381976a52f764218ee0d5,13883,0.4552072413193878,0,48.0,13405,13898,0.22696866078057762,0,15.0,11892
1606,Atwood Lake,matched,0,d859a6c71a78759cc74339e387ff69cba9254b065dd7797c9dc8c56f9c8fbd1e,cdba3b3dd51feb7969ab8d50aa75186a1a51374df3bf8df1823ec3f7c89453b9,13788,0.2625336991819989,0,80.0,13094,13800,0.08640604199057278,0,21.0,9882
1615,Blue Marsh Lake,matched,0,a090772029eb99fb7b6d686a543d9364b0989b068eb5a7e742141d5497ae866c,f2ea2273400cf0a924a969e1a17e6838abd1e620c6b6f820961c2c3faedcdce1,9026,0.38167414432132285,2,117.0,8858,8794,0.34248940410204876,0,21.0,7131
1617,Tappan Lake,matched,0,8a49d1f2999e4c011eff8543645972e36f077a6571b800dabc47f324c1dde495,8fbbbf5166811552e1b111ef30feb91ee40e6ea2bcdf5da6333fb96b2837765f,13921,0.2462877329115086,0,16.0,12578,13885,0.09424747020185718,0,12.0,8955
1619,Clendening Lake,matched,0,f7731ed9e2fa5cd2cf4e8e31dcbcb282ada5daa0dfc1d614d965d4ea245db5e1,d6de81fbffb3f66a668f3558568ead90ef263b292d227cdf2c761d261ad65fff,13906,0.27687471633697286,0,21.0,13044,13906,0.1069271753053499,0,6.0,9825
1620,Piedmont Lake,matched,0,bc73051806a211fd14736a9edca78793a66df9f6bb2e3ba9de5ce761110a9fab,9c71246ac7049c1f0af0b80d076753fafed403aa606d56568ba6f643b9cfb157,13900,0.31041871389193,0,31.0,13236,13896,0.10709610879881676,0,12.0,10335
163,Martis Creek Lake,matched,0,fd3fb839d6d2479255b61fe81e64fea28c008f1c85760107dbd90bc017ce29d8,4d49d48a906a0858419a2a5b2093e9e9f87afe968ce74282e9a9f8cf8732be1b,8703,0.026350211797009363,0,32.0,4936,8520,0.0006343238212426265,0,5.0,1005
1631,Dillon Lake,matched,0,5d72c06ca9f98bfdc2cf66f667fbd7b3a3ead493e88d8028fd34f48b34d208f9,1fd9fc5119effbe0b54a45109284f4cce5d1daf533fd82d112c27b9e98f581d2,13935,2.2258957202175735,0,2.0,13720,13882,1.4294100144720696,0,13.0,12597
1634,Clarence J. Brown Reservoir,matched,0,b59c8f7c709dbf59ec4946de4679d021b1abb227f491539200f57ef05525b102,b9676730899d9617cb2ec04568fda77e0a041284141493560e220749fb2351c3,13423,1.8846653870924555,0,0.0,12613,13420,1.0999378930430463,0,2.0,9123
1636,Senecaville Lake,matched,0,a30f3ccabd6c57ee210b7371da9771501c64987eba1ddf1e0dc76558d2508dc5,e7a538cb964cb45d67ccbefb9579edaa3a4a2a97e77975953331a4e22b648c3b,13895,0.5716488139305662,0,36.0,12622,13891,0.2275496464184601,0,11.0,7656
1645,Cecil M. Harden Lake,matched,0,87fd6b43866e4623a88a7d4d65cd8310b410beb002cfa5da5e2395d2b980a21a,ec2c892d8285ad91bf22f9fc1729ea8b36250ddde51ab4b7e97b966165e0279e,13419,0.8458249221082444,0,4.0,11771,13423,0.24669600159039154,0,0.0,7408
1650,Burr Oak Lake,matched,0,9e8867852ff68938f509b53b2c51c3e83bd756c3282db1a603ae009e93229297,ff915b379eef59795d8ee4daaf5a6ef4f4ff76e692deb0373d492983357a3883,13935,0.18645191085595822,0,2.0,11877,13878,0.10947657456924488,1,9.0,6282
1654,Cagles Mill Lake,matched,0,a52297a7ccfa2ab4c3d23849b8005e4ea55ab315c7225e0a9d4ca5964f95c23f,a946db6b9c3e645df54932516a38ce476885f292f979a2e83cd52742b743ee2e,13419,1.0941350871376048,0,4.0,12549,13423,0.4218761975443404,0,0.0,9062
1655,Caesar Creek Lake,matched,0,a8125774ef10b3b88678709ea8494a88a27259aa6accc30ce1d6f2b6ce6d5859,db8570ab8d598eaf4732e3513295b11faf61c42e36c5e04d64e6e991b076a399,13450,0.9862421580644004,0,13.0,11008,13450,0.5242394355772857,0,4.0,7521
1656,Brookville Lake,matched,0,d104491ac731b86a4d89e57e6a791adfe0124dc5c4aac65468f8b85e3440a7e2,749ed25f847cf62acefb24950314ce6af2792f63d6af4d67cd082a817f129af5,13422,1.5105129260526198,0,1.0,12095,13422,0.6889672368963783,0,1.0,7064
168,Harry L. Englebright Lake,matched,0,4bced4d550df20fd34624c7915107f6dee6922c5cc7a16a519646c50110af6d3,476381ca33868b2293d9ce76203e4ae61f8944b4fea50b8c4af97ff6b996d9f3,8374,17.498779382616952,34,733.0,8323,14153,2.669186997164962,0,1.0,10658
1683,William H. Harsha Lake,matched,0,7a03d14c5ec8776164ccc015fc255d00ba61916e6842d95718f948a1360e17cf,8d1233c73ed343ab3331a8f0843c635f23dba5ba35a6158475ec7a664a4521f5,13450,2.160264756159869,0,13.0,10237,13450,0.9149106200096978,0,4.0,7979
169,Lake Mendocino,matched,0,d1255b586ed9332b1d41303bbfcb2276194362278da9c1bd496c93715090455a,56d4e2c96a40004cdb64410835624d08e848278128be66fe23da47eb2c4d7932,8476,0.9968675835464904,40,633.0,8237,14518,0.8349880545240191,0,0.0,10004
1691,Burnsville Lake,matched,0,0174df28d9aa633db6d31d66345f5aa31b1a9f3bc3e40f7df1b0f0810b80967c,7b51252df9990788cdfa7ab839c654cb6855a4b3302035d43226183fc8aa13ee,13922,0.8106323021395254,0,15.0,13512,13919,0.5325314939819168,0,11.0,10032
1699,Sutton Lake,matched,0,c96c0887dc6a5db62e2fab0bd0bb503596e637e26630568d9db8468bfc921a13,dfcb700a93d4b8a4f225a11a01738b2a70ab6275876f3a0393b99a9720957bd9,13918,2.616195467913483,0,17.0,13811,13919,1.8647724459372077,0,10.0,12547
1703,Patoka Lake,matched,0,5c1cf964a36835832ee9932a96d0d6ba321c6c8cc7212ffe446b24a671cb87c2,a5ca0a1c1a2be030993981a372f0341b311609c19a5f4b65acf0c41c92891d15,13420,1.3945628762653262,0,3.0,9350,13423,0.16580809755481346,0,0.0,5312
1706,Beech Fork Lake,matched,0,9f4ada572cf2ca7fd88b3451a68c69791163fbacefcdfaed8a6d4b7ad2e2eec3,5103bdbfb904336da7b4302d2c44d9e12aa006ad678529e05710c163f318e274,13893,0.8528149696858209,0,34.0,13545,13870,0.503322774695576,0,15.0,13447
1707,Grayson Lake,matched,0,be01f8e42a56d8b0c435d3b594225bb351c9e0a85c61bd7222eaf5123f619e78,f357dcdd54a893d73f8d0f38e786fb2ce2e8bf42d43b612279b79dacc744c9ca,13917,0.9680995690864547,0,20.0,12974,13917,0.4846355011741949,0,9.0,9171
1709,Summersville Lake,matched,0,a790f0007ad89ad1f3201d2cc1f31529776971d9c1aa5da915bc0a19a4735eed,93c2d938abeea9fb73560db4a675a6397d6da61bad60313bde0002ea7100db92,13933,4.006684164458896,0,4.0,13873,13919,3.207250726381726,0,10.0,12805
1712,East Lynn Lake,matched,0,8c1de06898f61d9a62873e5e6200f334e7b16c3c8a709213b5422d8441b12735,12cfd296bdfe7e94011240f0279934f9179603797409ee8c6d61584648aa4d3b,13872,0.5366007205783973,0,61.0,13274,13879,0.36792960582064865,0,18.0,10037
1713,Yatesville Lake,matched,0,195c0141af1751dc07b11133d944a15d4a31448c720e623f10548e85faf5a49b,77b2d08dce7472fc692d2cecb1c8a4709cfc5ca15f987b72254384af7d28ed7b,9628,0.9438999647103442,0,36.0,9285,9629,0.38103142468697726,0,11.0,6267
1714,Cave Run Lake,matched,0,94d45d912495a07f157920fe9898c4e4abd0874c6e8467073a9b0785823c5891,a8489df0c5afd5d5c463eedab1fa2522b008bcd30e5dbf31ca954405a872c23d,13422,2.591295111550979,0,10.0,12151,13419,1.0696903843671042,0,3.0,8049
1716,Rend Lake,matched,0,90598f8f956dc9c776307d44d5090ae22e327f1dda6f57e24e4337da61f52f07,5a8ad05e1328aaa423140fcc4c5987f4c5662ec638a12e0c5008d1179bbe4bcb,10222,2.1412580085362554,0,98.0,6647,11423,0.19219671831764049,0,48.0,6960
1718,Taylorsville Lake,matched,0,5d1ac1b6c6700afeaa4011220180b33975e6ed5d21f1bde4d987decaeffac897,026e115f20cf42ac903ecd497f2b9376bb51d3a9a244b7fb78b9036b9fd32088,13359,2.262816532161097,0,5.0,11122,13361,0.7022342292731711,0,2.0,6879
1723,Paintsville Lake,matched,0,01ee3210cfc2adf9cbe1b0a16b5eb86564c47c5498bea6779ae95bb8be1753d4,a9013d701dfc65b33bf887b230e97a775693179c0ccbbc7d894ab75ad3ad97b4,11950,0.4938803497403582,0,48.0,11462,11961,0.3253767541662173,0,11.0,7711
1726,Dewey Lake,matched,0,47066b8ad3ea432edc9c2e46eeb8de17cc5197b71a04bdb71628263b31172af0,65f75bda7644feccca6ff891316805f21628476a4f73490e3353fb6c107d4028,13924,0.5992438157208142,0,14.0,13379,13926,0.4814551240867012,0,6.0,10305
173,,matched,0,b15d85327715caf3736100761c38a753a13a98abfb1d790ae2f7849438351ff5,e9aab82020f379afb2411d09c024e48da86f585eb6f9e49a8e179a0e8a986933,6715,1.5261574696077156,1979,742.0,6144,7485,0.14062904936196702,0,397.0,2233
1733,R.D. Bailey Lake,matched,0,d74c8026f7d6ac831d825dc9bf2e69c50ca94e9eb06dbc5afaeb74cd1526369c,65b129289e97e264cb09c31e7d0a9d5b192ed5b598b71b5bb08b23ca70069427,13707,1.7122537297881628,0,53.0,13486,13725,1.1542984794508706,0,10.0,12328
1735,Fishtrap Lake,matched,0,681920591d21fcdf6816dd396d9de742a7417d052d8f61e43545e9ae151ce7c2,fca41b52da567091c56b15d7f2709c358740f1cdba9e6a8ef3190d0e4304b4c9,13016,0.9148366609206211,0,555.0,12807,13887,0.8215835275488771,0,16.0,11955
1739,Buckhorn Lake,matched,0,e419832b3316cf3260329339817c5993bed6c9d0396fafd94e94856e829f8c00,bf2442d4068aa181583c506ac31745955b44a885a99b89d36c3ba0de509cc1d2,13424,1.7465744732674453,0,8.0,12764,13424,0.8278463015004142,0,1.0,10369
1740,Nolin Lake,matched,0,b59c8f7c709dbf59ec4946de4679d021b1abb227f491539200f57ef05525b102,e565d4d8735c013c2da697362df069fc15464b074ce64b5056d39ffbcc35e232,13423,2.3002623763883534,0,0.0,12667,13420,1.3427517069645132,0,2.0,9286
1741,Green River Lake,matched,0,ca6ed43c58782d76cdf3715c0146e849ddaf1d9dc4b68df4835b2b2e829bfd19,9b1fe56f9afdf50661d15cac2a1465a946cb4ee2e79130746b2ad30e075b8665,13420,3.716041143455222,0,3.0,11691,13419,1.2942250352040674,0,3.0,8186
1742,John W. Flannagan Lake,matched,0,04c6e2324907d9bde01c46bcf575f06258b2b36300c0d0551bfd17016b1cc0c1,9c3de3530ff41ec2683e3c10965b0edbad4be096fda1bd63932b2bdfc3485d4f,13926,0.6179748754371797,0,11.0,13462,13933,0.5420568984903945,0,2.0,9554
1744,Carr Creek Lake,matched,0,694cf08eceb904f57b7a34ea159f2d22dcb8d5248cac3faa4937350969c4c142,305cd5c71b54e15c74ba7502a28ea8f2ca9520f2f55c2a662f7a25eb74620d95,13419,0.2821965262896524,0,13.0,11065,13419,0.132795732962864,0,3.0,7170
1752,Lake Barkley,matched,0,62d14128294a21f531502c9d4a77f8b99e23dc8d90e04f5700a26489a57f66b1,684d683e901242b1ef09bebd5fc3ba95de185096d82d541525f4a4daefb1d630,14580,39.25638738314534,37,23.0,14527,14580,21.83781508990999,2,10.0,14013
1753,Kentucky Lake,matched,0,bd19aac71710549fbeb8fb3e219a00188a9a05b64b2d9ad56a9250dc99268db1,fd4c585c52620b5da0d0bdade2175e2813dfbf270db3067d3081d4e51b7d70b9,14610,54.80910371164777,0,0.0,14562,14610,41.31775200373479,0,0.0,14180
1754,Laurel Lake,matched,0,1f53090b7ed05e099d37ba9f3ce915dc28864fc18cc61cecc7ee317ed239d01b,0ef0e0c7fb0f8d5e9e6835e6f1a7534c0bee01c9d41f58db69e54f6b40a04fcd,14516,2.0937185601930017,2548,23.0,14298,14584,1.8329979072385263,0,6.0,14014
1755,Barren River Lake,matched,0,e42e75371809baffc764abc09e68c1dcfb1a721039e51f0470f5980043a62cc4,7d67e2cfd1dfd19da84e6b622fa74038f5538fd33438c485c20085088dc83852,13420,5.190254058154603,0,3.0,12732,13422,1.190995288289397,0,1.0,9724
1756,Lake Cumberland,matched,0,eb631c12c2afc56181b48a8577e4f5b5fee564206f6498ce54aba20cf67e592b,bedd19a0e9bb5f0c9b4c0b0dc393a14ae167ac2efb8447996a8a3f59325cf625,14604,28.71743490177894,1154,4.0,14545,14607,7.858603861912791,0,1.0,13821
1761,John H. Kerr Reservoir,matched,0,8ccb1d6e5bfbd115892cf298e6f8fb22af9c64bb6f0ab48c4e2bb21bc13f2ecd,3fc04b5421aa6d52fef09386c8a71856eb26eb5dc2617362d6ca6f1d4ce1d544,14610,13.998810836987108,139,0.0,14592,14609,15.531457695621821,0,1.0,14404
1762,Dale Hollow Lake,matched,0,9d7c698bcc6a7f115d8c7dd36971d0516aa38458f43c87f77dcdeabd08b230c3,d77309343e9eb21bb9407a2acd90f480d3c74c9bf715840b4b081158ba5f1805,14332,9.062669833630817,2911,26.0,14112,14583,1.9211230443993998,0,7.0,12639
1768,Old Hickory Lake,matched,0,5cdca50258e2a19ff7330b3bb2dcad277dab4c26cf106d9359a72c9cc6148403,c4a4e43705703ccbe660cb975893c678cce50f302e7949716fbf348160e824bb,14566,38.083702131952215,5,36.0,14533,14578,18.604547359581566,2,12.0,14170
1775,J. Percy Priest Lake,matched,0,67fb204eeccdc44262a6975b7b9ddd6cc94518a9eb9bbd264588800e5476f6bc,01de23ffef5f1cb4f4fde87b01a27bad3f17809b87b2cafbc45eef3eb7e0023b,14400,7.584167199390577,2183,5.0,13518,14605,2.214955049404032,0,2.0,6720
1776,W. Kerr Scott Reservoir,matched,0,727ef5083b92e802529e7f750263cb33c12707b862ca3c8407ff77f38f497912,59f272336af82c1930e944203ec766f067ae6c9c013e0d06a074e9ca3d125dc8,14610,0.9588592460990588,4,0.0,13886,14608,0.6233544438206625,1,2.0,10238
1777,Center Hill Lake,matched,0,b008f1a0182ae5fb6bf8e9a643ca28400c64095415ff052f2bb3839c79138314,c7b1937f7f6dd84efe5d862f34a8cef2d33c99e433c75d7a0857dbdb58b2babb,14579,10.726766648058653,571,24.0,14427,14607,4.35090006302815,0,1.0,12791
1782,Falls Lake,matched,0,1a883c95303002e0ff288f4529f587b92cef3a349b3075cb6f8908b050fe4632,73eeb2f3833aa42097faf2f5f4e2784fb00c14a059f288804452a6544599388a,13027,5.381308603151918,3237,0.0,12969,13088,0.6483552023260604,0,0.0,5802
1796,B. Everett Jordan Lake,matched,0,b2ba1cb4eacce4ae149faf70cda09c7f03b1d68897938687fd298ceb063ff88a,737aceddbcd625acc58024b42a64d69d8b1313a0ccd490c1e32d82f62a5309a8,14610,5.954022538390807,1004,0.0,14207,14606,2.0783189337764707,14,0.0,9951
180,Lake Sonoma,matched,0,bb5c34901d97beba7f14dd97ffc509d6009d17dd4d6a2abcf3edb0d7f953bf5f,93fa6919420f2aa83e26d65b4b303685c58a96645d8f5aa052837dd1b184e803,8414,2.4037417656581126,1598,617.0,8117,8597,0.42625920169507064,0,288.0,4537
182,Folsom Lake,matched,0,c6e1a2ad8714650e84d7f6888878f2debd1e18a20920ddcc3b9db040df7e9eb0,bf9e5db45d3f4a93384926a67c5e3929922ffd9495bec8c720007bc219bc465a,14337,7.533145693462642,0,8.0,14321,11445,3.2958457607580827,0,198.0,11409
1848,Sardis Lake,matched,0,c89610887d65a8fe8ad02ba67200e363c07ddc0391c99a34c38c7550427faff2,810b4ab716b5854b5b587b0c41bd51daf4a61109991e36699a5c17473eff4cb1,14610,8.567804588345286,0,0.0,12894,14610,1.407208216215814,0,0.0,5284
185,Lake Berryessa,matched,0,8350063e4d6acde95139ef066ace0cb697bcd9c1772198573c93b5cc2983d160,7dfb7a5f5d67e7bb058ded96072d727d487a774fc0ac6f57f1ec73df687ea79a,14258,5.627556358785442,4127,11.0,14175,8097,0.31119592217879144,1,146.0,6259
1851,Hartwell Lake,matched,0,d1ceb849261981af4e4dbd5e0284a507720139785f744822a0d4b91c020c76fc,94373561f51ed8fb4fda2898fd10f5f52ce2dc915175f39442e86637c0a17123,14610,11.636423184842954,321,0.0,14436,14610,9.554479672301085,0,0.0,12986
1864,Enid Lake,matched,0,1a425e742e2348ff344eaf63b318376e73443dc1ef060c964677eef6f4fbf6cd,975344b9b083259c9e570cafff3cc02c16de299088501cc9cfab528766179de5,14610,5.245772803271533,0,0.0,11979,14610,0.6027965291739825,0,0.0,3345
1869,Grenada Lake,matched,0,b1af4c1b1f8c62dc4ca0ace72bafd90166dedc041240e4ea1c8a020cc70689db,f14bb143591ac37de8826de309cc26ce2340e3200025b741932144faf82e1c81,14610,10.00758990827208,0,0.0,11957,14610,1.2019893862849547,0,0.0,4913
1872,J. Strom Thurmond Lake,matched,0,aa7b449d403608fabece653ec83fa63b3e4cc29ef487ba86ed6281d556deb0df,7d88466eb7cd349efd5a2cf3ff7b1617025b8b8697cf01e7952fd453b9095613,14610,34.125568493967144,1285,0.0,14592,10652,4.718864453467267,0,0.0,10612
1879,Lake Marion,matched,0,25001c13895c038d60323caa08a338cf06b166c8a4c8aba55788a1e66c3c469d,ea53429550f488f60b4a7209bdc28c016bd35352717dadd96137ed5072812861,14258,5.918440879423708,0,110.0,13906,14199,7.93552954656417,28,22.0,13966
1883,Laurens Shoals,matched,0,ea64a4a2fb959f7bc4d92660f2379a4319f521b5047a05e8da4c0a1163914886,bf69e76d478c2ad44974d16444f1a3e18a62e6db433c4fc4626a61c5277230f0,13908,1.3173639666357873,0,177.0,12521,13948,0.20453701830366747,0,40.0,11182
1890,Lake Moultrie,matched,0,fbb9b39e8a1fb82811c73eb735e5995ffb8dc6d7a15e371d41a22ecc45baca95,a1e4ab76264c0636ac03b1029c558c784602be87967eb0f7d7643ad360e4ae80,4353,3.583699202135967,1,21.0,4349,14539,1.9244502338755693,0,18.0,13086
190,,matched,0,a62c307e4997c4f4b3d93b3751753e9ea7c3dde714187322c032cb8342a3d0a4,30f4d270431df886594789861a1c6d51cdb6deb1def353c29aad230d2ba1f774,7380,1.3909109144578315,9,666.0,7259,7832,2.046259186207647,0,211.0,6523
191,,matched,0,84bb79c71a03ec128e857f27bc342975bf3bdf8dc9c01965b921d857a745766e,38411aab4e45b72b5ea0718f7fb2478ef2080240377a43df9b6ecbd26b620fbf,8398,1.117485913920945,2,661.0,5958,8644,0.21871623902861811,0,345.0,6511
1910,Eufaula,matched,0,d85d6659b31c450bacc7865a5da85d694e4ed9e1f5f88c7798f0b10609902f3e,c2bdb1f0018c4250108ab985ed148b814f00c0cdaa07981bde6f577b2e32b546,13148,15.810470561511531,38,1.0,13083,13148,12.409428023852199,0,1.0,12914
1916,Lake Seminole,matched,0,978b23213fdeff2311126aceb8e23fd0b739f22d93743d50165bc08b03c6fe3f,5b480a9931b3d325a3d9cf679e32ac6b0226c739e75a126ce034c539c7bca0ce,6494,0.04360279277234898,0,16.0,5848,14124,10.659186339143158,0,1.0,12824
193,New Hogan Lake,matched,0,3de08634326005c4396b3aa542c9ff8165f5e327ba241a43a8f6c86ac597d313,1ad9489696ec76cc4d2cf7812d5c02768341206369a26e0727cfae9e3f6e86f1,8363,1.9622351126848374,964,672.0,8118,8917,0.3127018399272019,0,317.0,6771
198,New Melones,matched,0,0a0caeb3ea1f1de2af53bb304f54dccdcdda88ded26d552bedd7f1682de7936a,c2756bd7ab3a80cceedfad350eb300c61cee4ce3271269b98b233dd673258970,9229,3.089539429097061,17,90.0,9199,11421,2.5453785317003055,0,213.0,10469
203,,matched,0,d34b7f1b0a920a98724eb242281334138b25f77d9966c99e360f43149a7f464a,ebc1fd07e9adfbcfc4b8dcd1b74c8c9d4cb74f3bde88c53661ce5cb465e92715,6603,0.8811590446141024,197,552.0,5846,7358,0.2829826612347315,1,277.0,5438
204,,matched,0,022e4590790401334cfa83efd053e862b4e96fee57f7c427297161f17c1d7eb9,80ce4b0227cc5123caead6e566b6d585555866f22bcc1ad802273205b9b36cb9,14329,3.066606192133241,573,8.0,14291,14518,0.41644610424141143,0,0.0,12115
210,Don Pedro Reservoir,matched,0,1690c81164a6d45591e65220f89111cb3503287bbec0be8844d93e01d6d1729b,344bc2724b0eeb6262abe9696aa9af9b72f9b0489d8c9d7f88735899f099765e,7488,5.707113860185992,314,901.0,7385,14518,0.8530139052770075,0,0.0,11475
214,Lake McClure,matched,0,4d186abb4a77ecc4856dad734e356de5f3b72dac58b6b4ed2017315c47f0029f,0df2bd831aa760c39e80faa51f05ca34c4eaae21caa4dc1980199c68bda594c0,8207,2.6103002658078363,1,778.0,7792,7702,1.2730266489639466,0,427.0,7410
2158,,matched,0,88275da3c421cc623f5d95a230be9a1497cae6dce085054d06d1e4afbdd5fd71,65a9e8fd94ab51034c7b3f3e23534a97a6696bb09867c38b249bac5567592b13,6686,1.3390737452249384,18,135.0,6581,9587,0.6996808048672745,0,2.0,9304
2188,Littleville Lake,matched,0,64de77d3e906aea0849e74da5e5b79ebd857b7ba5f7fdff10dce446f79ca020c,aeb4f736b95cbacec572b72b535862ee2e5b9a9c9cf0876a7d7d5104c3583e07,6212,0.31407007989250973,20,7.0,5561,6281,0.1887710971359692,0,16.0,5524
223,,matched,0,dd8ed924e8ef7e7b59bc56ef5215217351738f7bfbd94085e29a66a24149320d,363cef7b3bab2cce2909eff188ec1ae281783a8dbcf8d5b08a71a523d83d076f,8255,0.3555950797944282,38,832.0,8001,8591,0.14577908996331213,0,419.0,5221
292,Lake Sherburne,matched,0,07c47f6f14c4e59794036b13311c0424daaa0e6cdb9def3867e2d549967aeab4,6b807170364fef61e237b78b69219e8cf7503a80fcf44639b0f81b932067f86c,14592,0.31175839497490665,261,0.0,13022,14610,0.13241644437996608,0,0.0,7004
293,Fresno,matched,0,24e4cc74d8860b141f4d3b0ddddc76e914cd6d656b7a437f3ba9584a2ef2a474,f599924d6ef790e3cb33f03ea0d50757ecbc177477378ef3a09ffaf6b4ad4b42,13707,0.7159642470436719,1317,8.0,11940,14610,0.1356915748792271,0,0.0,6843
297,Lake Koocanusa,matched,0,58dbbea424810724ec8470a838b512b9f8b7ac4ba2e7124550a039fc6a23fc79,39c74a2c49365a6e59c7e58f2ae76b0ed89308e5757b73a2eb5ee4ebdede15c7,13800,10.28150806859439,0,79.0,13146,13839,7.061194009433922,0,33.0,5766
300,Lake Elwell,matched,0,e776e88e10aa4ad5414be3195e10dc8f8968e31402b276ae1163abdd51667009,a47d036d4a21be5b8a54fb10afe30b42c9c41847532c8baf368e01bd5e18032e,14393,1.0903156233930074,273,0.0,12943,14610,0.08893782121139977,0,0.0,8425
307,Fort Peck Lake,matched,0,f46b1a55008c3c798df63e2b6821004d4742713ce8740f8d8915cd603ee4bf64,92b1878526bbd99e7146af090f5003803052ac82120f9fcdae65050aca922a1c,14607,7.1636666035455,0,3.0,7625,14610,2.0639941893630533,0,0.0,11183
310,Franklin D. Roosevelt,matched,0,068f13eff6a4648cd08411eb12819c1cf53db1d1e059746da97c6ce45c68e64c,74d4ff2034d8cc8144810a8573fe4430e68c0f6e41b3b6a2fefcb5b8e20f61db,14204,52.63305941429288,0,3.0,14107,14207,111.89375046235119,0,0.0,14071
316,Flathead Lake,matched,0,7921b4eaad5c5e2b263815017e469c3f05389e8eda25e3567655e553218b1b5e,ec72b064d4346d630a9eaba6b815a16bdd6b1e760bf8bdb7d0524fefe1323ad0,7305,4.044177515559126,0,0.0,7278,7305,2.6072569781467925,0,0.0,6087
317,Pishkun,matched,0,4330c4689a944fa0e0ff04d6ee3969ed19dcf645eb96468a8c9a13068cda1d72,8c82102dc1b4da2a2de62557982cca7afd43b1588b932782a210244ee8a0cdcf,8510,0.33110010369774495,1033,13.0,5010,9562,0.1495833246182807,0,2.0,3199
319,Gibson,matched,0,6bc3be8163a15a67a4d3b5572927dc2e869679227efe245e09420248ea087bb7,a05af0fbb9b5e3202a94e902c1eeb8c8425e594745c769584c86d2c39b37a28a,14610,0.6775964824767631,2,0.0,13086,14610,0.4465844394548106,0,0.0,7582
320,Willow Creek,matched,0,e0bae197c879449b0958a8f00250bc484e45f7bc8603783915b34cb126461609,5dc8adb2c10e9b420ea5039b99870df1c7a141323cfa558cc389e5a04622ce0d,11520,0.1329227978296623,1292,0.0,7122,12418,0.01287083076576545,0,0.0,1260
355,Bighorn Lake,matched,0,6e932911d131884b967ad4aabb419e84fc2828aa2a0a199696c177cf084b213d,e930d7174e22252a7a283d192f43626ed9049b6dc7ae6ed75d6fb1a737470258,14610,2.622957426340902,0,0.0,14589,14610,1.6534809422125007,0,0.0,14576
361,Thief Valley,matched,0,d2f2a33e3eae2f7525fd2eed8308e8ca64be042c4305b849d9d6fad9071dc0d0,20ac18812f43da9f50313db1832137450cec129cbc82bfca08f01be36769b355,12585,0.22931698147068025,331,165.0,12208,14610,0.1366225794621512,0,0.0,10162
362,Clark Canyon,matched,0,722f604ed49e04e8569de722f953ca37de496738f73e365bc106b82a586a7830,50b83de9b8588d60f55dd917550e6894343531d2a8799d94598fca64383e0bcf,14610,0.2707703008957533,0,0.0,13206,14610,0.07006717965657826,0,0.0,6007
364,Hebgen Lake,matched,0,f1bd2fedc6a1a129c04dd59d22a4c30f0da6904d9dd2d3c126566b63feea26ec,e8404d4fe8165038a711336faf667d9a8c54ca0e865289d4fa8af281a1dcc011,11592,1.2716412128126806,13,38.0,10866,11693,0.1316677901526107,0,13.0,8491
367,Phillips Lake,matched,0,fd7b445e7d47fe836c1bf78f39ef818fc1e02d27b3368cbb396ed387e5d1fefa,55237c3c9fe57ce67c0cdf49859c96675d3f1d7aff7b83938653e8eb6d21db5e,14555,0.21201620694769538,1276,0.0,13342,14610,0.04915477479193325,0,0.0,6419
368,,matched,0,4c584b42594f351ee7f7d0214cdf0a15194e0f679ad55f4f595a5782a7dd5db5,3a17c509ebf2ce782b237f97689b23bc52e6a3123a4f8f9a1dd44a849748cbb2,10490,0.44384065749305623,358,23.0,8448,12324,0.04157240032619144,0,11.0,5191
372,Unity,matched,0,4f1165c9f835610de5993372e4b222cd1023fa56f64ac04119470d78552dd4a5,9cc069add0ef430a97d28284e655efbe44a587b030f9cb3d4cdfc31eb0615d94,14585,0.14694205639980085,466,0.0,13397,14610,0.05958870684661093,0,0.0,7679
373,Buffalo Bill,matched,0,b778e7fa929bfd18bc39a2ded60107bb0cee7b5aea1b45401a76125985562de3,0eafce545e2f85aa495d982394faa358389364b6f8e6e953b59a17086b23b4a9,14610,1.508293089347181,2,0.0,14475,14610,0.32761052245335237,0,0.0,12924
374,Island Park,matched,0,d8a353993cf4a1bb101531778ac46d62a96bab40043a9696fa718f3aa6b3fde2,2c89123774d6a32b01cfc753b535eb7c0ffac5c6c923f2f09c0fd4e22f847f88,14610,0.7773438183197929,9,0.0,14395,11506,0.6713639721868233,0,50.0,4420
378,Grassy Lake,matched,0,cb658d9628289e1d60dae058691046667a185c562c7af7b62bb1c5717e3eb556,dce24012548981e4835ba1c1049cbb81abd65a4aa3ae1146ea68f47ba35dd8ed,13525,0.07652957744723446,1221,8.0,9064,13916,0.00769538856703439,0,1.0,1195
384,Jackson Lake,matched,0,76166e0a03cbcb4bbb518c7d2f35130dabd2b5b888bbdfcef0f86662c505c6e8,310404e375add714880414e270e05ac5a995fd045746d81c27d964017c141568,14610,2.459168166455872,113,0.0,13974,14610,0.3803301705006498,0,0.0,9397
385,Anchor,matched,0,09260c8cb464d2a9c332afab9ed9527b7c222565d6d5f5e022b4b1b846301bbc,5a1a68074a5d809ae63eab0c97d7507a6b6dc66d20ded6e6f62cf3f88d0c1366,14122,0.0897577883791081,946,12.0,8628,14610,0.017531563411996944,0,0.0,5801
386,Lake Owyhee,matched,0,b8457248ea00a4c4b2b2f88e5dec0f2d0f9b97178ebb75f34f7c60612578e8c4,8848fe433b8974cdda147fb83cc5bf12bbaf2c2cda4ec4bf876a596cb4a6e4ef,14610,2.1686001141415945,211,0.0,14324,14610,0.29404839334285626,0,0.0,6767
390,Ririe,matched,0,fa1b346b306dcc38372a498ed1883d4e79e1e9b9215800e39af07df20233518d,e96c40bd2a11f4f4b7972f43391d74a38c07d5e4ee22784213853af3cd97e504,14517,0.2712731379698102,1094,0.0,13707,14610,0.06345405029312859,0,0.0,4555
391,Lucky Peak Lake,matched,0,a5ff2ce1dee81ceb74b4d9a5e477dacbe2c1fdc8efd5094b5f2a44b95814d3b7,94184d3580e4e79c32eb867e27367aad847241e9ae429f272a2f7e0ff075b652,12760,1.1897047103067786,25,22.0,12618,14610,0.45301386522532705,0,0.0,9297
393,Boysen,matched,0,0e6561a9ad744db8648797c7c6282b013f2238802fdc94174fbc597cdbdfffce,06c0084c85ae5ba51b80eea2b237a3cc97cdfff6dc7dcd2f60614718b56bb74f,14610,2.1091472727087863,5,0.0,14481,14610,0.2841478547153528,0,0.0,12979
398,Bull Lake,matched,0,32e9d6fff7087266743714feda7128b7b0f066074070332d5d8ced83046cf14e,4ef4bd90942fed520cea1ec6db195349c1ac2e03e59b92a01766917d8c50fe47,14610,0.4056151503172667,135,0.0,12645,14610,0.16340241337082997,0,0.0,6761
399,Pilot Butte,matched,0,62d9d0187629b0bed49d052e6424ac7431333cd2ca6c0110268f5c99acb444e6,c0d97365e4e778d7bd8f311bd427e42d529d0c7eb8238c39babc99443fb5c754,14311,0.4898662363870006,2374,8.0,11044,14610,0.05965892864228392,0,0.0,5455
41,,matched,0,aee5d11882f6394b6ade8331a8d349b6134748c88ccb3c49f80d5830a5a2dd10,42f904bf73ca784816d3e3c94d47ce1cce12ef58e1aff88f55a4d2cea21c5579,14609,4.6110455328014,1,1.0,14389,10865,5.2347727766662,0,0.0,10802
413,Lake Walcott,matched,0,2da878e927a5c024461119e1f18b92f68118897bd2d162da7d16d58e5885824d,6ba174504c19381dfdbaebf028063a37614433d956219cc89e94e9b4a2da3f0a,12779,3.2005828168241375,72,4.0,12748,12689,1.6155675687894488,0,29.0,12466
415,Alcova,matched,0,7b61c1b2f100365faffe72fdf280b69ab814299a2694d7382e4f7c94e674b543,e25ecbca5fb8f9a0d4e2501ed2ffe2e01616c57966910c423866aa047c16bc66,14337,1.039890446897811,13,8.0,14213,14610,0.7150552185419952,0,0.0,14427
416,Pathfinder,matched,0,b0809bc7cbd6bb3b7d65522ec149a0ce7293d2a9bb01ab0274ea49841d94c34d,1d6eba981a46ecd7f2151fc395332490ff2e989130356ac4444fae1f3044e172,14337,2.0443230283254135,2,8.0,14307,14610,1.0315351328800009,4,0.0,14461
419,,matched,0,b28f186ecaf7563eb055068a917ed0008d6a1328174449e9ce0943ff1849c374,cfd3cf4faac2500310b8935fa475b1897b9f363edf85a20b1576c5893fc6ea54,11156,0.21980389390611785,406,220.0,8490,11695,0.05247947149468551,2,215.0,3717
42,,matched,0,efc23688164e5d12f833bf48c667534bb37fa707d36e3eb8ce5bd7d13c87e9d6,81509866e8380861689eebc28d2e3d5a997a308b886022e095b3444bfe72599d,14608,5.799247784939164,1,2.0,14394,10865,2.8416806209741425,0,0.0,10794
420,Eden,matched,0,5064dffc86e33a7d060016e92a04d74753e03965d99039d03d4615888bb73e41,02045a8773a6e235725e6dcfc849da6854f0ad301d903f7326c2526810a89a48,5589,0.37925997648643395,739,237.0,2662,5698,0.003925680688952529,0,26.0,142
421,Seminoe,matched,0,1f7ae45e6430b7743f5bfbefadc46f459fec215f6a1457cea364adc7a7b1cecd,98a20a01104102ddf696c45847f678387fb0dffaf9f78c1370e956f8275f9159,14337,2.221231074720016,5,8.0,14301,14610,0.6889790464839449,0,0.0,14321
423,Fontenelle,matched,0,fa440d154e1b64ecf4416a052eed2363aaef52a5e3445211a881df1cad213665,e2fae763ee1c97720bfe74e1b6a274db3f7d12e0a99b5a853f3ceb4294d070e7,14610,0.9001795440337668,3,0.0,14395,14610,0.3769001826523425,0,0.0,11191
431,Hyrum,matched,0,6bf586ee1ef622bb5c3fb7f33546ca6512e32b462c135b063a53342ccbe84668,7e27b327d99de5bee6d3133b713eb1b2f0068817617e322ced91ab79b3541d8c,10162,0.1967431968481666,414,29.0,7609,10946,0.05699628463458026,18,257.0,4895
437,Willard,matched,0,574020d444a9d45fb5a95306e8960bd3427c9b2c39f3950106bf2edc9acabc61,60c72fe05571ad90196078dde7a6cbdb9d8d03c617ce7102c977e8f1f24ca74a,8868,1.35959975105554,1945,40.0,5155,10020,0.06000123068341044,0,6.0,1576
438,Pineview,matched,0,73ca103fc9d681763abae55b03f482d865cce60537c3c4f69101fd42ed241f87,71c0d88512fd01c99d74480239ad62f2776cd217fd967ec8aa32a9806c8913ab,12049,0.6963155859029649,569,66.0,11157,14123,0.1359002620618803,0,12.0,8163
442,Lost Creek,matched,0,82545652310367a3776b0d9be85d6d3cee2457e12865f15e7965ea0049ca9b80,817352b1573eee60d9bcf48c2dae34c4699261bfbbb158c31159daeba459e880,10933,0.06914860386948435,281,8.0,8451,10934,0.01009096898253818,0,1.0,2435
445,,matched,0,d70b46752a9dbbdf8b8706c55ca8ba45469b17263e77d81eec5dfc7c3bb4d009,663f3b341e78f6e12d37d29a9b8719f63ec9941006a7bce79b0abe9ae79b39d9,14358,0.2078420679874893,123,16.0,9978,14457,0.06140596844067953,0,1.0,3138
448,,matched,0,36001a78ff22cc25d46f23b0483587a8a6b48858266b0a2bfa24caca649ed135,d8b8f234c614cc6799fac763ab92cbefe77714203a9bc11ed4be5eaee69ea610,13595,0.06367292415911957,237,122.0,8149,13423,0.02429810862478066,8,85.0,2510
449,Echo,matched,0,c268812a6bb2909ebbbab69c899691f0c15035b985d45ef633d306278a4cde5a,90436d532c11092836388d31d1afe9ced4d4fb416e465608e5f6fac8e78e2694,14502,0.44906231031944643,81,35.0,13457,14609,0.1543640260222753,0,1.0,6610
450,East Canyon,matched,0,934b1bd616ca9347afcd8fc917a7fbb78206f1e55314e669b5c163603c18d8c5,2159dd09ceec5a931d68c0ff23db7d6d658a21fb030c275a347a5ea4d61d7856,10804,0.19871982667087051,676,65.0,9148,10899,0.014578919752215761,0,10.0,3387
451,Flaming Gorge,matched,0,d0bd64a6aa1157d7dc6251846ce55bcb6ec44afc915e4cfabeee8f6976c15225,bfe8bb9994f6288fbf7962b8713528a5e56d0a02ff25e453e06a375b63973dac,14610,3.0594321299090357,4,0.0,14413,14610,0.9010401761697866,0,0.0,12228
456,Rock Port Lake,matched,0,24aa965b893204f48ddd17daf6ddf4505a557f5644a2d3cbff5584b4974ff46f,558b30b4a834b7cf54792f5f0b0716c46144010d7fafa1b2c44962b604746838,14410,0.30000859706711613,77,83.0,12999,14609,0.0796144835226647,0,1.0,6241
458,Smith and Morehouse Reservoir,matched,0,eaf3eb6c1d249a0cb538ac4ca1548c8f6b58c3ff0cfa0231d38e5747a81896c3,6aae43ca207ba8db23da1d4b6fe276b761f5a42ad7fa9d7c014b852bc0fa8ffd,6112,0.04729376194041197,84,0.0,3603,6117,0.029535263615535705,0,0.0,1267
467,,matched,0,08bfa9e956053f65f6d8c08052c132665bd1a530060246fc0e4fac0144ac9221,7873afbf0fe67e2c621f1b525314ef7a939d777eaaf62be4dbb4afd7a2e628d3,9684,0.4118621841052874,35,4.0,9260,9708,0.08121694163276501,0,4.0,5175
469,Red Fleet,matched,0,8d4f4daedb3d569fcc925699ca51a774ee0a87e2dfff613b7180e425f636ada3,47cea297879bc38bf8060c1ebdff2338f046da31a4728a452527c62b54ff281c,11342,0.05798694002695711,258,4.0,10032,12578,0.016419927254052377,0,401.0,3170
470,,matched,0,5f42263416f95136493c4280372d6671d3824c1bf52978f9d1eb5bd833f483d8,0139b9095db0a12fe9c5970b2f37ef38196f7c7f48ed4befc6b2269a41b7b358,10567,0.15162421835645604,46,13.0,10052,10606,0.044192149384953,0,0.0,3727
471,Moon Lake,matched,0,a9f748b708986675bddec8ca66f0e2edd9376e73396c73c1660f1b9750c186bd,bf59a08c0dedbcc7ba610d684d4ba5005bfc918f4d88752d584b77772fd3a15e,10590,0.3336404066127801,352,16.0,7706,10792,0.06627713963452836,1,105.0,3691
473,Steinaker,matched,0,bb6f3438bf3f260eb319106ca569802508570483aaebf91b31ffff8982a2fba4,f6282e8c6cd298c4ccfe0f2357aba3cef3a12c14acdcd576d31a31d7b068e97e,14504,0.136968667823756,2168,0.0,11892,14610,0.020585550159211975,0,0.0,5364
477,Deer Creek,matched,0,33cbf796c214b33cf3a283856e903e0cb28c3d1ff8fcadc426762eea8dd8c990,4ae7489e0e08f6b5b728edab2270517b0d38bcdd74028794b8516f984a7da528,13058,0.4522048274026171,11,89.0,12636,14516,0.1454202977561894,0,3.0,10783
488,,matched,0,1e41f2560a65763155f1d99051c7aebe7baa9d2b4cd6dc429b294c7796e220b5,1fb7ab40ad0df5414cced05342e63d5920bc7ef14630b6e57f4586d7860ba344,14543,0.2842181749099681,109,53.0,13649,14551,0.05823186916904129,0,19.0,5771
492,Lake Granby,matched,0,b3f5da57a30710de3668cc2bd4ef89cf6a08fdb0ef4bc897c8e9195b2a2bf004,78acf28bf5d31dacf6b207c5a3082a57109e4b4f362305e69e0a183beec3750e,14572,0.5633423284984299,1402,10.0,14320,14361,0.4587480462070463,0,2.0,12196
493,Strawberry,matched,0,ad1ab39025daf989fad21cfb655d1ff0f96736fa7a16c29522e94776f2681afb,c161c0e095f498f641c410c72ecdc6fe20c6a47a59d774438b2a77108c94b406,10430,1.5466535997355946,1848,3.0,9815,13813,0.00818075514387854,0,188.0,1948
497,,matched,0,cb59c1dc6870bd98df701fcae4dc4224f711772c32866d39d15b9a61708a9a9d,a5233117e3e26c98706c1bcc6be2d249a2787e78f81213d85321c479190d1be1,14610,0.16844794225713974,26,0.0,13400,14610,0.0564766740271206,0,0.0,4675
500,,matched,0,a288164e7264f24fa2f000a5ccf04ba7613c53d80f66cb75f3cdda3c9d7905fe,c0a2e805a237fe5aaf47d74b599141ee9560f4feae87a4702af3b21f27ac3e5c,6632,0.09858789143719852,11,50.0,6229,14610,0.06766703797280005,0,0.0,6427
502,Green Mountain,matched,0,ab94f92fc0838d9562143337739817808198e492a66fd870c5865b991c848f47,1b174f35df603cfaf09aad43f6c9ae35d83c602a27b35efa932a51ed35ea2372,14385,0.30113565231627354,3,34.0,14054,14610,0.14538257683837755,0,0.0,11906
505,,matched,0,f12c08cb2e612058a50437b77f9decd815d9c8351f5c6454cca427c924a54a2d,977a4075452dffa0ebdb27ad41570812977ae2a0374cd9a767e9de954451c2bf,14578,0.0425576740043191,7,9.0,6816,14328,0.0746628599194303,31,3.0,11843
506,Scofield,matched,0,de8fc8390f733b527cce05ad121d2066824a8094c00a319ba6809b6058c30760,1d3714f4d2a85a482d8dbfa083669fe53367073977bef8af84d063db1be18878,14523,0.6623120082966862,2044,9.0,10274,14609,0.02515569350241711,0,1.0,2994
507,Rifle Gap,matched,0,a2ca517b9a50f3f6bee8eb743415e6b5455776e001b56a711fe6a6c03bd85e47,08a6993baed65ba07fdd4216db37ea8de5b1cac23f2260664d9c6ec91e6ead65,8701,0.2848877633024203,104,46.0,6870,8827,0.08980363060831406,0,122.0,2251
508,Marston Lake,matched,0,9cece3b34a8d835d2ce2d6e13ebfcc8f5af018f0e4c6dd04617242e908921739,0a907a2a4c1ad9a0be2790cc420e02f7e5da65464f317dc30c39e299d52889fd,10480,0.048381193875066675,0,138.0,3650,10480,0.06884936289213295,3,19.0,5913
509,,matched,0,f7592ccceff508abc1724e227c471eadfa9e8f30bac89303415ff29fafe33b11,ae8789a38d1b35468f1b98592a6b9b248c1009d42b8767ab6df27c41d117b239,14578,0.2560396844445865,17,9.0,13264,14610,0.08542913330655001,0,0.0,5301
511,Chatfield Lake,matched,0,3122d50d1643a05f4514e84d1e9419431a76bb7d58dcb043193ae52c4472f5fe,0780fe55faf60412dc320a00d7e15eafe2b791ad5adf599185988da6fd19cb23,14609,0.22962125941076625,0,1.0,13043,14583,0.2220622181383422,0,4.0,10413
517,,matched,0,7f93bced6a200133df648377e1956f6a6421105a8dff3aa12556bc30e6c1e04c,c461ae36fd0af31091c342c243ab26acad56be2780ea2b3b5eafaacc54b9ac26,14570,0.15152708779041044,29,34.0,13422,14579,0.04013790197474391,3,7.0,7866
518,Joes Valley,matched,0,c2ff86d664a533c71d49094985458eb2d8465b913cd66c2409a63431a6c4e433,3db4d0e704cffb064ff8f6706a81049320d6c89ca7c5d07f7a804d719dfc131c,11208,0.1979073904927493,233,89.0,7566,11826,0.034993482190491275,2,464.0,3458
522,,matched,0,88d056aef591b04739a290ffcb85f406bdbfdc4a2ba7f9ed517dd60f9c422b00,6f4213823eed06b6a0c622a1c8f6c5ccbfdc554a99fc334d19a4f0935a5aa125,14609,0.1549634461335627,4,1.0,13870,14575,0.1285181998867716,0,2.0,7474
524,,matched,0,78ae238678287fed40110f1f09ffa513e50ccf39ce4877a94c3dc6d907a2c2b1,7fbfb00e998000d493bb513450c72dda58d3fde2957c728a91eef7c2565e18f7,9858,0.11233688225737339,0,20.0,9005,14164,0.0016848668470586762,0,2.0,3326
529,,matched,0,574b51328be915ea4412906d03da574e8a3e16e395b07477ce2e0c51bb8b415e,caa11804ffc72cd3c3e42e00137eeb3f722af3ee9eb199637fb930bf5da46e17,14556,0.11094821252569853,1202,0.0,10037,14610,0.02287938020414844,0,0.0,4993
530,,matched,0,7638300ba0c12348bda887bab9b48901347fcc26be0acb5cea42bfeeef5592c7,613ef51f58a5d202a14b5f392819887b2462630ac7e4a5b3015721215c2bbcdd,10865,0.09481968523446514,0,0.0,7222,10865,0.05947752849530136,0,0.0,4127
531,Paonia,matched,0,840b1a59ecfb6bbc3b319d68abd07424491098476c878cc6982ff1bdb49e6f9f,e4be116a85e56d9ef0dda232da4f16f55799ec23e00bacd80538f737690282e6,13296,0.27654594158052975,86,34.0,10875,13745,0.22188392633761136,0,55.0,6976
533,Eleven Mile,matched,0,d54541fcec6f5b091c9df2d26da32342b30e30d8b4759e1389f2326de4397a24,a065f0bdb4d0d98edf7093595d872ffdbdb0fda0170b33dde8ebb49822288405,8201,0.22553068671370935,66,0.0,7724,8201,0.039192052665899715,0,0.0,6406
536,Taylor Park,matched,0,af527532ec2ff26f3f7828e7d0b6e4e28e323670094528bfefc2d680acf11755,77be8347ef4ac42d906f3f68ee7c7ff7e6b3ab7cb6b2ee604c45ecbd5079bd34,14599,0.2967871358640639,14,0.0,13153,14610,0.03356268671447985,0,0.0,4919
537,Crawford,matched,0,063462a0ce5ef9ec724d76d0a3cac66b7a4d46072e6f883c67195193fe1fc519,177abf9352efede6f7fe402a9831b57891f57f60aab8274a8e03f7de8a9a903b,6416,0.019678039995735183,131,65.0,3346,6752,0.004117570246154893,0,129.0,1691
541,Blue Mesa,matched,0,0dd13c054bb8638e4adbb8048dceab9999074e853ff4b73af8bfb448a34fe5cc,3d18260e80a3fb82e11f166303f5420b47c31acc439bb983b529c56fa9348c9b,14610,1.1540203003650467,0,0.0,14577,14610,1.9952051203910364,0,0.0,14271
542,Morrow Point,matched,0,aedd51c7b752511fb73a94f0e5807f0bfd378f86862f92d783a714d6b19205a4,013902fca908785b77d0d126d9702886cf7c28e16860797b081238ffa70b6ccf,14610,2.025654481693103,0,0.0,14583,14610,1.5644720022468233,16,0.0,14538
549,Silver Jack,matched,0,a8a4c828ace181d62027bf698d50a6bd570f08290dc5e9324feda04aaba20a73,cef7dc055aca1ffd71bd416a18df45ac01c338d8c2c62d54d5f4dd1b3c22bf61,13322,0.06354756379562074,240,130.0,7862,14518,0.05595972722018245,0,0.0,8972
55,Keechelus Lake,matched,0,b2753f48da4102d399dba60fc9201cfd7fc17fc75ab2ebfd088efcff1f06fd42,845898aa8c32ce154dffa741a48a36f69bab4281556cd3eff07a2d13b1310755,14610,0.7700300022170639,1,0.0,14245,14610,0.1482919590760745,0,0.0,8473
567,McPhee,matched,0,5d61e8160af9fdca6e5320c73d28e4d9ed503873a2edf17e4d56c06e562d9c1d,1f363cac1c28ce0145c0efaeba95773cd2043f1945e267132a815d6193b793f4,12972,0.6220311240021242,91,6.0,12556,12972,0.14896877852855872,0,6.0,4732
57,Kachess Lake,matched,0,583d5136f9c99f8ef1b273098e439764c1946f1d916bce23ca086f80a4f3ad0b,a8922bc8107daa649ed7ca247accb605cefae72c64e6b8ee748cb0756dad74f6,14610,0.8022989942093464,37,0.0,13930,14610,0.13947318132309613,0,0.0,8037
572,Jackson Gulch,matched,0,359368b846ac88f0fd7f28760fd5376763e0a1149ede25af7f98284b828d53ef,cdb3eb5c60ecc5c5907a82edc36ea92887c13d65bd4a4f2f9f9b1946e3a81480,14355,0.06427345834553132,948,8.0,7830,14610,0.00927920522473192,0,0.0,1889
574,Lemon,matched,0,64025ba65f3851350ac0220beef964bb767c5de56f073162df3a332e72bd81ae,1c9aee5d5f8b705a58c067385eb187190ef9dd20a9ad34959c936411a6a8d47f,14610,0.13351978839190945,18,0.0,13032,14610,0.04822296253806704,0,0.0,3849
575,Vallecito,matched,0,dce1cba4be454e79ae6ebcb300349870bccb88fa2e61f67f62426d238b38d67d,8277c55318bbc2b1671211a22fc2aa4ad2bd87788d99f55470ddee8bed826b9d,14610,0.5628514001428444,33,0.0,13905,14610,0.13000108021605214,0,0.0,5779
585,H.V. Eastman Lake,matched,0,14b32724197b3e5d2cc4514461e7ba85a6ba1514a98dfa4a7944feeb866cf271,e24ea98f8a6b9d1224e64c75945c93a2cb9c9b2c999127498c0dca8310e76e11,8294,0.9344800915901079,1446,666.0,7575,8909,0.37028648384841795,0,320.0,2941
592,Hensley Lake,matched,0,e1deb65707b35bb05144961b31ccc734775ebdb24f4294914389e80f09863260,901110779e13f40d4a4e6a285ba1f920680738d1f6a466a01c67bcdd208841ef,8328,0.6595158057150297,780,671.0,7699,8891,0.1711137655826677,0,328.0,3546
595,Millerton Lake,matched,0,6c20ace878cc654068325d8e709deca507f44a06fbd58a582e7ab84526c66c4f,46a171b045644ab22af6647109e6676a4a085346ef07321d303f60ca5f049df6,8939,3.6114232641573762,6,200.0,8921,10517,1.3176418809718367,2,485.0,9503
597,Lake Powell,matched,0,146f5015edab2673d46f0f95d071397601105682edc1be367f41493f23f0ee3a,8fb40e4dca5c226f8cc4e17742dacf1e0e694bf31b3ae525483b6d9cceddd652,14610,22.82460521902806,0,0.0,14600,14610,8.335034953228384,0,0.0,14147
60,Bumping Lake,matched,0,38c7f15cfff629c8c83878fde49e2465c244d3f974baca3639ca52987397aae1,2a3810d5e2547c9f42eb3787332b5b73b22347d8a17d2574a5c87a1f5a0197fa,14610,0.39122896275134167,0,0.0,14144,14610,0.14789498941066767,0,0.0,9633
600,Pine Flat Lake,matched,0,ac4b55b8a662dd0b0e06b6dc79f861b2b3cc90282db6627c66b7f33c6b2afe16,694f1137384cdaa4a52ae628e4a6375f290dc105025f1fab87eded29dcf714a3,8589,2.79347057558372,1,557.0,8524,10766,0.8062390658570798,0,465.0,9367
601,Navajo,matched,0,6003b1cb90e43a935d6076ac8c7e9ea0071e8fb78f6ebfef780807199fc2204b,129ec0a79032872195ea52e23bec2a5dd05eb7d1e04854d7598b956d47825959,14610,1.5726170567508855,25,0.0,14208,14610,0.1883951062206748,0,0.0,4300
605,Lake Kaweah,matched,0,0e5c7e71fda8d01b9fb4fc2ab068ee602d09e6b32eeb666cd875dfaa1fea82b2,42ca186973479dd8fc91a54f46202103e57cb81a941b1d2dc1617ae983e6797e,8443,1.0799005298673503,81,667.0,8161,8417,0.362562475577865,0,386.0,6508
609,Success Lake,matched,0,c1eb7bc2cbc4522cd1925221bf50fbc2a3c23b3ce8c37cbed3ea5156de51e1a1,bd4f7de65ee279ae6fe40c06cb1e9460c961542dc91dce8e9e42465427fda9a3,8433,0.39190426667303907,278,653.0,7792,8934,0.12134443198409432,0,327.0,7143
612,Isabella Lake,matched,0,0454bf055e24bb522403c77f182ac185554908f00688360b4b09f2b5a6f6af05,70fe00f46a966eebfa1cbdf9bbd68128d34bbc87dd0e584669005d652c6e4b60,8442,1.1349067203683136,0,672.0,8342,8931,0.44602886007091735,0,321.0,7907
620,Lake Cachuma,matched,0,bb64867dffd4f961ae2120f271f7c8a6feac2f5c3f17a97893511faffaa87c0a,ee15615a80373331cced0d5a1ced0b404ffec81d15aa0dd8c7809ff2c447ca40,5277,0.7809972676794724,1111,92.0,5095,5288,0.31035756705812156,2,68.0,4302
63,Rimrock,matched,0,dfb9b11d2c8c77fbea1800552bc0654c197558dfaf54d4dc7f532670e797d97c,d20b27d88d8eb640290198164835a4980a3716230169a0f56c83665360f768ef,14609,0.8103459147701289,0,1.0,14380,14610,0.30436267847116827,0,0.0,8896
657,Elephant Butte Reservoir,matched,0,e56ec6a2ae866cd158c19697a854de87cdda4326004476327448e3f4fee23b99,791db4bc8ba0883cd3884d20b6ab0f81c27e1bb7086a0b07588414a4aa1b197d,5769,1.4166282896929956,227,455.0,5503,14610,0.4474017442143063,0,0.0,9303
664,Caballo,matched,0,0173f29720fcb13ff200a3fee85f0e711e11dea44ea03892a3f3856be2aac0bb,418c4a33c7aa25fd160befa3b5f9c82d4fc04a0a91a2c542973cefcf7758c150,5581,0.7336244554804431,227,506.0,5351,5619,0.297228809911228,0,211.0,2713
7308,Richard B. Russell Lake,matched,0,d2187b063aba9301edd1f774c3ade0c1a8c5c7a05786857f9cdc60ff9bb8f58c,9846e4fa7c6b54ca8b2f9f5448c0b4cf51605d40f66493e8383772c224aec3ac,12722,14.106669518263848,330,0.0,12634,12722,13.134690619838052,0,0.0,11652
7311,Elk City Lake,matched,0,12d71b708d9a908b4d43029635118fbb0c71fc7270f2dfd6e573e70968a594fe,7bdc1bc08d8f91bc4c030193bc32ca7b3dbbab3808c74321f2e4d8d8f2b582b2,13149,2.2740226301388433,0,0.0,8208,13149,0.6958277758213828,0,0.0,5159
7313,Canyon Ferry Lake,matched,0,47be40abfda7d6a34276ef55f7e34bc284b881383e401917b0b0e68323bb020f,253da21e3804822e4b34723f4fbeb496198de2e42589c7cddc8cf8a0e100d23c,14337,2.7560066401921444,0,0.0,14000,14337,0.6737016039526795,0,0.0,11488
7318,Cordell Hull Lake,matched,0,913c57f79e44e527827406afd8c0734da1f3b84a199c553da0a9cf7dc414d2c9,051eed039dd5fc08f3ecadc33e7b2bd9b151bf2b624338818e37540fb1e4a981,14583,13.24199945841847,2,12.0,14551,14584,13.66385856931385,3,2.0,14199
753,Lake Sakakawea,matched,0,a63740cbc441bd70efacc0265c7577cf4f54c343dc157be92f86108eed730a53,9f115acf9fad766fc40e7a765d18e1987361e45d9d57b132121082aa1bd15871,14610,13.04126834136337,0,0.0,9230,14609,3.4111340184777896,0,1.0,12494
758,Winnibigoshish,matched,0,1a9575a427f07bce8661603dd449800c81612defe1755deacf58b06c2b6f2877,82e87b6512409cfb60367c2a98d60b89192607c6d02731c38ef8451c0b62185c,7981,3.3116201781041568,0,8.0,7054,14446,0.13720940891315386,0,75.0,2951
768,Pokegama Reservoir,matched,0,a15ef4b42d6df3aefea91a61c53082b23cccf971bcb7c49ec07d68ce673bcefb,929f07e48ce77836da02e527304605ab414907ec233dcc9045354a9a767680a4,13218,1.2057034903465318,0,16.0,12098,14449,0.2337129248331394,0,74.0,7739
777,Pipestem Lake,matched,0,d3b61999630403979e0185a857282a217344f4e66474f1ebe408e14f005902d8,4ffb2e6cafaaee5f5bbfacf85c546c2927c80dd328341874876fa4ccaa2d76da,9880,28.988491239729065,1747,87.0,8810,10540,0.030281448460758285,0,15.0,4805
780,Jamestown,matched,0,54250533780d5f29fff78a7ac6771b7a19f481f84013cf4847243b7fa42b8be3,29abcf5022169667902c590b472e8ec2ea54d38251c3988d2e63cc63a7a39bec,14214,0.909652326909591,3414,13.0,12226,14610,0.033285059518495363,0,0.0,3213
784,Edward Arthur Patterson,matched,0,5f995326a1f005254e4059cce142c3d4903235aaceb6312833e68867552c6f5c,24115a3b754293e63b970ce65e144fc5a605bf1812401b04024731b9f005372f,13713,0.29355653028492246,3847,9.0,11083,14609,0.07944116384480085,0,1.0,5277
789,Sandy Lake Reservoir,matched,0,748d4c6efa361081ca4313506677646a635072d33e17db860d7e628e21868bc6,a6e76d7724e53066c866ab882dcbb595743a4e01b3c0e953574e3efde2b8d9e4,8315,1.8295253238428892,0,8.0,7486,14501,0.37210744409930746,0,67.0,7876
798,Lake Tschida,matched,0,1a69437b4c505bab1241a6db5f12ed7dff93fdd41819c5758bc5719797c86d24,9f15125080a3a8304487bf57199693b1556711c37489641feb2466c9a7da5c66,14147,0.9679555523572226,3407,11.0,12445,14610,0.1165216447043419,0,0.0,4733
836,,matched,0,2112c85abbf10e6a3c390ae72747deb1b0ccaa9ad8fac9e61a089efb26205386,dfd5e83c50e45df41d77e4aefd2489f11f6881ef01c89977f619ce1a6ac9f30a,12293,8.311066142616633,4634,14.0,11716,12326,0.117395907554028,0,8.0,2420
837,Shadehill,matched,0,ce4d5492e993dd1c7f005a434d98b9b793a28b7cbd248111e2b1a861a41bba9a,2297f5a85daf69de137c345c2285d0cd826102708a870e85a14e2ee828eb4ab9,13439,0.8531105084849561,3431,7.0,11086,14610,0.05896108945133868,0,0.0,3149
854,Highway 75 Dam Reservoir,matched,0,bfc58328f2c3f35a67887ebaae51bee27cf34ce412525e82e616efa00b6d5db9,b04af0de8deed6c1b6b51b0e537f395318afb370cee229196cb300ccfbad180e,10892,0.7197207176716214,763,7.0,8892,10889,0.2630213438534294,0,17.0,5254
868,Belle Fourche,matched,0,6c05249f9de85e14536f1c7199292e40e226a43600bff1d1c2071e8ec591d9c9,84823ae3de05622ebcd5e992c2aa8c5578febda0bd3093a40b4ae039001eb7f2,11275,1.0656144602329605,1519,8.0,10291,11689,0.05753680098097926,0,1.0,3438
870,Lake Oahe,matched,0,f3590ab8f2ac3bc9a48126fb1826286b392bb2b242d39c7aec97868dcdf9803d,a8a1342691513c6a730df40e8ca87b97e668b23ee0a3cc133dc3ee60a820fe12,14610,11.283679182895373,0,0.0,8956,14557,23.223273421868747,0,34.0,14302
872,Keyhole,matched,0,713ad5d1368fd82cd235d04da82e31cf7524b66f3a121de2eabc507fb7a50bc9,0e6b963fd831592360d448631b980887fff84f060380a485a18b6cf49b60c303,12913,1.0918474428438687,4312,8.0,9887,14610,0.010168526922199408,0,0.0,779
882,Pactola,matched,0,643c64aed14cb69e954c2d139c0821175efc1d9641c895656427967562977dd4,e11ba6505afa21e953d43a091541d3c1e62632af1b47a4337df8f24355036eb8,14337,0.06563522012316364,37,8.0,12608,14610,0.016052179081232826,0,0.0,4163
884,Lake Sharpe,matched,0,3abcb7cb86213476dc177c64e5dca34f1b09a14edc021250af28f2e97aecdcc2,8eb03cdf6edb7d05d86cb2602e82c1da1e40e9496988ebeaa0ca8ca6c7187aa5,14591,20.147007720629347,0,19.0,12490,13920,40.97692068382685,0,476.0,13752
885,Deerfield,matched,0,312cea85b91184974090a82030310cd86c72edf332b9de22eb8044cc8ee67421,001b4a6b12d579378698dd3d70a64be10f0d50d4253c27f304ba5059e9b7e169,14337,0.03003432160428121,56,8.0,11802,14610,0.0022800339404219863,0,0.0,1193
893,Angostura,matched,0,617db1e8bc91678029db5f24d07349cc7935dce61be1e8d0784927b9cc7b14e4,8e06b8bad3427fb00f48cbdc581400c8dfd9f227947bb74c0890f7e1d92a5ae5,14242,0.6347135223312603,2073,8.0,12941,14610,0.17979561723655624,0,0.0,6451
895,Lewis and Clark Lake,matched,0,bce57dad0244143354fb5c7ab956bad9c2893b2d2ead4938f98e200a49ee6845,4d012e07c0ff66c45d78bd5bc214f2188319e7449853cd50e53accc278e1fd19,14610,8.412191058050368,0,0.0,9940,14610,2.92156672666627,0,0.0,5990
898,Glendo,matched,0,0026ecf32e41887f2d4399c2fbf550837ae19396de616f8bdf9b5389524d650a,af7647824e7eece072eba5eea9c0f2dd7f5501fa494f19570027dbaf7ca498a4,14337,1.5697430941073718,2,8.0,14273,14610,0.7249114449007528,0,0.0,9031
919,Branched Oak Lake,matched,0,0945965d783a265efb06f41624840030ffa48dd80153bb574ac05a711eba5678,cbe84de304399411dd327621e19d868fcc0e69d7e4d1aae0badb7d1f8ff80ad3,12354,0.16674485271620573,0,1853.0,9363,9317,0.026308114516232967,0,61.0,6345
920,,matched,0,db28131d9ea4986646765873fc71689a5bb2f6f309de4bd414572971af361cf1,6a7179e26abec0569f36c35517dd0669e021499c71a26b3037d5a543d04fda89,14486,0.3817297433403967,0,8.0,13546,14610,0.5070740863365375,0,0.0,13920
929,,matched,0,f02501468fc7b47622e2c4fdfa62f3bac48f14a398157d09079f6d63b74b8527,7595c932a17e6ad0577aa40d3dd0fb19edf289d5d622dad95001e19ce36d7260,13266,0.6620424721399829,0,8.0,12232,14610,0.9793755618049977,1,0.0,13567
931,,matched,0,1484a573df16abc2bb37c6a8e0f3f4a039bc802a2f675dae524ddcf3d50e9dff,fbe2382226a88e62dee230a350dbb51ae8bb50128c80ea5b68420f4752f67424,7792,0.024787205414447126,40,0.0,1724,7792,0.013187364455926553,0,0.0,706
936,Enders,matched,0,7aa5dbb5fb93a8721b8ef78ef4eae353cac3ace54fbcc436c17417ac060f507d,da5ad1a18abbff6ae634ba7d1e3052dd2c3b22bc14de5f7f5ad5f65b1d4cc68c,11480,0.4777096486456246,1864,743.0,7717,14322,0.01768085186163377,0,4.0,1476
938,Harry Strunk Lake,matched,0,731e7f9a0e6acdecb36e2831baad073971b11784dc8090537db67d6b572a0c6d,c4c8a88bb7dfcb6f7d7da1cb62c5922445c95e5f601795a04d1fcd77f443b016,14229,0.3997732277093031,672,106.0,13099,14326,0.03467615949662268,0,2.0,4356
939,Hugh Butler Lake,matched,0,8487e9533ab4cd063846e793884b1157aa92e6d63c15cc7bd82b34e64d3d478b,8cebef6c502ec42cfa112fa494927f15d95957e08588db9166a932d28fa5f1bf,13935,0.3660569184397878,2524,159.0,11657,14324,0.008633764873183345,0,4.0,1951
948,Harlan County Lake,matched,0,c1ece25512eed79d2435460a15997ae6d0f5f763968b1d94032e4e64b28b8db0,2d291aae42071f0178f3327574839b0fd344361a0aefb9929839d5c72d48b5ad,9198,3.568811258246044,2293,135.0,8207,11779,0.0790074805444718,0,2.0,2100
952,Lovewell,matched,0,e78db92f1fa33a4b139012f65d24570c27acb28fc4fca28c771857e0fecd8b0b,38221f771962cbde33f35b8ae8d0ac906b00942cd5546606d03ef82814cc5039,9416,0.7921258875907458,1268,149.0,8405,12052,0.06874197920123906,0,1.0,2374
953,Keith Sebelius Lake,matched,0,f886edb968ed4979441bb8644c7686e089a35864164b495bab503fb1893558e7,73d8b1e707a00f9bffa98014255a14b841fb00b656bdfeb7e0d51ed144c70df4,13515,0.27340374778658255,4367,104.0,10650,14608,0.004882652333642874,0,2.0,2080
956,Kirwin,matched,0,b0bdd1702ac0e530bb4b02d271804115d5bdefe7a38f40fbb77aa7ee97f92e53,f1aa29e7730b458af19cd9dd67ad23c9440b54bfcee3205f1697186b2f60c85b,8045,428.8417480573183,2031,1194.0,6783,11862,0.011998998149464573,0,22.0,1312
957,Cherry Creek Lake,matched,0,c18a50f93ef52faa4a39e13bdc09be9964bad6beb3fb04899c71cae6c0ca1ef5,d203d3fd7e5040fc5b035e4d964a3e5a87b9bbfc1b505d718b521adaf25b38a1,13916,0.06491767376820029,0,479.0,10052,11287,0.017889896777243657,0,27.0,3603
958,Bonny,matched,0,b01af802858211d14a2c94fd17fdcf929bd4626a643b9f94696b261067ea59d1,55db74295cc91c0228d5289dd9a23e658cf39ec0bbbed9a0429796c329a9995f,13464,0.4595477114337882,3442,145.0,9651,14333,0.0032649551000680497,0,4.0,1635
969,Blue Springs Lake,matched,0,da0a83288e86eb1b25b1ad6fb5f91ba825875e2f5c180e49f910f3abea6ee5da,586237344a78f1474252e5902d1b75def4740a4894f50a5fd72cbb31aab08b46,9589,0.116472596377794,0,8.0,5247,10930,0.04944646343568779,0,2.0,7392
974,Longview Lake,matched,0,4b18a2d085b2d5fae3ce63d3bc4837c9a492e081fc669b9529d7beb8c9dc7069,09c66b6ee088c6dc75104ef75b002369577e14c60ee19e564a4d7754f2113d99,10700,0.30210978235812,0,8.0,5899,10699,0.08277033766531072,0,1.0,4667
976,Cedar Bluff,matched,0,899bfafedf469acdfbf861cab1b01c7ff8035828597296878191a4d16e39d027,1f025321890b273dc26552171449ae9ee47810cb824ac51a11e6ed43f31d3858,8681,1.5534572284997243,3905,150.0,6987,11771,0.002942925994737743,0,3.0,167
982,Melvern Lake,matched,0,9f8c807299e239a7400838db0ea55af60bd592e138ddd06fb2f8fc75dde493b4,9900147102372896f143f06c855a055c152ffb95f600f5fe5503f7574d24ca96,12877,1.2085184193590865,0,8.0,8063,12877,0.21356649633151117,0,1.0,1547
987,Pueblo,matched,0,08e5f35aac79723d5cef24a92fd959b24a58420f10df0633bfb6f77e1242441d,73c1d951f3876123148fb466da34e42848309a2bb97141e2ac6708bc20fb77b0,12489,0.6763497595869872,5,29.0,12417,11619,0.5370211080971667,0,22.0,10901
989,Harry S. Truman Reservoir,matched,0,7e0e138c26cf09b4dc7e37f0ae60fd18dc29f85f2279139c15e48fae204ca7c8,fa30bb5c9d810f4a69692022cfa5849451c923249bd2d0231c3dd7ad70532af6,12877,17.021626284629487,0,8.0,11451,12877,13.874693788256335,0,1.0,9454
993,Osage,matched,0,3230708e245fb1ca36feda3573a017652a97b029b1b1216c704775c4be5c805a,a8ba3c742dbfaa6a3c9b8aaa8e8111ae4686a784c0edfeb8cd33c09382b895cb,7664,17.188227738027024,0,6.0,6927,7664,16.96057082041296,0,6.0,5990
