ID,name,status,timezone,inflow_n_common,inflow_max_abs_error,inflow_different_values,inflow_mask_disagreements,outflow_n_common,outflow_max_abs_error,outflow_different_values,outflow_mask_disagreements,exact_flow_replay,upstream_negative_inflow_days,upstream_missing_inflow_days,linear_fill_days,long_gap_partial_fill_days,gradient_removed_days
1001,El Dorado Lake,processed,America/Chicago,13062.0,5.684341886080802e-14,0.0,0.0,13058.0,1.4210854715202004e-14,0.0,0.0,True,0.0,1565.0,15.0,14.0,0.0
1003,Toronto Lake,processed,America/Chicago,13065.0,2.2737367544323206e-13,0.0,0.0,13058.0,5.684341886080802e-14,0.0,0.0,True,0.0,1556.0,10.0,7.0,0.0
1006,Stockton Lake,processed,America/Chicago,12793.0,2.2737367544323206e-13,0.0,0.0,12754.0,2.842170943040401e-14,0.0,0.0,True,0.0,1825.0,7.0,7.0,0.0
1007,Fall River Lake,processed,America/Chicago,13065.0,2.2737367544323206e-13,0.0,0.0,13058.0,2.842170943040401e-14,0.0,0.0,True,0.0,1553.0,7.0,7.0,0.0
1017,Clearwater Lake,processed,America/Chicago,14610.0,4.547473508864641e-13,0.0,0.0,14610.0,1.4210854715202004e-14,0.0,0.0,True,0.0,0.0,0.0,0.0,0.0
1020,Copan Lake,processed,America/Chicago,12852.0,2.2737367544323206e-13,0.0,0.0,12846.0,2.2737367544323206e-13,0.0,0.0,True,0.0,1602.0,23.0,21.0,0.0
1021,Great Salt Plains Lake,processed,America/Chicago,13065.0,1.1368683772161603e-13,0.0,0.0,13058.0,5.684341886080802e-14,0.0,0.0,True,0.0,1553.0,7.0,7.0,0.0
1023,Kaw Lake,processed,America/Chicago,13065.0,4.547473508864641e-13,0.0,0.0,13058.0,2.2737367544323206e-13,0.0,0.0,True,0.0,1553.0,7.0,7.0,0.0
1026,Table Rock Lake,processed,America/Chicago,14610.0,4.547473508864641e-13,0.0,0.0,14610.0,2.2737367544323206e-13,0.0,0.0,True,0.0,0.0,0.0,0.0,0.0
1027,Fort Supply Lake,processed,America/Chicago,13065.0,7.105427357601002e-15,0.0,0.0,13058.0,3.552713678800501e-15,0.0,0.0,True,0.0,1553.0,7.0,7.0,0.0
1028,Birch Lake,processed,America/Chicago,13065.0,2.842170943040401e-14,0.0,0.0,13058.0,7.105427357601002e-15,0.0,0.0,True,0.0,1553.0,7.0,7.0,0.0
1032,Oologah Lake,processed,America/Chicago,13065.0,4.547473508864641e-13,0.0,0.0,13058.0,2.2737367544323206e-13,0.0,0.0,True,0.0,1553.0,7.0,7.0,0.0
1033,Beaver Lake,processed,America/Chicago,14610.0,4.547473508864641e-13,0.0,0.0,14610.0,2.2737367544323206e-13,0.0,0.0,True,1.0,0.0,1.0,0.0,0.0
1036,Bull Shoals Lake,processed,America/Chicago,14610.0,9.094947017729282e-13,0.0,0.0,14610.0,2.2737367544323206e-13,0.0,0.0,True,0.0,0.0,0.0,0.0,0.0
1042,Norfork Lake,processed,America/Chicago,14610.0,4.547473508864641e-13,0.0,0.0,14610.0,1.1368683772161603e-13,0.0,0.0,True,0.0,0.0,0.0,0.0,0.0
1048,Keystone Lake,processed,America/Chicago,13065.0,9.094947017729282e-13,0.0,0.0,13058.0,9.094947017729282e-13,0.0,0.0,True,0.0,1553.0,7.0,7.0,0.0
1051,,processed,America/Chicago,5418.0,2.2737367544323206e-13,0.0,0.0,5418.0,2.2737367544323206e-13,0.0,0.0,True,0.0,0.0,0.0,0.0,0.0
1053,Fort Gibson Lake,processed,America/Chicago,13057.0,9.094947017729282e-13,0.0,0.0,13057.0,4.547473508864641e-13,0.0,0.0,True,0.0,0.0,0.0,0.0,0.0
1067,Greers Ferry Lake,processed,America/Chicago,14610.0,4.547473508864641e-13,0.0,0.0,14610.0,5.684341886080802e-14,0.0,0.0,True,1.0,0.0,1.0,0.0,0.0
1070,Conchas Lake,processed,America/Denver,9039.0,2.842170943040401e-14,0.0,0.0,9038.0,2.842170943040401e-14,0.0,0.0,True,0.0,2.0,2.0,0.0,0.0
1075,Robert S. Kerr Reservoir,processed,America/Chicago,5395.0,1.8189894035458565e-12,0.0,0.0,5388.0,1.8189894035458565e-12,0.0,0.0,True,0.0,38.0,14.0,7.0,0.0
1078,Dardanelle Lake,processed,America/Chicago,9869.0,1.8189894035458565e-12,0.0,0.0,9862.0,1.8189894035458565e-12,0.0,0.0,True,247.0,1461.0,254.0,7.0,0.0
1084,Blue Mountain Lake,processed,America/Chicago,14610.0,1.1368683772161603e-13,0.0,0.0,13387.0,5.684341886080802e-14,0.0,0.0,True,7.0,0.0,7.0,0.0,0.0
1086,Santa Rosa Lake,processed,America/Denver,14253.0,1.4210854715202004e-14,0.0,0.0,14594.0,7.105427357601002e-15,0.0,0.0,True,0.0,368.0,10.0,7.0,0.0
1092,Nimrod Lake,processed,America/Chicago,14610.0,2.2737367544323206e-13,0.0,0.0,14610.0,5.684341886080802e-14,0.0,0.0,True,1.0,1.0,2.0,0.0,0.0
1093,Wister Lake,processed,America/Chicago,13065.0,2.2737367544323206e-13,0.0,0.0,13058.0,5.684341886080802e-14,0.0,0.0,True,0.0,1553.0,7.0,7.0,0.0
1095,Lake Altus,processed,America/Chicago,6406.0,5.684341886080802e-14,0.0,0.0,14610.0,2.842170943040401e-14,0.0,0.0,True,2003.0,8107.0,1849.0,399.0,0.0
1101,Arkabutla Lake,processed,America/Chicago,14605.0,2.2737367544323206e-13,0.0,0.0,14610.0,2.842170943040401e-14,0.0,0.0,True,0.0,15.0,9.0,7.0,0.0
1109,Lake Sumner,processed,America/Denver,6540.0,2.2737367544323206e-13,0.0,0.0,9267.0,7.105427357601002e-15,0.0,0.0,True,166.0,8371.0,446.0,147.0,0.0
1112,Lake Ouachita,processed,America/Chicago,14610.0,4.547473508864641e-13,0.0,0.0,14609.0,5.684341886080802e-14,0.0,0.0,True,0.0,10.0,10.0,0.0,0.0
1120,Waurika Lake,processed,America/Chicago,13065.0,1.1368683772161603e-13,0.0,0.0,13058.0,2.842170943040401e-14,0.0,0.0,True,0.0,1553.0,7.0,7.0,0.0
1121,Degray Lake,processed,America/Chicago,14610.0,2.2737367544323206e-13,0.0,0.0,14610.0,2.842170943040401e-14,0.0,0.0,True,0.0,0.0,0.0,0.0,0.0
1122,Gillham Lake,processed,America/Chicago,14610.0,1.1368683772161603e-13,0.0,0.0,14610.0,1.4210854715202004e-14,0.0,0.0,True,0.0,0.0,0.0,0.0,0.0
1124,Dierks Lake,processed,America/Chicago,9869.0,2.842170943040401e-14,0.0,0.0,9862.0,7.105427357601002e-15,0.0,0.0,True,0.0,4749.0,7.0,7.0,0.0
1125,Lake Greeson,processed,America/Chicago,14610.0,2.2737367544323206e-13,0.0,0.0,14610.0,2.842170943040401e-14,0.0,0.0,True,0.0,0.0,0.0,0.0,0.0
1127,Dequeen Lake,processed,America/Chicago,14610.0,1.1368683772161603e-13,0.0,0.0,14610.0,2.842170943040401e-14,0.0,0.0,True,1.0,0.0,1.0,0.0,0.0
1128,Hugo Lake,processed,America/Chicago,7647.0,2.2737367544323206e-13,0.0,0.0,7640.0,2.2737367544323206e-13,0.0,0.0,True,0.0,1553.0,7.0,7.0,0.0
1134,Pat Mayse Lake,processed,America/Chicago,13096.0,5.684341886080802e-14,0.0,0.0,13089.0,1.4210854715202004e-14,0.0,0.0,True,0.0,1522.0,7.0,7.0,0.0
114,Emigrant Lake,processed,America/Los_Angeles,9658.0,3.552713678800501e-15,0.0,0.0,9731.0,3.552713678800501e-15,0.0,0.0,True,294.0,5041.0,365.0,126.0,0.0
1144,Millwood Lake,processed,America/Chicago,9869.0,2.2737367544323206e-13,0.0,0.0,9862.0,2.2737367544323206e-13,0.0,0.0,True,0.0,1461.0,7.0,7.0,0.0
1151,Ray Roberts Lake,processed,America/Chicago,11780.0,2.2737367544323206e-13,0.0,0.0,11873.0,2.842170943040401e-14,0.0,0.0,True,0.0,93.0,0.0,0.0,0.0
1170,Lavon Lake,processed,America/Chicago,12183.0,1.1368683772161603e-13,0.0,0.0,13058.0,2.2737367544323206e-13,0.0,0.0,True,41.0,2436.0,49.0,7.0,0.0
1192,Caddo Lake,processed,America/Chicago,14536.0,2.2737367544323206e-13,0.0,0.0,14512.0,5.684341886080802e-14,0.0,0.0,True,0.0,110.0,33.0,21.0,0.0
1197,,processed,America/Chicago,10850.0,1.1368683772161603e-13,0.0,0.0,10861.0,1.4210854715202004e-14,0.0,0.0,True,82.0,1553.0,69.0,21.0,0.0
1207,Ross R. Barnett Reservoir,duplicate_dates_excluded,,,,,,,,,,,,,,,
1237,,processed,America/Chicago,14610.0,1.1368683772161603e-13,0.0,0.0,14610.0,1.4210854715202004e-14,0.0,0.0,True,0.0,2.0,2.0,0.0,0.0
1249,Hords Creek Lake,processed,America/Chicago,14610.0,3.552713678800501e-15,0.0,0.0,14610.0,1.7763568394002505e-15,0.0,0.0,True,0.0,0.0,0.0,0.0,0.0
131,Clair Engle Lake,processed,America/Los_Angeles,14597.0,1.1368683772161603e-13,0.0,0.0,14601.0,2.842170943040401e-14,0.0,0.0,True,820.0,51.0,854.0,28.0,0.0
132,Shasta Lake,processed,America/Los_Angeles,14253.0,4.547473508864641e-13,0.0,0.0,11742.0,4.547473508864641e-13,0.0,0.0,True,1.0,368.0,11.0,7.0,0.0
133,Whiskeytown,processed,America/Los_Angeles,14247.0,5.684341886080802e-14,0.0,0.0,9372.0,2.842170943040401e-14,0.0,0.0,True,153.0,365.0,151.0,28.0,0.0
144,Black Butte Lake,processed,America/Los_Angeles,9188.0,1.1368683772161603e-13,0.0,0.0,9262.0,5.684341886080802e-14,0.0,0.0,True,672.0,4195.0,1255.0,126.0,0.0
148,Lake Oroville,processed,America/Los_Angeles,9245.0,4.547473508864641e-13,0.0,0.0,11810.0,4.547473508864641e-13,0.0,0.0,True,39.0,3730.0,271.0,21.0,0.0
1585,Beltzville Lake,processed,America/New_York,8864.0,2.842170943040401e-14,0.0,0.0,8817.0,7.105427357601002e-15,0.0,0.0,True,14.0,1993.0,100.0,56.0,0.0
1586,J. Edward Roush Lake,processed,America/Indiana/Indianapolis,13515.0,5.684341886080802e-14,0.0,0.0,13515.0,5.684341886080802e-14,0.0,0.0,True,0.0,1096.0,1.0,0.0,0.0
1587,Salamonie Lake,processed,America/Indiana/Indianapolis,13515.0,5.684341886080802e-14,0.0,0.0,13515.0,2.842170943040401e-14,0.0,0.0,True,0.0,1096.0,1.0,0.0,0.0
1592,Mississinewa Lake,processed,America/Indiana/Indianapolis,13515.0,5.684341886080802e-14,0.0,0.0,13515.0,2.842170943040401e-14,0.0,0.0,True,0.0,1096.0,1.0,0.0,0.0
1595,,processed,America/New_York,13835.0,1.1368683772161603e-13,0.0,0.0,13812.0,5.684341886080802e-14,0.0,0.0,True,0.0,47.0,35.0,14.0,0.0
1600,Pleasant Hill Lake,processed,America/New_York,13839.0,2.842170943040401e-14,0.0,0.0,13821.0,7.105427357601002e-15,0.0,0.0,True,0.0,54.0,46.0,14.0,0.0
1606,Atwood Lake,processed,America/New_York,13776.0,1.4210854715202004e-14,0.0,0.0,13729.0,7.105427357601002e-15,0.0,0.0,True,0.0,149.0,74.0,42.0,0.0
1615,Blue Marsh Lake,processed,America/New_York,9143.0,5.684341886080802e-14,0.0,0.0,8815.0,1.4210854715202004e-14,0.0,0.0,True,2.0,1737.0,109.0,70.0,0.0
1617,Tappan Lake,processed,America/New_York,13845.0,7.105427357601002e-15,0.0,0.0,13805.0,3.552713678800501e-15,0.0,0.0,True,0.0,16.0,16.0,0.0,0.0
1619,Clendening Lake,processed,America/New_York,13835.0,1.4210854715202004e-14,0.0,0.0,13820.0,7.105427357601002e-15,0.0,0.0,True,0.0,31.0,19.0,14.0,0.0
1620,Piedmont Lake,processed,America/New_York,13839.0,5.684341886080802e-14,0.0,0.0,13816.0,3.552713678800501e-15,0.0,0.0,True,0.0,37.0,29.0,14.0,0.0
163,Martis Creek Lake,processed,America/Los_Angeles,8735.0,1.7763568394002505e-15,0.0,0.0,8525.0,1.0061396160665481e-16,0.0,0.0,True,0.0,701.0,28.0,28.0,0.0
1631,Dillon Lake,processed,America/New_York,13845.0,5.684341886080802e-14,0.0,0.0,13803.0,2.842170943040401e-14,0.0,0.0,True,0.0,2.0,2.0,0.0,0.0
1634,Clarence J. Brown Reservoir,processed,America/New_York,13515.0,5.684341886080802e-14,0.0,0.0,13514.0,5.684341886080802e-14,0.0,0.0,True,0.0,1095.0,0.0,0.0,0.0
1636,Senecaville Lake,processed,America/New_York,13839.0,2.842170943040401e-14,0.0,0.0,13810.0,7.105427357601002e-15,0.0,0.0,True,0.0,42.0,34.0,14.0,0.0
1645,Cecil M. Harden Lake,processed,America/Indiana/Indianapolis,13515.0,5.684341886080802e-14,0.0,0.0,13515.0,7.105427357601002e-15,0.0,0.0,True,0.0,1099.0,4.0,0.0,0.0
1650,Burr Oak Lake,processed,America/New_York,13845.0,7.105427357601002e-15,0.0,0.0,13795.0,3.552713678800501e-15,0.0,0.0,True,0.0,2.0,2.0,0.0,0.0
1654,Cagles Mill Lake,processed,America/Indiana/Indianapolis,13515.0,5.684341886080802e-14,0.0,0.0,13515.0,7.105427357601002e-15,0.0,0.0,True,0.0,1099.0,4.0,0.0,0.0
1655,Caesar Creek Lake,processed,America/New_York,13555.0,5.684341886080802e-14,0.0,0.0,13546.0,1.4210854715202004e-14,0.0,0.0,True,0.0,1068.0,12.0,7.0,0.0
1656,Brookville Lake,processed,America/Indiana/Indianapolis,13515.0,5.684341886080802e-14,0.0,0.0,13515.0,2.842170943040401e-14,0.0,0.0,True,0.0,1096.0,1.0,0.0,0.0
168,Harry L. Englebright Lake,processed,America/Los_Angeles,9199.0,4.547473508864641e-13,0.0,0.0,14246.0,4.547473508864641e-13,0.0,0.0,True,36.0,6143.0,770.0,42.0,8.0
1683,William H. Harsha Lake,processed,America/New_York,13555.0,5.684341886080802e-14,0.0,0.0,13546.0,2.842170943040401e-14,0.0,0.0,True,0.0,1068.0,12.0,7.0,0.0
169,Lake Mendocino,processed,America/Los_Angeles,9201.0,1.4210854715202004e-14,0.0,0.0,14610.0,2.842170943040401e-14,0.0,0.0,True,42.0,6041.0,670.0,28.0,0.0
1691,Burnsville Lake,processed,America/New_York,13845.0,2.842170943040401e-14,0.0,0.0,13838.0,1.4210854715202004e-14,0.0,0.0,True,0.0,15.0,15.0,0.0,0.0
1699,Sutton Lake,processed,America/New_York,13843.0,5.684341886080802e-14,0.0,0.0,13837.0,2.842170943040401e-14,0.0,0.0,True,0.0,19.0,16.0,7.0,0.0
1703,Patoka Lake,processed,America/Indiana/Vincennes,13515.0,5.684341886080802e-14,0.0,0.0,13515.0,2.842170943040401e-14,0.0,0.0,True,0.0,1098.0,3.0,0.0,0.0
1706,Beech Fork Lake,processed,America/New_York,13835.0,2.842170943040401e-14,0.0,0.0,13793.0,1.4210854715202004e-14,0.0,0.0,True,0.0,44.0,32.0,14.0,0.0
1707,Grayson Lake,processed,America/New_York,13845.0,5.684341886080802e-14,0.0,0.0,13834.0,1.4210854715202004e-14,0.0,0.0,True,0.0,20.0,20.0,0.0,0.0
1709,Summersville Lake,processed,America/New_York,13845.0,2.2737367544323206e-13,0.0,0.0,13837.0,5.684341886080802e-14,0.0,0.0,True,0.0,4.0,4.0,0.0,0.0
1712,East Lynn Lake,processed,America/New_York,13841.0,2.842170943040401e-14,0.0,0.0,13805.0,7.105427357601002e-15,0.0,0.0,True,0.0,65.0,59.0,14.0,0.0
1713,Yatesville Lake,processed,America/New_York,9664.0,1.1368683772161603e-13,0.0,0.0,9640.0,1.4210854715202004e-14,0.0,0.0,True,0.0,4217.0,35.0,7.0,0.0
1714,Cave Run Lake,processed,America/New_York,13524.0,1.1368683772161603e-13,0.0,0.0,13514.0,5.684341886080802e-14,0.0,0.0,True,0.0,1096.0,9.0,7.0,0.0
1716,Rend Lake,processed,America/Chicago,10320.0,1.1368683772161603e-13,0.0,0.0,11379.0,2.842170943040401e-14,0.0,0.0,True,0.0,4388.0,95.0,21.0,0.0
1718,Taylorsville Lake,processed,America/New_York,13456.0,1.1368683772161603e-13,0.0,0.0,13455.0,2.842170943040401e-14,0.0,0.0,True,0.0,5.0,5.0,0.0,0.0
1723,Paintsville Lake,processed,America/New_York,11998.0,2.842170943040401e-14,0.0,0.0,11972.0,7.105427357601002e-15,0.0,0.0,True,0.0,68.0,47.0,7.0,0.0
1726,Dewey Lake,processed,America/New_York,13846.0,2.842170943040401e-14,0.0,0.0,13840.0,1.4210854715202004e-14,0.0,0.0,True,0.0,14.0,14.0,0.0,0.0
173,,processed,America/Los_Angeles,7548.0,2.842170943040401e-14,0.0,0.0,7973.0,1.4210854715202004e-14,0.0,0.0,True,2763.0,3765.0,2660.0,707.0,0.0
1733,R.D. Bailey Lake,processed,America/New_York,13760.0,5.684341886080802e-14,0.0,0.0,13735.0,2.842170943040401e-14,0.0,0.0,True,0.0,107.0,50.0,21.0,0.0
1735,Fishtrap Lake,processed,America/New_York,13479.0,5.684341886080802e-14,0.0,0.0,13811.0,5.684341886080802e-14,0.0,0.0,True,0.0,922.0,545.0,70.0,0.0
1739,Buckhorn Lake,processed,America/New_York,13524.0,5.684341886080802e-14,0.0,0.0,13517.0,2.842170943040401e-14,0.0,0.0,True,0.0,1094.0,7.0,7.0,0.0
1740,Nolin Lake,processed,America/Chicago,13515.0,5.684341886080802e-14,0.0,0.0,13514.0,5.684341886080802e-14,0.0,0.0,True,0.0,1095.0,0.0,0.0,0.0
1741,Green River Lake,processed,America/New_York,13515.0,2.2737367544323206e-13,0.0,0.0,13514.0,5.684341886080802e-14,0.0,0.0,True,0.0,1098.0,3.0,0.0,0.0
1742,John W. Flannagan Lake,processed,America/New_York,13845.0,5.684341886080802e-14,0.0,0.0,13843.0,1.4210854715202004e-14,0.0,0.0,True,0.0,11.0,11.0,0.0,0.0
1744,Carr Creek Lake,processed,America/New_York,13524.0,1.4210854715202004e-14,0.0,0.0,13514.0,3.552713678800501e-15,0.0,0.0,True,0.0,1099.0,12.0,7.0,0.0
1752,Lake Barkley,processed,America/Chicago,14559.0,9.094947017729282e-13,0.0,1.0,14546.0,9.094947017729282e-13,0.0,1.0,False,37.0,32.0,61.0,7.0,0.0
1753,Kentucky Lake,processed,America/Chicago,14610.0,1.8189894035458565e-12,0.0,0.0,14610.0,1.8189894035458565e-12,0.0,0.0,True,0.0,0.0,0.0,0.0,0.0
1754,Laurel Lake,processed,America/New_York,14495.0,5.684341886080802e-14,0.0,0.0,14546.0,5.684341886080802e-14,0.0,0.0,True,2622.0,30.0,2552.0,203.0,0.0
1755,Barren River Lake,processed,America/Chicago,13515.0,4.547473508864641e-13,0.0,0.0,13515.0,2.842170943040401e-14,0.0,0.0,True,0.0,1098.0,3.0,0.0,0.0
1756,Lake Cumberland,processed,America/Chicago,14564.0,9.094947017729282e-13,0.0,0.0,14564.0,2.2737367544323206e-13,0.0,0.0,True,1162.0,4.0,1163.0,7.0,0.0
1761,John H. Kerr Reservoir,processed,America/New_York,14610.0,4.547473508864641e-13,0.0,0.0,14610.0,1.1368683772161603e-13,0.0,0.0,True,139.0,0.0,139.0,0.0,0.0
1762,Dale Hollow Lake,processed,America/Chicago,14314.0,2.2737367544323206e-13,0.0,0.0,14546.0,2.842170943040401e-14,0.0,0.0,True,3171.0,34.0,2888.0,455.0,0.0
1768,Old Hickory Lake,processed,America/Chicago,14558.0,4.547473508864641e-13,0.0,0.0,14546.0,4.547473508864641e-13,0.0,0.0,True,5.0,45.0,42.0,7.0,0.0
1775,J. Percy Priest Lake,processed,America/Chicago,14355.0,2.2737367544323206e-13,0.0,0.0,14563.0,5.684341886080802e-14,0.0,1.0,False,2416.0,6.0,2164.0,322.0,0.0
1776,W. Kerr Scott Reservoir,processed,America/New_York,14610.0,5.684341886080802e-14,0.0,0.0,14610.0,2.842170943040401e-14,0.0,0.0,True,4.0,0.0,4.0,0.0,0.0
1777,Center Hill Lake,processed,America/Chicago,14559.0,4.547473508864641e-13,0.0,1.0,14564.0,1.1368683772161603e-13,0.0,1.0,False,571.0,32.0,595.0,7.0,0.0
1782,Falls Lake,processed,America/New_York,13119.0,1.1368683772161603e-13,0.0,0.0,13180.0,2.842170943040401e-14,0.0,0.0,True,3327.0,0.0,3240.0,182.0,0.0
1796,B. Everett Jordan Lake,processed,America/New_York,14610.0,4.547473508864641e-13,0.0,0.0,14606.0,1.1368683772161603e-13,0.0,0.0,True,1005.0,0.0,1004.0,7.0,0.0
180,Lake Sonoma,processed,America/Los_Angeles,9123.0,2.2737367544323206e-13,0.0,0.0,8977.0,1.4210854715202004e-14,0.0,0.0,True,1681.0,2900.0,2209.0,196.0,0.0
182,Folsom Lake,processed,America/Los_Angeles,14253.0,4.547473508864641e-13,0.0,0.0,11735.0,4.547473508864641e-13,0.0,0.0,True,0.0,365.0,7.0,7.0,0.0
1848,Sardis Lake,processed,America/Chicago,14610.0,2.2737367544323206e-13,0.0,0.0,14610.0,5.684341886080802e-14,0.0,0.0,True,0.0,0.0,0.0,0.0,0.0
185,Lake Berryessa,processed,America/Los_Angeles,14177.0,2.2737367544323206e-13,0.0,0.0,8335.0,2.842170943040401e-14,0.0,0.0,True,4180.0,369.0,4077.0,273.0,0.0
1851,Hartwell Lake,processed,America/New_York,14610.0,2.2737367544323206e-13,0.0,0.0,14610.0,1.1368683772161603e-13,0.0,0.0,True,323.0,0.0,323.0,0.0,0.0
1864,Enid Lake,processed,America/Chicago,14610.0,2.2737367544323206e-13,0.0,0.0,14610.0,2.842170943040401e-14,0.0,0.0,True,0.0,0.0,0.0,0.0,0.0
1869,Grenada Lake,processed,America/Chicago,14610.0,4.547473508864641e-13,0.0,0.0,14610.0,5.684341886080802e-14,0.0,0.0,True,0.0,0.0,0.0,0.0,0.0
1872,J. Strom Thurmond Lake,processed,America/New_York,14610.0,4.547473508864641e-13,0.0,0.0,10744.0,2.2737367544323206e-13,0.0,0.0,True,1308.0,0.0,1308.0,0.0,0.0
1879,Lake Marion,processed,America/New_York,14368.0,2.2737367544323206e-13,0.0,0.0,14221.0,1.1368683772161603e-13,0.0,0.0,True,0.0,352.0,103.0,49.0,0.0
1883,Laurens Shoals,processed,America/New_York,14085.0,1.1368683772161603e-13,0.0,0.0,13988.0,2.842170943040401e-14,0.0,0.0,True,0.0,702.0,162.0,105.0,0.0
1890,Lake Moultrie,processed,America/New_York,4466.0,2.2737367544323206e-13,0.0,0.0,14557.0,4.547473508864641e-13,0.0,0.0,True,1.0,10165.0,21.0,7.0,0.0
190,,processed,America/Los_Angeles,8046.0,2.842170943040401e-14,0.0,0.0,8135.0,5.684341886080802e-14,0.0,0.0,True,9.0,5402.0,663.0,84.0,0.0
191,,processed,America/Los_Angeles,9151.0,5.684341886080802e-14,0.0,0.0,9081.0,2.842170943040401e-14,0.0,0.0,True,2.0,4293.0,655.0,63.0,0.0
1910,Eufaula,processed,America/New_York,13057.0,4.547473508864641e-13,0.0,0.0,13057.0,9.094947017729282e-13,0.0,0.0,True,38.0,1.0,39.0,0.0,0.0
1916,Lake Seminole,processed,America/Chicago,6510.0,3.552713678800501e-15,0.0,0.0,14125.0,9.094947017729282e-13,0.0,0.0,True,0.0,8116.0,14.0,14.0,0.0
193,New Hogan Lake,processed,America/Los_Angeles,9127.0,5.684341886080802e-14,0.0,0.0,9326.0,2.842170943040401e-14,0.0,0.0,True,1013.0,4284.0,1623.0,126.0,0.0
198,New Melones,processed,America/Los_Angeles,9411.0,1.1368683772161603e-13,0.0,0.0,11726.0,2.842170943040401e-14,0.0,0.0,True,17.0,3418.0,104.0,21.0,0.0
203,,processed,America/Los_Angeles,7155.0,2.842170943040401e-14,0.0,0.0,7727.0,2.842170943040401e-14,0.0,0.0,True,197.0,4864.0,740.0,63.0,0.0
204,,processed,America/Los_Angeles,14245.0,2.842170943040401e-14,0.0,0.0,14519.0,2.842170943040401e-14,0.0,0.0,True,566.0,365.0,563.0,21.0,0.0
210,Don Pedro Reservoir,processed,America/Los_Angeles,8481.0,2.2737367544323206e-13,0.0,0.0,14610.0,5.684341886080802e-14,0.0,0.0,True,324.0,7029.0,1215.0,63.0,0.0
214,Lake McClure,processed,America/Los_Angeles,9077.0,1.1368683772161603e-13,0.0,0.0,8221.0,5.684341886080802e-14,0.0,0.0,True,1.0,4485.0,774.0,42.0,0.0
2158,,processed,America/New_York,6821.0,2.842170943040401e-14,0.0,0.0,9681.0,2.842170943040401e-14,0.0,0.0,True,18.0,7924.0,148.0,35.0,0.0
2188,Littleville Lake,processed,America/New_York,6219.0,7.105427357601002e-15,0.0,0.0,6297.0,7.105427357601002e-15,0.0,0.0,True,20.0,635.0,27.0,0.0,0.0
223,,processed,America/Los_Angeles,9179.0,7.105427357601002e-15,0.0,0.0,9102.0,7.105427357601002e-15,0.0,0.0,True,39.0,4437.0,860.0,77.0,0.0
292,Lake Sherburne,processed,America/Denver,14593.0,7.105427357601002e-15,0.0,0.0,14610.0,7.105427357601002e-15,0.0,0.0,True,278.0,0.0,255.0,42.0,0.0
293,Fresno,processed,America/Denver,13630.0,5.684341886080802e-14,0.0,0.0,14610.0,1.4210854715202004e-14,0.0,0.0,True,1909.0,365.0,1252.0,294.0,0.0
297,Lake Koocanusa,processed,America/Denver,13879.0,4.547473508864641e-13,0.0,0.0,13872.0,2.2737367544323206e-13,0.0,0.0,True,0.0,809.0,72.0,42.0,0.0
300,Lake Elwell,processed,America/Denver,14393.0,5.684341886080802e-14,0.0,0.0,14610.0,2.842170943040401e-14,0.0,0.0,True,490.0,0.0,262.0,77.0,0.0
307,Fort Peck Lake,processed,America/Denver,14610.0,4.547473508864641e-13,0.0,0.0,14610.0,2.2737367544323206e-13,0.0,0.0,True,0.0,3.0,3.0,0.0,0.0
310,Franklin D. Roosevelt,processed,America/Los_Angeles,14115.0,1.8189894035458565e-12,0.0,0.0,14115.0,9.094947017729282e-13,0.0,0.0,True,0.0,3.0,3.0,0.0,0.0
316,Flathead Lake,processed,America/Denver,7397.0,2.2737367544323206e-13,0.0,0.0,7397.0,2.2737367544323206e-13,0.0,0.0,True,0.0,0.0,0.0,0.0,0.0
317,Pishkun,processed,America/Denver,8523.0,7.105427357601002e-15,0.0,0.0,9564.0,7.105427357601002e-15,0.0,0.0,True,2085.0,1092.0,1005.0,287.0,0.0
319,Gibson,processed,America/Denver,14610.0,2.842170943040401e-14,0.0,0.0,14610.0,2.842170943040401e-14,0.0,0.0,True,2.0,0.0,2.0,0.0,0.0
320,Willow Creek,processed,America/Denver,11612.0,1.7763568394002505e-15,0.0,0.0,12510.0,1.7763568394002505e-15,0.0,0.0,True,2190.0,0.0,1230.0,434.0,0.0
355,Bighorn Lake,processed,America/Denver,14610.0,1.1368683772161603e-13,0.0,0.0,14610.0,5.684341886080802e-14,0.0,0.0,True,0.0,0.0,0.0,0.0,0.0
361,Thief Valley,processed,America/Los_Angeles,12842.0,7.105427357601002e-15,0.0,0.0,14610.0,7.105427357601002e-15,0.0,0.0,True,457.0,1808.0,473.0,168.0,0.0
362,Clark Canyon,processed,America/Denver,14610.0,1.4210854715202004e-14,0.0,0.0,14610.0,1.4210854715202004e-14,0.0,0.0,True,0.0,0.0,0.0,0.0,0.0
364,Hebgen Lake,processed,America/Denver,11630.0,2.2737367544323206e-13,0.0,0.0,11706.0,1.4210854715202004e-14,0.0,0.0,True,13.0,376.0,49.0,14.0,0.0
367,Phillips Lake,processed,America/Los_Angeles,14555.0,7.105427357601002e-15,0.0,0.0,14610.0,3.552713678800501e-15,0.0,0.0,True,1308.0,0.0,1225.0,196.0,0.0
368,,processed,America/Denver,10513.0,7.105427357601002e-15,0.0,0.0,12427.0,3.552713678800501e-15,0.0,0.0,True,477.0,1901.0,367.0,98.0,0.0
372,Unity,processed,America/Los_Angeles,14585.0,7.105427357601002e-15,0.0,0.0,14610.0,7.105427357601002e-15,0.0,0.0,True,489.0,0.0,455.0,63.0,0.0
373,Buffalo Bill,processed,America/Denver,14610.0,1.1368683772161603e-13,0.0,0.0,14610.0,5.684341886080802e-14,0.0,0.0,True,2.0,0.0,2.0,0.0,0.0
374,Island Park,processed,America/Boise,14610.0,1.4210854715202004e-14,0.0,0.0,11648.0,9.094947017729282e-13,0.0,0.0,True,9.0,0.0,9.0,0.0,0.0
378,Grassy Lake,processed,America/Denver,13625.0,8.881784197001252e-16,0.0,0.0,14009.0,8.881784197001252e-16,0.0,0.0,True,1614.0,602.0,1193.0,266.0,0.0
384,Jackson Lake,processed,America/Denver,14610.0,1.1368683772161603e-13,0.0,0.0,14610.0,5.684341886080802e-14,0.0,0.0,True,113.0,0.0,113.0,0.0,0.0
385,Anchor,processed,America/Denver,14042.0,3.552713678800501e-15,0.0,0.0,14610.0,1.7763568394002505e-15,0.0,0.0,True,1157.0,369.0,937.0,147.0,0.0
386,Lake Owyhee,processed,America/Boise,14610.0,2.2737367544323206e-13,0.0,0.0,14610.0,5.684341886080802e-14,0.0,0.0,True,211.0,0.0,211.0,0.0,0.0
390,Ririe,processed,America/Boise,14517.0,1.4210854715202004e-14,0.0,0.0,14610.0,7.105427357601002e-15,0.0,0.0,True,1184.0,0.0,1072.0,133.0,0.0
391,Lucky Peak Lake,processed,America/Boise,12874.0,5.684341886080802e-14,0.0,0.0,14610.0,5.684341886080802e-14,0.0,0.0,True,26.0,1758.0,48.0,0.0,0.0
393,Boysen,processed,America/Denver,14610.0,5.684341886080802e-14,0.0,0.0,14610.0,5.684341886080802e-14,0.0,0.0,True,5.0,0.0,5.0,0.0,0.0
398,Bull Lake,processed,America/Denver,14610.0,1.4210854715202004e-14,0.0,0.0,14610.0,1.4210854715202004e-14,0.0,0.0,True,131.0,0.0,131.0,0.0,0.0
399,Pilot Butte,processed,America/Denver,14227.0,7.105427357601002e-15,0.0,0.0,14610.0,3.552713678800501e-15,0.0,0.0,True,2370.0,365.0,2343.0,63.0,0.0
41,,processed,America/Los_Angeles,14610.0,1.1368683772161603e-13,0.0,0.0,10957.0,5.684341886080802e-14,0.0,0.0,True,1.0,0.0,1.0,0.0,0.0
413,Lake Walcott,processed,America/Boise,12875.0,2.2737367544323206e-13,0.0,0.0,12810.0,2.2737367544323206e-13,0.0,0.0,True,75.0,1739.0,79.0,0.0,0.0
415,Alcova,processed,America/Denver,14253.0,5.684341886080802e-14,0.0,0.0,14610.0,2.842170943040401e-14,0.0,0.0,True,13.0,365.0,20.0,7.0,0.0
416,Pathfinder,processed,America/Denver,14253.0,5.684341886080802e-14,0.0,0.0,14610.0,5.684341886080802e-14,0.0,0.0,True,2.0,365.0,9.0,7.0,0.0
419,,processed,America/Denver,11468.0,7.105427357601002e-15,0.0,0.0,11998.0,3.552713678800501e-15,0.0,0.0,True,425.0,3345.0,605.0,161.0,0.0
42,,processed,America/Los_Angeles,14610.0,4.547473508864641e-13,0.0,0.0,10957.0,2.842170943040401e-14,0.0,0.0,True,1.0,0.0,1.0,0.0,0.0
420,Eden,processed,America/Denver,5918.0,3.552713678800501e-15,0.0,0.0,5816.0,8.881784197001252e-16,0.0,0.0,True,1080.0,8592.0,939.0,287.0,0.0
421,Seminoe,processed,America/Denver,14253.0,1.1368683772161603e-13,0.0,0.0,14610.0,5.684341886080802e-14,0.0,0.0,True,5.0,365.0,12.0,7.0,0.0
423,Fontenelle,processed,America/Denver,14610.0,1.1368683772161603e-13,0.0,0.0,14610.0,5.684341886080802e-14,0.0,0.0,True,3.0,0.0,3.0,0.0,0.0
431,Hyrum,processed,America/Denver,10283.0,3.552713678800501e-15,0.0,0.0,11289.0,3.552713678800501e-15,0.0,0.0,True,700.0,4070.0,425.0,126.0,0.0
437,Willard,processed,America/Denver,9000.0,7.105427357601002e-15,0.0,0.0,10118.0,3.552713678800501e-15,0.0,0.0,True,3104.0,2316.0,1875.0,819.0,0.0
438,Pineview,processed,America/Denver,12207.0,1.4210854715202004e-14,0.0,0.0,14135.0,7.105427357601002e-15,0.0,0.0,True,681.0,2358.0,621.0,105.0,0.0
442,Lost Creek,processed,America/Denver,11033.0,1.7763568394002505e-15,0.0,0.0,11027.0,1.7763568394002505e-15,0.0,0.0,True,282.0,2551.0,287.0,14.0,0.0
445,,processed,America/Denver,14374.0,1.4210854715202004e-14,0.0,0.0,14458.0,7.105427357601002e-15,0.0,0.0,True,166.0,209.0,132.0,49.0,0.0
448,,processed,America/Denver,13809.0,7.105427357601002e-15,0.0,0.0,13594.0,3.552713678800501e-15,0.0,0.0,True,241.0,919.0,349.0,70.0,0.0
449,Echo,processed,America/Denver,14537.0,1.4210854715202004e-14,0.0,0.0,14610.0,7.105427357601002e-15,0.0,0.0,True,94.0,95.0,112.0,28.0,0.0
450,East Canyon,processed,America/Denver,10961.0,1.7763568394002505e-15,0.0,0.0,11001.0,1.7763568394002505e-15,0.0,0.0,True,753.0,3637.0,722.0,133.0,0.0
451,Flaming Gorge,processed,America/Denver,14610.0,1.1368683772161603e-13,0.0,0.0,14610.0,5.684341886080802e-14,0.0,0.0,True,4.0,0.0,4.0,0.0,0.0
456,Rock Port Lake,processed,America/Denver,14493.0,1.4210854715202004e-14,0.0,0.0,14610.0,7.105427357601002e-15,0.0,0.0,True,77.0,200.0,151.0,63.0,0.0
458,Smith and Morehouse Reservoir,processed,America/Denver,6204.0,1.7763568394002505e-15,0.0,0.0,6209.0,3.552713678800501e-15,0.0,0.0,True,88.0,1.0,81.0,21.0,0.0
467,,processed,America/Denver,9780.0,1.4210854715202004e-14,0.0,0.0,9804.0,1.4210854715202004e-14,0.0,0.0,True,35.0,50.0,39.0,0.0,0.0
469,Red Fleet,processed,America/Denver,11438.0,1.7763568394002505e-15,0.0,0.0,13071.0,8.881784197001252e-16,0.0,0.0,True,272.0,3045.0,262.0,28.0,0.0
470,,processed,America/Denver,10672.0,1.4210854715202004e-14,0.0,0.0,10698.0,7.105427357601002e-15,0.0,0.0,True,60.0,467.0,58.0,7.0,0.0
471,Moon Lake,processed,America/Denver,10698.0,7.105427357601002e-15,0.0,0.0,10981.0,7.105427357601002e-15,0.0,0.0,True,446.0,3834.0,365.0,21.0,0.0
473,Steinaker,processed,America/Denver,14504.0,1.7763568394002505e-15,0.0,0.0,14610.0,8.881784197001252e-16,0.0,0.0,True,2259.0,0.0,2114.0,273.0,0.0
477,Deer Creek,processed,America/Denver,13147.0,1.4210854715202004e-14,0.0,0.0,14519.0,7.105427357601002e-15,0.0,0.0,True,11.0,1552.0,90.0,70.0,0.0
488,,processed,America/Denver,14596.0,7.105427357601002e-15,0.0,0.0,14570.0,7.105427357601002e-15,0.0,0.0,True,113.0,61.0,157.0,21.0,0.0
492,Lake Granby,processed,America/Denver,14582.0,3.552713678800501e-15,0.0,0.0,14363.0,1.4210854715202004e-14,0.0,0.0,True,1431.0,37.0,1436.0,28.0,0.0
493,Strawberry,processed,America/Denver,10525.0,7.105427357601002e-15,0.0,0.0,14001.0,8.881784197001252e-16,0.0,0.0,True,2034.0,3930.0,1856.0,161.0,0.0
497,,processed,America/Denver,14610.0,7.105427357601002e-15,0.0,0.0,14610.0,7.105427357601002e-15,0.0,0.0,True,27.0,0.0,27.0,0.0,0.0
500,,processed,America/Denver,6774.0,7.105427357601002e-15,0.0,0.0,14610.0,3.552713678800501e-15,0.0,0.0,True,12.0,7886.0,58.0,28.0,0.0
502,Green Mountain,processed,America/Denver,14419.0,1.4210854715202004e-14,0.0,0.0,14610.0,1.4210854715202004e-14,0.0,0.0,True,3.0,225.0,34.0,21.0,0.0
505,,processed,America/Denver,14587.0,1.7763568394002505e-15,0.0,0.0,14331.0,1.7763568394002505e-15,0.0,0.0,True,7.0,32.0,15.0,7.0,0.0
506,Scofield,processed,America/Denver,14532.0,7.105427357601002e-15,0.0,0.0,14610.0,7.105427357601002e-15,0.0,0.0,True,2133.0,16.0,2049.0,154.0,0.0
507,Rifle Gap,processed,America/Denver,8839.0,1.1368683772161603e-13,0.0,0.0,9035.0,1.1368683772161603e-13,0.0,0.0,True,110.0,5814.0,147.0,42.0,0.0
508,Marston Lake,processed,America/Denver,10656.0,1.7763568394002505e-15,0.0,0.0,10523.0,1.7763568394002505e-15,0.0,0.0,True,0.0,1340.0,137.0,126.0,0.0
509,,processed,America/Denver,14587.0,1.4210854715202004e-14,0.0,0.0,14610.0,7.105427357601002e-15,0.0,0.0,True,17.0,32.0,25.0,7.0,0.0
511,Chatfield Lake,processed,America/Denver,14519.0,1.4210854715202004e-14,0.0,0.0,14496.0,1.4210854715202004e-14,0.0,0.0,True,0.0,1.0,1.0,0.0,0.0
517,,processed,America/Denver,14604.0,7.105427357601002e-15,0.0,0.0,14586.0,7.105427357601002e-15,0.0,0.0,True,35.0,34.0,62.0,7.0,0.0
518,Joes Valley,processed,America/Denver,11389.0,7.105427357601002e-15,0.0,0.0,12376.0,1.2434497875801753e-14,0.0,0.0,True,235.0,3308.0,314.0,56.0,0.0
522,,processed,America/Denver,14610.0,1.4210854715202004e-14,0.0,0.0,14577.0,7.105427357601002e-15,0.0,0.0,True,4.0,1.0,5.0,0.0,0.0
524,,processed,America/Los_Angeles,9878.0,7.105427357601002e-15,0.0,0.0,14213.0,2.220446049250313e-16,0.0,0.0,True,0.0,4752.0,18.0,14.0,0.0
529,,processed,America/Denver,14556.0,1.7763568394002505e-15,0.0,0.0,14610.0,1.7763568394002505e-15,0.0,0.0,True,1263.0,0.0,1193.0,112.0,0.0
530,,processed,America/Denver,10957.0,7.105427357601002e-15,0.0,0.0,10957.0,3.552713678800501e-15,0.0,0.0,True,0.0,0.0,0.0,0.0,0.0
531,Paonia,processed,America/Denver,13422.0,1.1368683772161603e-13,0.0,0.0,13800.0,1.1368683772161603e-13,0.0,0.0,True,89.0,1219.0,114.0,42.0,0.0
533,Eleven Mile,processed,America/Denver,8293.0,3.552713678800501e-15,0.0,0.0,8293.0,7.105427357601002e-15,0.0,0.0,True,66.0,0.0,66.0,0.0,0.0
536,Taylor Park,processed,America/Denver,14599.0,7.105427357601002e-15,0.0,0.0,14610.0,7.105427357601002e-15,0.0,0.0,True,25.0,0.0,13.0,7.0,0.0
537,Crawford,processed,America/Denver,6549.0,8.881784197001252e-16,0.0,0.0,6967.0,8.881784197001252e-16,0.0,0.0,True,371.0,7889.0,187.0,84.0,0.0
541,Blue Mesa,processed,America/Denver,14610.0,5.684341886080802e-14,0.0,0.0,14610.0,5.684341886080802e-14,0.0,0.0,True,0.0,0.0,0.0,0.0,0.0
542,Morrow Point,processed,America/Denver,14610.0,5.684341886080802e-14,0.0,0.0,14610.0,5.684341886080802e-14,0.0,0.0,True,0.0,0.0,0.0,0.0,0.0
549,Silver Jack,processed,America/Denver,13452.0,7.105427357601002e-15,0.0,0.0,14610.0,7.105427357601002e-15,0.0,0.0,True,244.0,1284.0,359.0,77.0,0.0
55,Keechelus Lake,processed,America/Los_Angeles,14610.0,2.842170943040401e-14,0.0,0.0,14610.0,7.105427357601002e-15,0.0,0.0,True,1.0,0.0,1.0,0.0,0.0
567,McPhee,processed,America/Denver,13070.0,2.842170943040401e-14,0.0,0.0,13070.0,1.4210854715202004e-14,0.0,0.0,True,106.0,8.0,114.0,0.0,0.0
57,Kachess Lake,processed,America/Los_Angeles,14610.0,2.842170943040401e-14,0.0,0.0,14610.0,7.105427357601002e-15,0.0,0.0,True,44.0,0.0,44.0,0.0,0.0
572,Jackson Gulch,processed,America/Denver,14355.0,1.7763568394002505e-15,0.0,0.0,14610.0,4.440892098500626e-16,0.0,0.0,True,1223.0,30.0,973.0,175.0,0.0
574,Lemon,processed,America/Denver,14610.0,3.552713678800501e-15,0.0,0.0,14610.0,3.552713678800501e-15,0.0,0.0,True,20.0,1.0,21.0,0.0,0.0
575,Vallecito,processed,America/Denver,14610.0,5.684341886080802e-14,0.0,0.0,14610.0,1.4210854715202004e-14,0.0,0.0,True,31.0,0.0,31.0,0.0,0.0
585,H.V. Eastman Lake,processed,America/Los_Angeles,9052.0,4.547473508864641e-13,0.0,0.0,9321.0,1.4210854715202004e-14,0.0,0.0,True,1579.0,4277.0,2096.0,203.0,0.0
592,Hensley Lake,processed,America/Los_Angeles,9086.0,2.842170943040401e-14,0.0,0.0,9311.0,2.842170943040401e-14,0.0,0.0,True,855.0,4296.0,1434.0,140.0,0.0
595,Millerton Lake,processed,America/Los_Angeles,9231.0,1.1368683772161603e-13,0.0,0.0,11094.0,5.684341886080802e-14,0.0,0.0,True,7.0,3752.0,206.0,7.0,0.0
597,Lake Powell,processed,America/Phoenix,14610.0,4.547473508864641e-13,0.0,0.0,14610.0,4.547473508864641e-13,0.0,0.0,True,0.0,0.0,0.0,0.0,0.0
60,Bumping Lake,processed,America/Los_Angeles,14610.0,1.4210854715202004e-14,0.0,0.0,14610.0,7.105427357601002e-15,0.0,0.0,True,0.0,0.0,0.0,0.0,0.0
600,Pine Flat Lake,processed,America/Los_Angeles,9238.0,2.2737367544323206e-13,0.0,0.0,11323.0,5.684341886080802e-14,0.0,0.0,True,1.0,4103.0,556.0,21.0,0.0
601,Navajo,processed,America/Denver,14610.0,5.684341886080802e-14,0.0,0.0,14610.0,2.842170943040401e-14,0.0,0.0,True,25.0,0.0,25.0,0.0,0.0
605,Lake Kaweah,processed,America/Los_Angeles,9202.0,5.684341886080802e-14,0.0,0.0,8895.0,1.4210854715202004e-14,0.0,0.0,True,81.0,4248.0,744.0,28.0,0.0
609,Success Lake,processed,America/Los_Angeles,9178.0,2.842170943040401e-14,0.0,0.0,9353.0,7.105427357601002e-15,0.0,0.0,True,304.0,3134.0,920.0,77.0,0.0
612,Isabella Lake,processed,America/Los_Angeles,9206.0,1.1368683772161603e-13,0.0,0.0,9344.0,2.2737367544323206e-13,0.0,0.0,True,0.0,4250.0,667.0,42.0,0.0
620,Lake Cachuma,processed,America/Los_Angeles,5461.0,5.684341886080802e-14,0.0,0.0,5448.0,2.842170943040401e-14,0.0,0.0,True,1167.0,92.0,1245.0,21.0,0.0
63,Rimrock,processed,America/Los_Angeles,14610.0,2.842170943040401e-14,0.0,0.0,14610.0,1.4210854715202004e-14,0.0,0.0,True,0.0,1.0,1.0,0.0,0.0
657,Elephant Butte Reservoir,processed,America/Denver,6316.0,1.4210854715202004e-14,0.0,0.0,14610.0,2.842170943040401e-14,0.0,0.0,True,230.0,8747.0,672.0,77.0,0.0
664,Caballo,processed,America/Denver,6179.0,2.842170943040401e-14,0.0,0.0,5922.0,1.4210854715202004e-14,0.0,0.0,True,240.0,8936.0,733.0,84.0,0.0
7308,Richard B. Russell Lake,processed,America/New_York,12814.0,2.2737367544323206e-13,0.0,0.0,12814.0,1.1368683772161603e-13,0.0,0.0,True,333.0,121.0,333.0,0.0,0.0
7311,Elk City Lake,processed,America/Chicago,13057.0,2.2737367544323206e-13,0.0,0.0,13057.0,5.684341886080802e-14,0.0,0.0,True,0.0,0.0,0.0,0.0,0.0
7313,Canyon Ferry Lake,processed,America/Denver,14245.0,1.1368683772161603e-13,0.0,0.0,14245.0,1.1368683772161603e-13,0.0,0.0,True,0.0,0.0,0.0,0.0,0.0
7318,Cordell Hull Lake,processed,America/Chicago,14551.0,2.2737367544323206e-13,0.0,0.0,14542.0,4.547473508864641e-13,0.0,0.0,True,2.0,28.0,14.0,7.0,0.0
753,Lake Sakakawea,processed,America/North_Dakota/Beulah,14610.0,9.094947017729282e-13,0.0,0.0,14610.0,4.547473508864641e-13,0.0,0.0,True,0.0,0.0,0.0,0.0,0.0
758,Winnibigoshish,processed,America/Chicago,7897.0,7.105427357601002e-15,0.0,0.0,14513.0,7.105427357601002e-15,0.0,0.0,True,0.0,6721.0,7.0,7.0,0.0
768,Pokegama Reservoir,processed,America/Chicago,13142.0,7.105427357601002e-15,0.0,0.0,14515.0,7.105427357601002e-15,0.0,0.0,True,0.0,1484.0,14.0,14.0,0.0
777,Pipestem Lake,processed,America/Chicago,9875.0,2.842170943040401e-14,0.0,0.0,10463.0,7.105427357601002e-15,0.0,0.0,True,1893.0,4665.0,1798.0,210.0,4.0
780,Jamestown,processed,America/Chicago,14135.0,5.684341886080802e-14,0.0,0.0,14610.0,7.105427357601002e-15,0.0,0.0,True,3481.0,388.0,3362.0,224.0,0.0
784,Edward Arthur Patterson,processed,America/Denver,13630.0,7.105427357601002e-15,0.0,0.0,14610.0,1.4210854715202004e-14,0.0,0.0,True,4440.0,366.0,3715.0,777.0,0.0
789,Sandy Lake Reservoir,processed,America/Chicago,8231.0,7.105427357601002e-15,0.0,0.0,14567.0,7.105427357601002e-15,0.0,0.0,True,0.0,6387.0,7.0,7.0,0.0
798,Lake Tschida,processed,America/Denver,14066.0,5.684341886080802e-14,0.0,0.0,14610.0,1.4210854715202004e-14,0.0,0.0,True,3563.0,368.0,3336.0,357.0,0.0
836,,processed,America/Chicago,12215.0,1.1368683772161603e-13,0.0,0.0,12242.0,1.4210854715202004e-14,0.0,0.0,True,4673.0,2332.0,4587.0,161.0,0.0
837,Shadehill,processed,America/Denver,13355.0,5.684341886080802e-14,0.0,0.0,14610.0,2.842170943040401e-14,0.0,0.0,True,3922.0,743.0,3325.0,595.0,0.0
854,Highway 75 Dam Reservoir,processed,America/Chicago,10899.0,5.684341886080802e-14,0.0,0.0,10906.0,2.842170943040401e-14,0.0,0.0,True,796.0,2316.0,761.0,63.0,0.0
868,Belle Fourche,processed,America/Denver,11283.0,7.105427357601002e-15,0.0,0.0,11782.0,3.552713678800501e-15,0.0,0.0,True,1659.0,3195.0,1496.0,217.0,0.0
870,Lake Oahe,processed,America/Chicago,14610.0,9.094947017729282e-13,0.0,0.0,14591.0,4.547473508864641e-13,0.0,0.0,True,0.0,0.0,0.0,0.0,0.0
872,Keyhole,processed,America/Denver,12843.0,1.4210854715202004e-14,0.0,0.0,14610.0,3.552713678800501e-15,0.0,0.0,True,5685.0,365.0,4135.0,1036.0,0.0
882,Pactola,processed,America/Denver,14253.0,3.552713678800501e-15,0.0,0.0,14610.0,1.7763568394002505e-15,0.0,0.0,True,37.0,365.0,44.0,7.0,0.0
884,Lake Sharpe,processed,America/Chicago,14610.0,4.547473508864641e-13,0.0,0.0,14396.0,9.094947017729282e-13,0.0,0.0,True,0.0,19.0,19.0,0.0,0.0
885,Deerfield,processed,America/Denver,14253.0,4.440892098500626e-16,0.0,0.0,14610.0,4.440892098500626e-16,0.0,0.0,True,56.0,365.0,63.0,7.0,0.0
893,Angostura,processed,America/Denver,14162.0,5.684341886080802e-14,0.0,0.0,14610.0,5.684341886080802e-14,0.0,0.0,True,2158.0,365.0,2050.0,175.0,0.0
895,Lewis and Clark Lake,processed,America/Chicago,14610.0,4.547473508864641e-13,0.0,0.0,14610.0,4.547473508864641e-13,0.0,0.0,True,0.0,0.0,0.0,0.0,0.0
898,Glendo,processed,America/Denver,14253.0,5.684341886080802e-14,0.0,0.0,14610.0,5.684341886080802e-14,0.0,0.0,True,2.0,365.0,9.0,7.0,0.0
919,Branched Oak Lake,processed,America/Chicago,14124.0,7.105427357601002e-15,0.0,0.0,9316.0,3.552713678800501e-15,0.0,0.0,True,0.0,2347.0,1812.0,343.0,0.0
920,,processed,America/Chicago,14402.0,7.105427357601002e-15,0.0,0.0,14610.0,1.4210854715202004e-14,0.0,0.0,True,0.0,216.0,7.0,7.0,0.0
929,,processed,America/Chicago,13274.0,2.842170943040401e-14,0.0,0.0,14610.0,2.842170943040401e-14,0.0,0.0,True,0.0,1344.0,7.0,7.0,0.0
931,,processed,America/Chicago,7884.0,8.881784197001252e-16,0.0,0.0,7884.0,1.7763568394002505e-15,0.0,0.0,True,40.0,6726.0,40.0,0.0,0.0
936,Enders,processed,America/Denver,12193.0,1.4210854715202004e-14,0.0,0.0,14234.0,1.7763568394002505e-15,0.0,0.0,True,2362.0,2273.0,2447.0,952.0,0.0
938,Harry Strunk Lake,processed,America/Chicago,14243.0,2.842170943040401e-14,0.0,0.0,14236.0,3.552713678800501e-15,0.0,0.0,True,664.0,107.0,766.0,21.0,0.0
939,Hugh Butler Lake,processed,America/Chicago,14002.0,2.842170943040401e-14,0.0,0.0,14236.0,1.7763568394002505e-15,0.0,0.0,True,2746.0,169.0,2629.0,301.0,0.0
948,Harlan County Lake,processed,America/Chicago,9333.0,1.1368683772161603e-13,0.0,0.0,11781.0,3.552713678800501e-15,0.0,0.0,True,2357.0,5348.0,2400.0,196.0,0.0
952,Lovewell,processed,America/Chicago,9565.0,2.842170943040401e-14,0.0,0.0,12145.0,7.105427357601002e-15,0.0,0.0,True,1296.0,5166.0,1406.0,77.0,0.0
953,Keith Sebelius Lake,processed,America/Chicago,13533.0,7.105427357601002e-15,0.0,0.0,14610.0,4.440892098500626e-16,0.0,0.0,True,5043.0,468.0,4289.0,1015.0,0.0
956,Kirwin,processed,America/Chicago,9239.0,7.275957614183426e-12,0.0,0.0,11976.0,3.552713678800501e-15,0.0,0.0,True,2200.0,6396.0,3239.0,315.0,59.0
957,Cherry Creek Lake,processed,America/Denver,14330.0,7.105427357601002e-15,0.0,0.0,11314.0,1.7763568394002505e-15,0.0,0.0,True,0.0,761.0,473.0,56.0,0.0
958,Bonny,processed,America/Denver,13525.0,1.4210854715202004e-14,0.0,0.0,14245.0,4.440892098500626e-16,0.0,0.0,True,4135.0,160.0,3471.0,728.0,0.0
969,Blue Springs Lake,processed,America/Chicago,9597.0,7.105427357601002e-15,0.0,0.0,11024.0,7.105427357601002e-15,0.0,0.0,True,0.0,5021.0,7.0,7.0,0.0
974,Longview Lake,processed,America/Chicago,10708.0,1.4210854715202004e-14,0.0,0.0,10700.0,3.552713678800501e-15,0.0,0.0,True,0.0,3910.0,7.0,7.0,0.0
976,Cedar Bluff,processed,America/Chicago,8831.0,1.4210854715202004e-14,0.0,0.0,11774.0,1.7763568394002505e-15,0.0,0.0,True,4398.0,5071.0,3953.0,714.0,0.0
982,Melvern Lake,processed,America/Chicago,12793.0,5.684341886080802e-14,0.0,0.0,12786.0,1.4210854715202004e-14,0.0,0.0,True,0.0,1825.0,7.0,7.0,0.0
987,Pueblo,processed,America/Denver,12518.0,2.842170943040401e-14,0.0,0.0,11641.0,5.684341886080802e-14,0.0,0.0,True,5.0,2121.0,33.0,7.0,0.0
989,Harry S. Truman Reservoir,processed,America/Chicago,12793.0,9.094947017729282e-13,0.0,0.0,12786.0,2.2737367544323206e-13,0.0,0.0,True,0.0,1825.0,7.0,7.0,0.0
993,Osage,processed,America/Chicago,7670.0,4.547473508864641e-13,0.0,0.0,7670.0,4.547473508864641e-13,0.0,0.0,True,0.0,6.0,6.0,0.0,0.0
