scenario,task,model,ID,MAIN_BAS,fold,n_train,observed,predicted,group,absolute_error
cars,US,persistence,1017,7060047060,0,45,0.3767102226800422,0.3063632691613325,Common cohort,0.07034695351870968
cars,US,persistence,1026,7060047060,0,45,0.2562551909017682,0.2570394068809823,Common cohort,0.0007842159792141312
cars,US,persistence,1033,7060047060,0,45,0.3421777595752804,0.3247300730084949,Common cohort,0.017447686566785525
cars,US,persistence,1036,7060047060,0,45,0.1994634532561202,0.1993848612521307,Common cohort,7.859200398949162e-05
cars,US,persistence,1042,7060047060,0,45,0.3086252424534333,0.3547932848921897,Common cohort,0.046168042438756385
cars,US,persistence,1067,7060047060,0,45,0.5998478490301629,0.5325281058862181,Common cohort,0.06731974314394473
cars,US,persistence,1092,7060047060,0,45,0.5538973189418028,0.4770320849549008,Common cohort,0.07686523398690204
cars,US,persistence,1101,7060047060,0,45,0.5732890822190375,0.4553180733008327,Common cohort,0.11797100891820483
cars,US,persistence,1112,7060047060,0,45,0.4529900451763571,0.3423355702806719,Common cohort,0.1106544748956852
cars,US,persistence,1121,7060047060,0,45,0.2957368610247056,0.2289161748185658,Common cohort,0.06682068620613979
cars,US,persistence,1122,7060047060,0,45,0.4731408184743925,0.4134959440304958,Common cohort,0.05964487444389671
cars,US,persistence,1125,7060047060,0,45,0.2957368610247056,0.2289161748185658,Common cohort,0.06682068620613979
cars,US,persistence,1127,7060047060,0,45,0.5284257833617235,0.449194919462514,Common cohort,0.07923086389920952
cars,US,persistence,1192,7060047060,0,45,0.1562255166753042,0.1118478499253477,Common cohort,0.04437766674995651
cars,US,persistence,1586,7060047060,0,45,0.100909613549067,0.1312055163674776,Common cohort,0.030295902818410603
cars,US,persistence,1587,7060047060,0,45,0.2531868046723131,0.2604499708928485,Common cohort,0.007263166220535411
cars,US,persistence,1592,7060047060,0,45,0.3257712611764545,0.2053320404390684,Common cohort,0.12043922073738611
cars,US,persistence,1595,7060047060,0,45,0.0973436812701083,0.0344168166620038,Common cohort,0.0629268646081045
cars,US,persistence,1600,7060047060,0,45,0.1485302141903988,0.1296322465659805,Common cohort,0.01889796762441831
cars,US,persistence,1617,7060047060,0,45,0.2468742529710988,0.3014217633642058,Common cohort,0.054547510393106985
cars,US,persistence,1619,7060047060,0,45,0.1324576005360337,0.2243709864026119,Common cohort,0.09191338586657821
cars,US,persistence,1620,7060047060,0,45,0.2603561165968012,0.2867891046920065,Common cohort,0.026432988095205334
cars,US,persistence,1631,7060047060,0,45,0.1154370030213878,0.1823700448782095,Common cohort,0.06693304185682168
cars,US,persistence,1634,7060047060,0,45,0.1613390101012365,0.1334271125463301,Common cohort,0.02791189755490639
cars,US,persistence,1636,7060047060,0,45,0.3431055207314705,0.4339507826290103,Common cohort,0.09084526189753983
cars,US,persistence,1645,7060047060,0,45,0.4370375957767412,0.4050064601627717,Common cohort,0.032031135613969475
cars,US,persistence,1650,7060047060,0,45,0.1593551742941747,0.2403622698406082,Common cohort,0.08100709554643351
cars,US,persistence,1654,7060047060,0,45,0.4218435553220695,0.4150193065416226,Common cohort,0.0068242487804469065
cars,US,persistence,1655,7060047060,0,45,0.2436515966980656,0.2431128891410848,Common cohort,0.0005387075569807942
cars,US,persistence,1656,7060047060,0,45,0.1692126379774312,0.1324623247313574,Common cohort,0.03675031324607378
cars,US,persistence,1683,7060047060,0,45,0.3901169448841023,0.3168403195477491,Common cohort,0.07327662533635321
cars,US,persistence,1691,7060047060,0,45,0.0912916747962116,0.1411589423780079,Common cohort,0.04986726758179631
cars,US,persistence,1699,7060047060,0,45,0.0864253429344667,0.0826995106355747,Common cohort,0.0037258322988920067
cars,US,persistence,1703,7060047060,0,45,0.6719276083841421,0.5453170994179828,Common cohort,0.12661050896615933
cars,US,persistence,1706,7060047060,0,45,0.1311194154359323,0.1263820860259669,Common cohort,0.004737329409965407
cars,US,persistence,1707,7060047060,0,45,0.2045568451524834,0.2433361441672575,Common cohort,0.03877929901477409
cars,US,persistence,1709,7060047060,0,45,0.0752617263628176,0.059101408016303,Common cohort,0.016160318346514595
cars,US,persistence,1712,7060047060,0,45,0.0871922360578064,0.1147606502352691,Common cohort,0.027568414177462697
cars,US,persistence,1713,7060047060,0,45,0.1800055011506023,0.24864642535655,Common cohort,0.0686409242059477
cars,US,persistence,1714,7060047060,0,45,0.2897810133158173,0.3481205054128808,Common cohort,0.05833949209706352
cars,US,persistence,1718,7060047060,0,45,0.394739557462232,0.4286073075539841,Common cohort,0.03386775009175208
cars,US,persistence,1723,7060047060,0,45,0.1521229922142395,0.1701228990543999,Common cohort,0.017999906840160396
cars,US,persistence,1726,7060047060,0,45,0.090035224085207,0.1100331933153662,Common cohort,0.0199979692301592
cars,US,persistence,1735,7060047060,0,45,0.0588370779996264,0.0681806665333775,Common cohort,0.009343588533751099
cars,US,persistence,1739,7060047060,0,45,0.2695208573168531,0.2778201615933636,Common cohort,0.008299304276510489
cars,US,persistence,1740,7060047060,0,45,0.1589239050565217,0.1319573906882313,Common cohort,0.026966514368290395
cars,US,persistence,1741,7060047060,0,45,0.3146143807409897,0.2731331402455893,Common cohort,0.04148124049540036
cars,US,persistence,1742,7060047060,0,45,0.0713793616962637,0.0714487556247962,Common cohort,6.939392853250181e-05
cars,US,persistence,1744,7060047060,0,45,0.2132428018625382,0.1851406018086097,Common cohort,0.028102200053928494
cars,US,persistence,1752,7060047060,0,45,0.0273242810948098,0.0354598056418938,Common cohort,0.008135524547083998
cars,US,persistence,1753,7060047060,0,45,0.0338436018705593,0.1156231835391903,Common cohort,0.081779581668631
cars,US,persistence,1754,7060047060,0,45,0.0936180715321968,0.1805723168800919,CARS-only,0.0869542453478951
cars,US,persistence,1755,7060047060,0,45,0.5328497903478746,0.4465506210077354,Common cohort,0.0862991693401392
cars,US,persistence,1756,7060047060,0,45,0.3989681966623302,0.419797249927433,CARS-only,0.020829053265102815
cars,US,persistence,1762,7060047060,0,45,0.4511495750341707,0.4121540653842189,CARS-only,0.0389955096499518
cars,US,persistence,1768,7060047060,0,45,0.0108149491283479,0.0156198566137,Common cohort,0.004804907485352099
cars,US,persistence,1775,7060047060,0,45,0.3236428659482365,0.3075368103047898,CARS-only,0.016106055643446693
cars,US,persistence,1777,7060047060,0,45,0.2890938942180809,0.2886660346592506,Common cohort,0.00042785955883029025
cars,US,persistence,1848,7060047060,0,45,0.4800253185821163,0.4965865816445569,Common cohort,0.0165612630624406
cars,US,persistence,1864,7060047060,0,45,0.5318920034094353,0.5031150877157544,Common cohort,0.028776915693680905
cars,US,persistence,1869,7060047060,0,45,0.6181993694029078,0.6560245547725599,Common cohort,0.03782518536965218
cars,US,persistence,300,7060047060,0,45,0.5006788204045888,0.5772129020618625,CARS-only,0.07653408165727371
cars,US,persistence,307,7060047060,0,45,0.1352866923347701,0.1519989650409947,Common cohort,0.016712272706224607
cars,US,persistence,319,7060047060,0,45,0.2372024373509443,0.2544675264363524,Common cohort,0.01726508908540811
cars,US,persistence,355,7060047060,0,45,0.122724691887676,0.1516369310882742,Common cohort,0.028912239200598197
cars,US,persistence,362,7060047060,0,45,0.3864645066597572,0.6834958479568398,Common cohort,0.29703134129708264
cars,US,persistence,364,7060047060,0,45,0.1616776878300633,0.1383190194230687,Common cohort,0.023358668406994604
cars,US,persistence,368,7060047060,0,45,0.4096064798436735,0.379082216342184,Common cohort,0.030524263501489513
cars,US,persistence,373,7060047060,0,45,0.3755858001183966,0.4735180279084399,Common cohort,0.09793222779004329
cars,US,persistence,393,7060047060,0,45,0.2235727680227117,0.2314521309874739,Common cohort,0.007879362964762188
cars,US,persistence,398,7060047060,0,45,0.2636061818578061,0.2256658031207516,Common cohort,0.0379403787370545
cars,US,persistence,399,7060047060,0,45,0.135802535162478,0.17167226445145,CARS-only,0.035869729288972
cars,US,persistence,415,7060047060,0,45,0.0743980713500463,0.0750463971974288,Common cohort,0.0006483258473825027
cars,US,persistence,416,7060047060,0,45,0.1825672414052594,0.1542414064691299,Common cohort,0.0283258349361295
cars,US,persistence,421,7060047060,0,45,0.2531768818393909,0.4033623249586614,Common cohort,0.1501854431192705
cars,US,persistence,500,7060047060,0,45,0.3571003479835103,0.3883913567909292,Common cohort,0.03129100880741886
cars,US,persistence,505,7060047060,0,45,0.2380137560020025,0.2088538510923839,Common cohort,0.02915990490961859
cars,US,persistence,511,7060047060,0,45,0.0833569004764847,0.1180013290055557,Common cohort,0.034644428529071
cars,US,persistence,522,7060047060,0,45,0.0714074460062018,0.1169125442810004,Common cohort,0.045505098274798594
cars,US,persistence,529,7060047060,0,45,0.2180083634577565,0.2302628819214546,CARS-only,0.0122545184636981
cars,US,persistence,530,7060047060,0,45,0.2488253084209274,0.2226738725900746,Common cohort,0.026151435830852804
cars,US,persistence,533,7060047060,0,45,0.0503228514519442,0.0713632421776792,Common cohort,0.021040390725735
cars,US,persistence,7313,7060047060,0,45,0.1875167246437204,0.2052085272596382,Common cohort,0.017691802615917795
cars,US,persistence,7318,7060047060,0,45,0.0114181878752913,0.0099909413991786,Common cohort,0.0014272464761126997
cars,US,persistence,753,7060047060,0,45,0.1511584235672694,0.2411793974574633,Common cohort,0.0900209738901939
cars,US,persistence,777,7060047060,0,45,0.2787970887167416,0.2140993852279181,CARS-only,0.06469770348882348
cars,US,persistence,780,7060047060,0,45,0.4455792710797019,0.4442817632653582,CARS-only,0.0012975078143437346
cars,US,persistence,784,7060047060,0,45,0.215681702320542,0.3129427696607423,CARS-only,0.09726106734020029
cars,US,persistence,798,7060047060,0,45,0.2298971311256772,0.3916034615304203,CARS-only,0.1617063304047431
cars,US,persistence,837,7060047060,0,45,0.1446783707599708,0.5838143499999546,CARS-only,0.4391359792399838
cars,US,persistence,868,7060047060,0,45,0.6617214722807061,0.8731623129809849,CARS-only,0.2114408407002788
cars,US,persistence,870,7060047060,0,45,0.0572896286251267,0.1928439733415778,Common cohort,0.1355543447164511
cars,US,persistence,882,7060047060,0,45,0.0748740561065813,0.1199354700610599,Common cohort,0.0450614139544786
cars,US,persistence,884,7060047060,0,45,0.058890091762423,0.0597863332871911,Common cohort,0.000896241524768103
cars,US,persistence,885,7060047060,0,45,0.0602136975593663,0.1590744547316412,Common cohort,0.0988607571722749
cars,US,persistence,893,7060047060,0,45,0.3039675883467522,0.6684285946386119,CARS-only,0.36446100629185973
cars,US,persistence,895,7060047060,0,45,0.0120090254829435,0.0169548268229743,Common cohort,0.004945801340030798
cars,US,persistence,898,7060047060,0,45,0.4809622045609584,0.7808173582640034,Common cohort,0.29985515370304505
cars,US,persistence,920,7060047060,0,45,0.0097027172892241,0.0464111475993573,Common cohort,0.0367084303101332
cars,US,persistence,931,7060047060,0,45,1.2052396392304092,0.9465393297640908,Common cohort,0.2587003094663184
cars,US,persistence,938,7060047060,0,45,0.3968494669462763,0.8634668302365714,Common cohort,0.46661736329029513
cars,US,persistence,939,7060047060,0,45,0.4656358493251691,1.0472790728315735,CARS-only,0.5816432235064044
cars,US,persistence,948,7060047060,0,45,0.5744564251171721,0.920617734924412,CARS-only,0.3461613098072399
cars,US,persistence,952,7060047060,0,45,0.6166240176032683,0.8211088482287083,CARS-only,0.20448483062543998
cars,US,persistence,956,7060047060,0,45,1.1283610390792411,0.9696378515559538,CARS-only,0.1587231875232873
cars,US,persistence,419,7060008710,1,128,0.4416205857741654,0.5123694735582704,Common cohort,0.07074888778410504
cars,US,persistence,423,7060008710,1,128,0.2609668929402653,0.3281289426471836,Common cohort,0.0671620497069183
cars,US,persistence,445,7060008710,1,128,0.2241508369144445,0.2565192805368019,Common cohort,0.032368443622357385
cars,US,persistence,448,7060008710,1,128,0.2242741407973743,0.2317178905334348,Common cohort,0.007443749736060518
cars,US,persistence,451,7060008710,1,128,0.2142445264803189,0.129798748775941,Common cohort,0.08444577770437789
cars,US,persistence,469,7060008710,1,128,0.4636592811147587,0.4514458862548698,Common cohort,0.01221339485988887
cars,US,persistence,470,7060008710,1,128,0.309992589825748,0.2951550807046913,Common cohort,0.014837509121056691
cars,US,persistence,471,7060008710,1,128,0.4998953490670137,0.552258455356849,CARS-only,0.052363106289835315
cars,US,persistence,473,7060008710,1,128,0.6126285989726578,0.6419219353079901,CARS-only,0.029293336335332376
cars,US,persistence,488,7060008710,1,128,0.2871536416436151,0.3940022152372216,Common cohort,0.1068485735936065
cars,US,persistence,492,7060008710,1,128,0.4407826505245222,0.4454325172037523,CARS-only,0.004649866679230119
cars,US,persistence,493,7060008710,1,128,0.3787147304064105,0.4983734540480982,CARS-only,0.11965872364168767
cars,US,persistence,497,7060008710,1,128,0.2485978849699834,0.3445191078284952,Common cohort,0.09592122285851182
cars,US,persistence,502,7060008710,1,128,0.3042369535372322,0.2273471959844123,Common cohort,0.07688975755281988
cars,US,persistence,506,7060008710,1,128,0.4850553440011199,0.4531972413705782,CARS-only,0.031858102630541674
cars,US,persistence,509,7060008710,1,128,0.0984713136044381,0.2271385713786674,Common cohort,0.12866725777422927
cars,US,persistence,517,7060008710,1,128,0.3479024777143732,0.3768690160204692,Common cohort,0.028966538306095968
cars,US,persistence,518,7060008710,1,128,0.5128392897293541,0.5176159493796735,Common cohort,0.00477665965031937
cars,US,persistence,531,7060008710,1,128,0.1943925982432932,0.2486894707415422,Common cohort,0.05429687249824902
cars,US,persistence,536,7060008710,1,128,0.2525079757588215,0.2441716783844615,Common cohort,0.008336297374360008
cars,US,persistence,541,7060008710,1,128,0.3372827560408248,0.3680095508242642,Common cohort,0.03072679478343937
cars,US,persistence,542,7060008710,1,128,0.0187909764074965,0.0431119336673547,Common cohort,0.024320957259858198
cars,US,persistence,549,7060008710,1,128,0.1701278393208284,0.1265932506455483,Common cohort,0.043534588675280095
cars,US,persistence,567,7060008710,1,128,0.6561024589795234,0.5645647910752323,Common cohort,0.09153766790429108
cars,US,persistence,572,7060008710,1,128,0.2545793834791666,0.3397319438274165,CARS-only,0.08515256034824992
cars,US,persistence,574,7060008710,1,128,0.3997613582889092,0.4512779774649619,Common cohort,0.051516619176052714
cars,US,persistence,575,7060008710,1,128,0.3449917751935075,0.4519429074049217,Common cohort,0.10695113221141422
cars,US,persistence,597,7060008710,1,128,0.5041937892767199,0.4783413138687872,Common cohort,0.025852475407932674
cars,US,persistence,601,7060008710,1,128,0.3977358697471582,0.3470926370857538,Common cohort,0.050643232661404414
cars,US,persistence,1249,7060048410,2,145,1.146030395254913,0.8239127479792422,Common cohort,0.3221176472756707
cars,US,persistence,132,7060013550,2,145,0.219801286694753,0.1513798008264652,Common cohort,0.06842148586828778
cars,US,persistence,133,7060013550,2,145,0.0741904804748519,0.0393393163092264,Common cohort,0.034851164165625496
cars,US,persistence,144,7060013550,2,145,0.2476494597423332,1.934865963520902,CARS-only,1.687216503778569
cars,US,persistence,148,7060013550,2,145,0.2197842033324871,0.172133696353775,Common cohort,0.04765050697871209
cars,US,persistence,168,7060013550,2,145,0.0693896054922447,0.0473233359031935,CARS-only,0.022066269589051196
cars,US,persistence,1776,7060043090,2,145,0.0707366206007042,0.0378248716198796,Common cohort,0.03291174898082459
cars,US,persistence,182,7060013550,2,145,0.1812616410347769,0.1878565862932835,Common cohort,0.006594945258506596
cars,US,persistence,185,7060013550,2,145,0.7485088847580723,0.5889894278477281,CARS-only,0.1595194569103442
cars,US,persistence,191,7060013550,2,145,0.2234054546701261,0.3085108444008708,Common cohort,0.08510538973074469
cars,US,persistence,193,7060013550,2,145,0.4154316045619325,0.5575534844502066,CARS-only,0.14212187988827407
cars,US,persistence,198,7060013550,2,145,0.3030069769194994,0.3601316197490651,Common cohort,0.0571246428295657
cars,US,persistence,204,7060013550,2,145,0.3022171133610934,0.3639947327359355,Common cohort,0.06177761937484211
cars,US,persistence,524,7060073920,2,145,0.2800087631552244,0.6078183713614831,Common cohort,0.3278096082062587
cars,US,persistence,585,7060013550,2,145,0.3782257121411972,0.3180967080847229,CARS-only,0.06012900405647431
cars,US,persistence,592,7060013550,2,145,0.3000093946332669,0.5038349664652603,CARS-only,0.20382557183199335
cars,US,persistence,595,7060013550,2,145,0.1074165396122517,0.1992841916893307,Common cohort,0.091867652077079
cars,US,persistence,600,7060013550,2,145,0.2941340706340895,0.2914841171161893,Common cohort,0.00264995351790015
cars,US,persistence,605,7060013550,2,145,0.298616468183024,0.2780292342899207,CARS-only,0.020587233893103296
cars,US,persistence,609,7060013550,2,145,0.2192750627171245,0.3371005389510386,CARS-only,0.1178254762339141
cars,US,persistence,612,7060013550,2,145,0.1073350394030861,0.1516502613470948,Common cohort,0.044315221944008706
cars,US,persistence,1086,7060049270,3,132,1.0688908847059715,0.886849700889463,Common cohort,0.18204118381650847
cars,US,persistence,131,7060014200,3,132,0.3069620663884905,0.2856074661052528,Common cohort,0.021354600283237712
cars,US,persistence,1761,7060042310,3,132,0.2589475273602554,0.1990868414498117,Common cohort,0.05986068591044369
cars,US,persistence,1879,7060043160,3,132,0.5783266087608062,0.5690889313730689,Common cohort,0.009237677387737286
cars,US,persistence,310,7060014930,3,132,0.0602561460752809,0.0587174086689135,Common cohort,0.0015387374063674034
cars,US,persistence,316,7060014930,3,132,0.2220848054312484,0.2392969039661541,Common cohort,0.017212098534905712
cars,US,persistence,361,7060014930,3,132,0.1050318957957349,0.1131674530361099,Common cohort,0.008135557240375
cars,US,persistence,367,7060014930,3,132,0.2686097219279892,0.3459403401148665,CARS-only,0.07733061818687731
cars,US,persistence,372,7060014930,3,132,0.3049364488518964,0.3273465216358815,Common cohort,0.022410072783985102
cars,US,persistence,378,7060014930,3,132,0.6498951178353334,0.7762356282647203,CARS-only,0.12634051042938688
cars,US,persistence,384,7060014930,3,132,0.3093526199502241,0.2881686443886527,Common cohort,0.021183975561571422
cars,US,persistence,386,7060014930,3,132,0.5767595458015281,0.5397176969141498,Common cohort,0.03704184888737827
cars,US,persistence,390,7060014930,3,132,0.3071239489001133,0.368840963562169,CARS-only,0.0617170146620557
cars,US,persistence,391,7060014930,3,132,0.1156538679467976,0.1418314882374069,Common cohort,0.0261776202906093
cars,US,persistence,41,7060016090,3,132,0.3063485000731634,0.2799836461082167,Common cohort,0.0263648539649467
cars,US,persistence,413,7060014930,3,132,0.0149574288546225,0.0259910794039343,Common cohort,0.0110336505493118
cars,US,persistence,42,7060016090,3,132,0.3638214534858144,0.3379496880808614,Common cohort,0.025871765404953007
cars,US,persistence,55,7060014930,3,132,0.2791408868597332,0.2907503018645895,Common cohort,0.011609415004856294
cars,US,persistence,57,7060014930,3,132,0.3399568096450151,0.3920447207419912,Common cohort,0.05208791109697608
cars,US,persistence,60,7060014930,3,132,0.2026048875319817,0.2651339195738726,Common cohort,0.06252903204189092
cars,US,persistence,63,7060014930,3,132,0.2699904997815742,0.3599866442466242,Common cohort,0.08999614446505
cars,US,persistence,114,7060014340,4,140,0.2853517724953331,0.4277469923249714,Common cohort,0.14239521982963826
cars,US,persistence,1151,7060047970,4,140,0.537804254533716,0.3612760024727691,Common cohort,0.17652825206094697
cars,US,persistence,1237,7060047970,4,140,0.6223175503941138,0.5113976516533948,Common cohort,0.11091989874071906
cars,US,persistence,169,7060013560,4,140,0.5336578409890408,0.6344242896002354,Common cohort,0.10076644861119466
cars,US,persistence,1782,7060042740,4,140,0.373758422393994,0.3054690069477672,CARS-only,0.0682894154462268
cars,US,persistence,1796,7060042940,4,140,0.2959980432599221,0.1556509886739072,CARS-only,0.14034705458601487
cars,US,persistence,180,7060013560,4,140,0.5874000740573897,0.4832904433748937,CARS-only,0.10410963068249601
cars,US,persistence,1851,7060043500,4,140,0.1239269287967713,0.1502936179035389,Common cohort,0.026366689106767607
cars,US,persistence,1872,7060043500,4,140,0.183695722710361,0.2263076301159665,CARS-only,0.0426119074056055
cars,US,persistence,1883,7060043640,4,140,0.2508237460999755,0.2175020179583472,Common cohort,0.03332172814162829
cars,US,persistence,223,7060013180,4,140,0.2850384019360484,0.2581780795602523,CARS-only,0.02686032237579611
cars,US,persistence,292,7060022240,4,140,0.4472345683630451,0.4192605790690127,Common cohort,0.027973989294032386
cars,US,persistence,431,7060073620,4,140,0.1575546995565397,0.1502796653715764,CARS-only,0.007275034184963308
cars,US,persistence,438,7060073620,4,140,0.3205574500397978,0.2830200315693761,CARS-only,0.03753741847042169
cars,US,persistence,442,7060073620,4,140,0.2880753880040633,0.2964911515481112,Common cohort,0.008415763544047883
cars,US,persistence,449,7060073620,4,140,0.426066484362956,0.5108964331804531,Common cohort,0.08482994881749706
cars,US,persistence,450,7060073620,4,140,0.3659586584769955,0.3468154854913096,CARS-only,0.019143172985685908
cars,US,persistence,456,7060073620,4,140,0.2640694177067812,0.2208278974905376,Common cohort,0.04324152021624361
cars,US,persistence,467,7060073620,4,140,0.5066104513145995,0.4468360595360856,Common cohort,0.0597743917785139
cars,US,persistence,477,7060073620,4,140,0.2618498475460717,0.3127136822483656,Common cohort,0.050863834702293886
cars,US,persistence,7308,7060043500,4,140,0.1498584901974067,0.1206408950731354,Common cohort,0.029217595124271314
