country,ID,name,ratio,max_outflow,max_daily_capacity_turnovers,flagged,reasons,eligible_years,first_date,last_date,source_sha256
US,1001,El Dorado Lake,0.6741387174736989,117.741,0.03340828374384237,False,,36,1979-10-01,2015-09-30,2d9deecb8915b8686ce29044029c62e51847ad2e8b8c90d13ca2073b3a45bd90
US,1003,Toronto Lake,0.9757879632143796,576.742,0.12666626537874937,False,,36,1979-10-01,2015-09-30,006d86e263cf805564162bf7f3668c494349d01beb22a0b6423cac57c31765d7
US,1006,Stockton Lake,0.8941188931639078,176.96554166666667,0.007404989732661758,False,,39,1975-10-01,2014-09-30,67a1503305a3667d8814e387ea02feffa7a16ef01f4b4d63f3388231fd586d92
US,1007,Fall River Lake,0.9702062317197552,144.57175,0.039490987037622514,False,,36,1979-10-01,2015-09-30,20520811ce69d2f31febc781e796efd503573d30aed6e61b630d0e2040536541
US,1017,Clearwater Lake,0.9905000135791838,164.71292626666667,0.027937174773144877,False,,44,1975-10-01,2019-09-30,75186e034ff65eaa27bac3e09aa91d5b7981f181e2cea43179e6b9e062201122
US,1020,Copan Lake,0.9330076184388407,1133.3741666666665,0.23488493163828253,False,,35,1980-10-01,2015-09-30,d6eee9a6aa18f60fd1ff83a686a5a7682e0b34cbafd4db606f17f254e3f507a5
US,1021,Great Salt Plains Lake,0.9360008745883936,332.71549999999996,0.02353579433437039,False,,36,1979-10-01,2015-09-30,ea36f1210b3be506841c673d57b5ea5764f65a5cb792aa8e10f92cf8c4dfb09b
US,1023,Kaw Lake,0.9663986178095264,1655.6549166666666,0.08738459670128282,False,,36,1979-10-01,2015-09-30,59ec3238b5a6a558da3cab360498de6e982713fad1102d4b761a0d9e8986ef4c
US,1026,Table Rock Lake,0.9434659410480005,1964.6408215,0.03975012691792145,False,,44,1975-10-01,2019-09-30,64f128afa0c65024be419dc4c9e325c80cac37ca4336e3e43c2dc20c3ee8d529
US,1027,Fort Supply Lake,0.7519195625193553,29.317291666666662,0.020394637681159417,False,,36,1979-10-01,2015-09-30,e5f53d73efdc92d39645b87b2512f8b335d7605c58b398011f4de8dabe5c2d77
US,1028,Birch Lake,0.8487113374014995,56.634,0.03571662481751824,False,,36,1979-10-01,2015-09-30,a2c4eaf07e9ce79d1767ffb9099ec37103522c3c07ee606018af9a299c6faeaf
US,1032,Oologah Lake,0.9262353673285805,1413.772625,0.06351060926532523,False,,36,1979-10-01,2015-09-30,e0e188a3edac20e238989e808224d09dd06b90f0ea60f60d7d13697a49aec891
US,1033,Beaver Lake,0.8938518459350604,1935.6798144,0.06945873243797658,False,,44,1975-10-01,2019-09-30,dc8a2d7a42eee027b5aa147e89ac5424ead592151aefee59c4eb58429ddffb06
US,1036,Bull Shoals Lake,0.9449278327731413,1661.141359083333,0.021515375211716908,False,,44,1975-10-01,2019-09-30,634daf0210f9ae30ce7a14e69119d0e540b0b16acfdaea47f1bf2100eb85d110
US,1042,Norfork Lake,0.9277832007843179,1561.4213885,0.05515405068127555,False,,44,1975-10-01,2019-09-30,facc7491b6085c732aa579eddc5751f0d0dda2bc7225db36f43a6c1fceb4c294
US,1048,Keystone Lake,0.9864628166929549,6632.810708333333,0.2777736635160681,False,,36,1979-10-01,2015-09-30,157f433dc51fdb072bb51e0c1a49f9cdfb3681bfcc709bd37d8fc3ecd6445efd
US,1051,,0.9992761614584363,2751.875916666667,8.198692386206897,False,,15,1979-10-01,1994-09-30,6a1305bca3cc2e5eaa5d707a826c75f4aa184f3f89c24ecffa68fd49b7c0cba9
US,1053,Fort Gibson Lake,0.9927690898445436,3840.3116666666665,0.2094318803256959,False,,36,1979-10-01,2015-09-30,a404bfb6a22085ce705b28f1d4e8d1dba9105f76c14ee9edfc61c6cf20a62fdc
US,1067,Greers Ferry Lake,0.9066034339413551,299.9881792,0.007388534402189281,False,,44,1975-10-01,2019-09-30,7b37becbf5ff9c71e75d9acbd86e08173aeb82b507b156174b9e48b9461285f9
US,1070,Conchas Lake,0.6927739098924958,198.685,0.019625453298273695,False,,24,1991-10-01,2015-09-30,31362e0ebfbc39ffa77001b864d24e371a6c31c210ea0beb20e40b812e0a0df2
US,1075,Robert S. Kerr Reservoir,0.995739598888985,10100.15025,1.3458559247378161,False,,15,1979-10-01,1994-09-30,2d3add90eafaf513bf04d017610aaf46d581db0c79dc6592bf49ca9d36824e5c
US,1078,Dardanelle Lake,0.9931507320852141,11983.905791666668,1.726545706853427,False,,26,1989-10-01,2015-09-30,484bdb7e4313801c87f07d7662c000352dd48dbf2c91a90b76f47160378106fb
US,1084,Blue Mountain Lake,1.0388128129745358,655.6129710666667,0.1780168469521056,False,,41,1975-10-01,2016-08-25,b4166df139382788fb06f1eac874e6f71bd07fa3dd544c0bd27c25bff641ff5e
US,1086,Santa Rosa Lake,0.841648941756694,58.19075,0.005684849389416553,False,,38,1980-10-01,2018-09-30,084f2a8c1cc5fc9d22b8a12506cba16e0618533a82749c03ce4e4bd58e9c7d20
US,1092,Nimrod Lake,0.9808708771030715,353.54114733333336,0.07371128168339769,False,,44,1975-10-01,2019-09-30,4e70ed55a66d1483fe99fccb49df0fe60094e492578e30da8a98e116598fc313
US,1093,Wister Lake,0.968851557044869,655.6130833333333,0.1074245598331121,False,,36,1979-10-01,2015-09-30,e6e867b9e722c5c281eda633fd96b7bcd27daf7c72ac91d6460d5807ed18b939
US,1095,Lake Altus,0.03763415060517629,141.13541666666666,0.07444505494505495,True,meanratio_outside_0.1_10,10,1991-10-01,2015-09-30,de78b491435f318d937cae3bc7a6a22169201500fc79ceeb3da47be55cf0677a
US,1101,Arkabutla Lake,0.8423712073663071,371.06779166666666,0.018782739000527272,False,,44,1975-10-01,2019-09-30,23267ef86df3845b810924336e15a314aac70ae50ff5e3adc64830e83b0cd35d
US,1109,Lake Sumner,0.5350666178759812,45.76275,0.05230028571428571,False,,14,1991-10-01,2020-09-30,fa30a8723884ba0a47c2fdac65c165c8cb95012d1711760f08f2695866059431
US,1112,Lake Ouachita,0.8026864760731639,368.5050833333333,0.006863593860481158,False,,44,1975-10-01,2019-09-30,db39374ba3604519575aaa4543392eae7ee18829d77e1d863471ba873ff72cb5
US,1120,Waurika Lake,0.656129397874844,174.405625,0.013058883785423345,False,,36,1979-10-01,2015-09-30,4d3192db13e812d1fbc2a604815447c24ab3376bd3fa728a658c29ce2846ba29
US,1121,Degray Lake,0.8050776666291146,245.09625,0.012466923348640057,False,,44,1975-10-01,2019-09-30,63a987c22161c46e0de4ba27d1437bba2337429c45dee2d673fe0f8c118a6ee1
US,1122,Gillham Lake,0.9885227933766229,86.70958119999999,0.027381973010526313,False,,43,1975-10-01,2019-09-30,310d81948683225b157c64e7361d2de4ccae209dc2e094b5f1f94d323065a74e
US,1124,Dierks Lake,0.96906213915603,27.785416666666663,0.012204677173360445,False,,26,1989-10-01,2015-09-30,d53164c7676c8b41ba8505edd1ac7868137a6dcd66b4fa2aef15af7c7848fa95
US,1125,Lake Greeson,0.8050776666291146,245.09625,0.028585739740820734,False,,44,1975-10-01,2019-09-30,7c9180c1df6c072bdf3f0104ca7452ed69c64840cffc6f8988eb3e750bb8ac49
US,1127,Dequeen Lake,0.9785660028664467,154.51575,0.02920621483264056,False,,43,1975-10-01,2019-09-30,f46b65fa89c1374230b757b336599795b0463fec14dd5125e5558ba3bb70c609
US,1128,Hugo Lake,0.9603594694224843,1629.3183333333334,0.08957311275133621,False,,21,1994-11-01,2015-09-30,602c0d0b49a81036b676053af375061f656e8c212046d2a9c747f0b9feddbcff
US,1134,Pat Mayse Lake,0.6954480275665019,64.93041666666666,0.009934457233929519,False,,36,1979-10-01,2015-09-30,d61f469a54cfeb625c7db403f48bb29e5ddceffcab1867cc7eba8fb11486301a
US,114,Emigrant Lake,0.4918827048496836,32.11066666666667,0.05767903534303535,False,,26,1993-10-01,2020-09-30,66cfbc7da464fee493fd3985325ccf257a857050d4324813ffc815a67a0d12fc
US,1144,Millwood Lake,0.9809559319127749,1680.4437916666666,0.063457318006993,False,,26,1989-10-01,2015-09-30,b1920a56bd3ab45a6805ee60a10a8fa7b0a138cba42a5ea0d0806257310a13ae
US,1151,Ray Roberts Lake,0.5291150623975944,211.85570833333333,0.007681214099874108,False,,32,1987-10-01,2019-09-30,4d22b605d2016f8153b966f40ffc3b8536e9670826e959b82a257c429387c260
US,1170,Lavon Lake,0.4764522171632909,1125.0875,0.0855474434568336,False,,33,1982-10-01,2015-09-30,159a3fbc8ef0cab515cd62fb4a706029277b7a57b7129e027dc877240715ae5d
US,1192,Caddo Lake,0.9097921924611972,831.9636666666667,0.07718421647159884,False,,42,1975-10-01,2018-09-30,e6c698c5264db0f63bac1d2889fb146a847fecfa13867b2c433ee633cff8b1a1
US,1197,,0.5950045783512037,109.891625,0.011980613753943218,False,,29,1986-10-01,2015-09-30,747664d8125f8ddb1749829326799b1268e30d98e74045f0745a5055bc6e03eb
US,1207,Ross R. Barnett Reservoir,1.2282538644931502,3708.2283333333335,0.4809952379522594,False,,31,1975-10-01,2020-09-29,b44572cae8893976808508b1a2f891d47b3a3f794ab51e80b70c4fac16708eea
US,1237,,0.7687783140903146,122.34533333333331,0.026459666583229034,False,,44,1975-10-01,2019-09-30,64ffa893cb7742bd7113ea6698c29c85b03631e5bd45793c10d162b0b8889220
US,1249,Hords Creek Lake,0.31265659649127164,13.246041666666668,0.018823322368421058,False,,44,1975-10-01,2019-09-30,2b8ac79576343313eaeffdcdd24778f21c88865595db570abe87c9c83a095d0b
US,131,Clair Engle Lake,0.9611570724639484,377.6034583333333,0.009580073058288063,False,,45,1975-10-01,2020-09-30,f80453619d82a98f3405c347b2ea06a4e882dfb425e8986135d5c1895b12e2d8
US,132,Shasta Lake,0.9775670139735132,2046.276,0.030745916978244615,False,,29,1988-10-01,2018-09-30,775c2b1772344859fb441da98da3ed6ff2aa430ba3d1dc05e7d6ba0b120eb09d
US,133,Whiskeytown,0.987995545678695,302.0743333333333,0.07662719436288902,False,,23,1995-10-01,2018-09-30,7415e2f18da810ea016a35474e6bba6c3ce31afd89be44ce1cc47c37dae68516
US,144,Black Butte Lake,734.918508894199,62113865.997166656,30268.685968162434,True,meanratio_outside_0.1_10;daily_outflow_above_1e6;daily_outflow_volume_above_100_capacities,24,1994-10-04,2020-09-13,7c7b9d97d037a540e3e80619f4886fc5ae04fcafc0853b51420b82a2a730c7f1
US,148,Lake Oroville,1.0047656898648947,3625.664,0.07174106712469942,False,,26,1994-10-01,2020-09-30,d3962cb082b51e8ff24c7719d2a564cee5c430ede308595a52026326c03aa5f2
US,1585,Beltzville Lake,0.9414228394750851,46.6465,0.03153566197183098,False,,21,1987-10-01,2016-09-30,d9bf5d8f39cb12683a3d1c59458f727e635ba1a0e15b1899aef3ddedf98033cb
US,1586,J. Edward Roush Lake,0.9984306419334097,276.655,0.12660483050847457,False,,36,1983-10-01,2019-09-30,8be93b02919779cd09a4b4f6e010814aa5262804b77d1a5f63f1f5ba301ccca3
US,1587,Salamonie Lake,0.9992327419973862,252.80883333333333,0.06718758289756997,False,,36,1983-10-01,2019-09-30,de80b4ed5d53eddec547cd37c2018d11e61f9ad73b176868f592957609870443
US,1592,Mississinewa Lake,0.9989439191052534,182.3721666666667,0.03467639788732395,False,,36,1983-10-01,2019-09-30,24f9185ef1b64e610d2ce43552ae76e0b995b8fbcc394e02e8e920e70f95e91e
US,1595,,0.9907349862948696,347.26166666666666,1.8520622222222223,False,,42,1975-10-01,2017-09-30,b15262617e4600c94d070f170bef7c5235a6c82a3665dc223b7883eb167507ee
US,1600,Pleasant Hill Lake,0.9911236852528227,56.41133333333333,0.04504564879852126,False,,42,1975-10-01,2017-09-30,ae4a632ba7fa99ee1835381905aa51709930b563b0b381976a52f764218ee0d5
US,1606,Atwood Lake,0.9140005382666917,25.65683333333333,0.03616232300163132,False,,41,1975-10-01,2017-09-30,cdba3b3dd51feb7969ab8d50aa75186a1a51374df3bf8df1823ec3f7c89453b9
US,1615,Blue Marsh Lake,0.9971124522539796,134.21566666666666,0.07238597752808988,False,,20,1987-10-01,2016-09-30,f2ea2273400cf0a924a969e1a17e6838abd1e620c6b6f820961c2c3faedcdce1
US,1617,Tappan Lake,0.8778026669805198,21.705916666666667,0.0246762,False,,42,1975-10-01,2017-09-30,8fbbbf5166811552e1b111ef30feb91ee40e6ea2bcdf5da6333fb96b2837765f
US,1619,Clendening Lake,0.8465180128888274,29.048333333333332,0.03768432432432433,False,,42,1975-10-01,2017-09-30,d6de81fbffb3f66a668f3558568ead90ef263b292d227cdf2c761d261ad65fff
US,1620,Piedmont Lake,0.8177579145892788,20.417916666666667,0.02143509113001215,False,,42,1975-10-01,2017-09-30,9c71246ac7049c1f0af0b80d076753fafed403aa606d56568ba6f643b9cfb157
US,163,Martis Creek Lake,0.002319754892877092,0.072,0.00024685714285714285,True,meanratio_outside_0.1_10,21,1990-10-01,2015-09-30,4d49d48a906a0858419a2a5b2093e9e9f87afe968ce74282e9a9f8cf8732be1b
US,1631,Dillon Lake,0.9974067259107463,200.11158333333333,0.05115278343195267,False,,42,1975-10-01,2017-09-30,1fd9fc5119effbe0b54a45109284f4cce5d1daf533fd82d112c27b9e98f581d2
US,1634,Clarence J. Brown Reservoir,0.9970417653614538,283.42241666666666,0.31154830534351147,False,,36,1983-10-01,2019-09-30,b9676730899d9617cb2ec04568fda77e0a041284141493560e220749fb2351c3
US,1636,Senecaville Lake,0.8441025186403842,26.84616666666667,0.02124092307692308,False,,42,1975-10-01,2017-09-30,e7a538cb964cb45d67ccbefb9579edaa3a4a2a97e77975953331a4e22b648c3b
US,1645,Cecil M. Harden Lake,0.9834172341824409,50.97758333333333,0.02688927472527472,False,,36,1983-10-01,2019-09-30,ec2c892d8285ad91bf22f9fc1729ea8b36250ddde51ab4b7e97b966165e0279e
US,1650,Burr Oak Lake,0.9096222250143445,23.400625,0.06089801204819277,False,,42,1975-10-01,2017-09-30,ff915b379eef59795d8ee4daaf5a6ef4f4ff76e692deb0373d492983357a3883
US,1654,Cagles Mill Lake,0.996094795368972,61.54775,0.018897390191897654,False,,36,1983-10-01,2019-09-30,a946db6b9c3e645df54932516a38ce476885f292f979a2e83cd52742b743ee2e
US,1655,Caesar Creek Lake,0.9800983732157944,87.13216666666668,0.02520327820555742,False,,36,1983-10-01,2019-09-30,db8570ab8d598eaf4732e3513295b11faf61c42e36c5e04d64e6e991b076a399
US,1656,Brookville Lake,0.9930955018502508,174.44916666666666,0.03397747520288548,False,,36,1983-10-01,2019-09-30,749ed25f847cf62acefb24950314ce6af2792f63d6af4d67cd082a817f129af5
US,168,Harry L. Englebright Lake,0.9758021093978637,3520.722,3.5248016315179607,False,,25,1994-10-31,2020-09-30,476381ca33868b2293d9ce76203e4ae61f8944b4fea50b8c4af97ff6b996d9f3
US,1683,William H. Harsha Lake,0.9675837294969558,136.35399999999998,0.032400950495049506,False,,36,1983-10-01,2019-09-30,8d1233c73ed343ab3331a8f0843c635f23dba5ba35a6158475ec7a664a4521f5
US,169,Lake Mendocino,0.6587480645675329,267.4053333333333,0.12045787695516161,False,,26,1994-11-05,2020-09-30,56d4e2c96a40004cdb64410835624d08e848278128be66fe23da47eb2c4d7932
US,1691,Burnsville Lake,0.9845102565277745,93.60254166666668,0.09947428782287825,False,,38,1979-10-01,2017-09-30,7b51252df9990788cdfa7ab839c654cb6855a4b3302035d43226183fc8aa13ee
US,1699,Sutton Lake,0.994395492046749,268.21666666666664,0.07082493887530561,False,,42,1975-10-01,2017-09-30,dfcb700a93d4b8a4f225a11a01738b2a70ab6275876f3a0393b99a9720957bd9
US,1703,Patoka Lake,0.882539521060028,105.58866666666664,0.02451722870196183,False,,36,1983-10-01,2019-09-30,a5ca0a1c1a2be030993981a372f0341b311609c19a5f4b65acf0c41c92891d15
US,1706,Beech Fork Lake,0.9904981287977325,75.35004166666667,0.1406100129589633,False,,42,1975-10-01,2017-09-30,5103bdbfb904336da7b4302d2c44d9e12aa006ad678529e05710c163f318e274
US,1707,Grayson Lake,0.9590089690476044,103.1595,0.060715128065395085,False,,42,1975-10-01,2017-09-30,f357dcdd54a893d73f8d0f38e786fb2ce2e8bf42d43b612279b79dacc744c9ca
US,1709,Summersville Lake,0.9898116051404606,507.13966666666664,0.08593227534810746,False,,42,1975-10-01,2017-09-30,93c2d938abeea9fb73560db4a675a6397d6da61bad60313bde0002ea7100db92
US,1712,East Lynn Lake,0.9701573623469573,64.4995,0.054742208251473475,False,,42,1975-10-01,2017-09-30,12cfd296bdfe7e94011240f0279934f9179603797409ee8c6d61584648aa4d3b
US,1713,Yatesville Lake,0.8562096223777702,85.52873913043479,0.07195407069980103,False,,26,1991-10-01,2017-09-30,77b2d08dce7472fc692d2cecb1c8a4709cfc5ca15f987b72254384af7d28ed7b
US,1714,Cave Run Lake,0.99448581058529,149.59395833333332,0.017062598019801978,False,,36,1983-10-01,2019-09-30,a8489df0c5afd5d5c463eedab1fa2522b008bcd30e5dbf31ca954405a872c23d
US,1716,Rend Lake,0.7996655976524611,372.05920833333334,0.04287265350760203,False,,25,1985-10-01,2014-09-30,5a8ad05e1328aaa423140fcc4c5987f4c5662ec638a12e0c5008d1179bbe4bcb
US,1718,Taylorsville Lake,0.9842572817728288,125.93833333333332,0.03024200111172873,False,,36,1983-10-01,2019-09-30,026e115f20cf42ac903ecd497f2b9376bb51d3a9a244b7fb78b9036b9fd32088
US,1723,Paintsville Lake,0.9577510879655718,44.79120833333334,0.04266770011025359,False,,32,1985-10-01,2017-09-30,a9013d701dfc65b33bf887b230e97a775693179c0ccbbc7d894ab75ad3ad97b4
US,1726,Dewey Lake,0.9860966652879707,86.40599999999999,0.06486080278019113,False,,42,1975-10-01,2017-09-30,65f75bda7644feccca6ff891316805f21628476a4f73490e3353fb6c107d4028
US,173,,1.064637990130031,132.296,0.02581385365853658,False,,10,2005-10-04,2016-09-27,e9aab82020f379afb2411d09c024e48da86f585eb6f9e49a8e179a0e8a986933
US,1733,R.D. Bailey Lake,0.9803159024067422,187.24366666666663,0.06437665260644647,False,,36,1980-10-01,2017-09-30,65b129289e97e264cb09c31e7d0a9d5b192ed5b598b71b5bb08b23ca70069427
US,1735,Fishtrap Lake,0.962923605341132,227.07845833333337,0.09679121262950174,False,,40,1975-10-01,2017-09-30,fca41b52da567091c56b15d7f2709c358740f1cdba9e6a8ef3190d0e4304b4c9
US,1739,Buckhorn Lake,0.9959556433458755,111.49183333333336,0.04651325156929021,False,,36,1983-10-01,2019-09-30,bf2442d4068aa181583c506ac31745955b44a885a99b89d36c3ba0de509cc1d2
US,1740,Nolin Lake,0.9970506065646246,283.51149999999996,0.03258666170014633,False,,36,1983-10-01,2019-09-30,e565d4d8735c013c2da697362df069fc15464b074ce64b5056d39ffbcc35e232
US,1741,Green River Lake,0.9910780862086708,221.70329166666667,0.021471992377536154,False,,36,1983-10-01,2019-09-30,9b1fe56f9afdf50661d15cac2a1465a946cb4ee2e79130746b2ad30e075b8665
US,1742,John W. Flannagan Lake,0.9847863298510957,124.20429166666666,0.05971758931552587,False,,42,1975-10-01,2017-09-30,9c3de3530ff41ec2683e3c10965b0edbad4be096fda1bd63932b2bdfc3485d4f
US,1744,Carr Creek Lake,0.9630304343082258,32.29383333333333,0.047452163265306116,False,,36,1983-10-01,2019-09-30,305cd5c71b54e15c74ba7502a28ea8f2ca9520f2f55c2a662f7a25eb74620d95
US,1752,Lake Barkley,0.9989711798264554,7420.608541666667,0.24965561232039254,False,,44,1975-10-01,2019-09-30,684d683e901242b1ef09bebd5fc3ba95de185096d82d541525f4a4daefb1d630
US,1753,Kentucky Lake,1.1167133481423563,11807.2205,0.13493966285714284,False,,44,1975-10-01,2019-09-30,fd4c585c52620b5da0d0bdade2175e2813dfbf270db3067d3081d4e51b7d70b9
US,1754,Laurel Lake,0.9464077166579602,374.768,0.06026420100502512,False,,44,1975-10-01,2019-09-30,0ef0e0c7fb0f8d5e9e6835e6f1a7534c0bee01c9d41f58db69e54f6b40a04fcd
US,1755,Barren River Lake,0.9972504940229985,147.81479166666668,0.012701340626553955,False,,36,1983-10-01,2019-09-30,7d67e2cfd1dfd19da84e6b622fa74038f5538fd33438c485c20085088dc83852
US,1756,Lake Cumberland,0.9856269446518691,1681.735,0.019345986925319875,False,,44,1975-10-01,2019-09-30,bedd19a0e9bb5f0c9b4c0b0dc393a14ae167ac2efb8447996a8a3f59325cf625
US,1761,John H. Kerr Reservoir,0.9979109966139118,1016.3881666666666,0.021166587350559197,False,,44,1975-10-01,2019-09-30,3fc04b5421aa6d52fef09386c8a71856eb26eb5dc2617362d6ca6f1d4ce1d544
US,1762,Dale Hollow Lake,0.9257110115039947,282.43870833333335,0.011596590029938696,False,,44,1975-10-01,2019-09-30,d77309343e9eb21bb9407a2acd90f480d3c74c9bf715840b4b081158ba5f1805
US,1768,Old Hickory Lake,0.9995717536718233,4714.010708333333,0.605906761678072,False,,44,1975-10-01,2019-09-30,c4a4e43705703ccbe660cb975893c678cce50f302e7949716fbf348160e824bb
US,1775,J. Percy Priest Lake,0.9665017266491421,443.276,0.04762378313852275,False,,44,1975-10-01,2019-09-11,01de23ffef5f1cb4f4fde87b01a27bad3f17809b87b2cafbc45eef3eb7e0023b
US,1776,W. Kerr Scott Reservoir,1.000309082540172,181.9868,0.04166311478537361,False,,44,1975-10-01,2019-09-30,59f272336af82c1930e944203ec766f067ae6c9c013e0d06a074e9ca3d125dc8
US,1777,Center Hill Lake,0.9920330795618744,818.0082500000001,0.027389518214230357,False,,44,1975-10-01,2019-09-30,c7b1937f7f6dd84efe5d862f34a8cef2d33c99e433c75d7a0857dbdb58b2babb
US,1782,Falls Lake,0.7878049753980669,208.5625,0.014308242020009528,False,,35,1984-10-01,2019-09-30,73eeb2f3833aa42097faf2f5f4e2784fb00c14a059f288804452a6544599388a
US,1796,B. Everett Jordan Lake,0.9697686934620127,470.38416666666666,0.02001043426883309,False,,44,1975-10-01,2019-09-30,737aceddbcd625acc58024b42a64d69d8b1313a0ccd490c1e32d82f62a5309a8
US,180,Lake Sonoma,0.7724890165631376,266.86120833333337,0.041633817984832074,False,,20,1999-10-01,2020-09-30,93fa6919420f2aa83e26d65b4b303685c58a96645d8f5aa052837dd1b184e803
US,182,Folsom Lake,0.9892287080337115,3011.2556666666665,0.2161080568153501,False,,29,1988-10-01,2018-09-30,bf9e5db45d3f4a93384926a67c5e3929922ffd9495bec8c720007bc219bc465a
US,1848,Sardis Lake,0.904797741790105,288.595625,0.00670250577925918,False,,44,1975-10-01,2019-09-30,810b4ab716b5854b5b587b0c41bd51daf4a61109991e36699a5c17473eff4cb1
US,185,Lake Berryessa,0.7126866745201085,197.50033333333337,0.00869017559584437,False,,19,1998-10-01,2018-09-30,7dfb7a5f5d67e7bb058ded96072d727d487a774fc0ac6f57f1ec73df687ea79a
US,1851,Hartwell Lake,0.9834090324174555,1230.804,0.025071073557148247,False,,44,1975-10-01,2019-09-30,94373561f51ed8fb4fda2898fd10f5f52ce2dc915175f39442e86637c0a17123
US,1864,Enid Lake,0.8222602078337101,147.247,0.008499559593800107,False,,44,1975-10-01,2019-09-30,975344b9b083259c9e570cafff3cc02c16de299088501cc9cfab528766179de5
US,1869,Grenada Lake,0.8522277215803628,325.643,0.008379413050600113,False,,44,1975-10-01,2019-09-30,f14bb143591ac37de8826de309cc26ce2340e3200025b741932144faf82e1c81
US,1872,J. Strom Thurmond Lake,0.9018654973502138,1289.691125,0.02364848855026635,False,,29,1990-10-01,2019-09-30,7d88466eb7cd349efd5a2cf3ff7b1617025b8b8697cf01e7952fd453b9095613
US,1879,Lake Marion,1.1405402343087718,885.2539166666666,0.050412561560769835,False,,40,1978-10-01,2020-09-30,ea53429550f488f60b4a7209bdc28c016bd35352717dadd96137ed5072812861
US,1883,Laurens Shoals,0.7876693359295555,259.52325,0.03080902555647156,False,,38,1975-10-01,2019-09-30,bf69e76d478c2ad44974d16444f1a3e18a62e6db433c4fc4626a61c5277230f0
US,1890,Lake Moultrie,0.22960974832980918,2577.7716666666665,0.1626639439088519,False,,13,2007-10-01,2020-09-30,a1e4ab76264c0636ac03b1029c558c784602be87967eb0f7d7643ad360e4ae80
US,190,,0.9994290059782485,438.36524999999995,0.15509728746928744,False,,18,1997-10-01,2016-09-30,30f4d270431df886594789861a1c6d51cdb6deb1def353c29aad230d2ba1f774
US,191,,0.9729502276782007,141.54754166666666,0.02377008279883382,False,,22,1998-10-01,2020-09-30,38411aab4e45b72b5ea0718f7fb2478ef2080240377a43df9b6ecbd26b620fbf
US,1910,Eufaula,0.9958347586413911,4634.798333333333,0.34742892243623114,False,,40,1975-10-01,2015-09-30,c2bdb1f0018c4250108ab985ed148b814f00c0cdaa07981bde6f577b2e32b546
US,1916,Lake Seminole,482.433635910427,6357.121999999999,1.096318045508982,True,meanratio_outside_0.1_10,17,1997-10-01,2018-09-02,5b480a9931b3d325a3d9cf679e32ac6b0226c739e75a126ce034c539c7bca0ce
US,193,New Hogan Lake,0.9007093622424919,262.8020833333333,0.052804883720930236,False,,22,1997-10-01,2020-09-30,1ad9489696ec76cc4d2cf7812d5c02768341206369a26e0727cfae9e3f6e86f1
US,198,New Melones,0.9162271838671211,216.58566666666667,0.0052860093217705715,False,,26,1994-11-01,2020-09-30,c2756bd7ab3a80cceedfad350eb300c61cee4ce3271269b98b233dd673258970
US,203,,0.9511853469662442,123.48966666666666,0.16645097035881437,False,,16,1994-10-31,2014-09-30,ebc1fd07e9adfbcfc4b8dcd1b74c8c9d4cb74f3bde88c53661ce5cb465e92715
US,204,,0.5161146072270862,193.30933333333337,0.19789012322274888,False,,38,1980-10-01,2018-09-30,80ce4b0227cc5123caead6e566b6d585555866f22bcc1ad802273205b9b36cb9
US,210,Don Pedro Reservoir,0.5362529086799718,1127.9526666666666,0.03891977252396166,False,,22,1994-11-01,2020-09-30,344bc2724b0eeb6262abe9696aa9af9b72f9b0489d8c9d7f88735899f099765e
US,214,Lake McClure,0.9998254423776246,220.911375,0.014067469634433963,False,,17,2003-10-01,2020-09-30,0df2bd831aa760c39e80faa51f05ca34c4eaae21caa4dc1980199c68bda594c0
US,2158,,0.9132757794134735,167.65929166666666,0.07478452658750645,False,,12,2001-10-01,2015-09-30,65a9e8fd94ab51034c7b3f3e23534a97a6696bb09867c38b249bac5567592b13
US,2188,Littleville Lake,1.0315733150179118,34.286833333333334,0.05912938922155688,False,,17,1998-10-01,2015-09-30,aeb4f736b95cbacec572b72b535862ee2e5b9a9c9cf0876a7d7d5104c3583e07
US,223,,1.0005911040943045,28.137666666666668,0.08325665753424658,False,,20,1996-10-01,2019-09-30,363cef7b3bab2cce2909eff188ec1ae281783a8dbcf8d5b08a71a523d83d076f
US,292,Lake Sherburne,0.9878132906112799,48.059999999999995,0.04943314285714285,False,,44,1975-10-01,2019-09-30,6b807170364fef61e237b78b69219e8cf7503a80fcf44639b0f81b932067f86c
US,293,Fresno,0.9859139312446588,98.2255,0.05330831155778894,False,,39,1975-10-01,2018-09-30,f599924d6ef790e3cb33f03ea0d50757ecbc177477378ef3a09ffaf6b4ad4b42
US,297,Lake Koocanusa,0.9923813935627956,1359.206,0.0157966423286971,False,,42,1975-10-01,2020-09-30,39c74a2c49365a6e59c7e58f2ae76b0ed89308e5757b73a2eb5ee4ebdede15c7
US,300,Lake Elwell,0.9755278464884405,149.95100000000002,0.00737338022878607,False,,43,1975-10-01,2019-09-30,a47d036d4a21be5b8a54fb10afe30b42c9c41847532c8baf368e01bd5e18032e
US,307,Fort Peck Lake,0.9100970228035437,1865.37225,0.006840753921901527,False,,44,1975-10-01,2019-09-30,92b1878526bbd99e7146af090f5003803052ac82120f9fcdae65050aca922a1c
US,310,Franklin D. Roosevelt,0.9655801471242437,8327.463583333334,0.11249810081931329,False,,42,1975-10-01,2017-09-30,74d4ff2034d8cc8144810a8573fe4430e68c0f6e41b3b6a2fefcb5b8e20f61db
US,316,Flathead Lake,1.0514863937527965,1567.33475,0.061297176534492126,False,,20,1999-10-01,2019-09-30,ec72b064d4346d630a9eaba6b815a16bdd6b1e760bf8bdb7d0524fefe1323ad0
US,317,Pishkun,0.9848838618415272,51.82,0.07773,False,,16,1992-10-01,2018-09-30,8c82102dc1b4da2a2de62557982cca7afd43b1588b932782a210244ee8a0cdcf
US,319,Gibson,0.9981576339042144,374.03925,0.214730838538206,False,,44,1975-10-01,2019-09-30,a05af0fbb9b5e3202a94e902c1eeb8c8425e594745c769584c86d2c39b37a28a
US,320,Willow Creek,0.7482212031786257,13.197,0.023222419551934822,False,,23,1985-10-01,2019-09-30,5dc8adb2c10e9b420ea5039b99870df1c7a141323cfa558cc389e5a04622ce0d
US,355,Bighorn Lake,0.9995348245207425,435.8935,0.021391115755992274,False,,44,1975-10-01,2019-09-30,e930d7174e22252a7a283d192f43626ed9049b6dc7ae6ed75d6fb1a737470258
US,361,Thief Valley,0.9906655571026521,63.53583333333333,0.2529721658986175,False,,33,1983-10-02,2020-09-30,20ac18812f43da9f50313db1832137450cec129cbc82bfca08f01be36769b355
US,362,Clark Canyon,1.0056909249655337,73.0855,0.015735328183403934,False,,44,1975-10-01,2019-09-30,50b83de9b8588d60f55dd917550e6894343531d2a8799d94598fca64383e0bcf
US,364,Hebgen Lake,0.9887655086735513,100.63625,0.013411957427117075,False,,31,1987-10-01,2018-09-30,e8404d4fe8165038a711336faf667d9a8c54ca0e865289d4fa8af281a1dcc011
US,367,Phillips Lake,0.9836050180608801,16.141,0.011838560271646857,False,,45,1975-10-01,2020-09-30,55237c3c9fe57ce67c0cdf49859c96675d3f1d7aff7b83938653e8eb6d21db5e
US,368,,0.9370162451179845,24.317,0.012803100548446068,False,,27,1988-10-01,2017-09-30,3a17c509ebf2ce782b237f97689b23bc52e6a3123a4f8f9a1dd44a849748cbb2
US,372,Unity,0.9894786642595845,38.03875,0.10433485714285715,False,,45,1975-10-01,2020-09-30,9cc069add0ef430a97d28284e655efbe44a587b030f9cb3d4cdfc31eb0615d94
US,373,Buffalo Bill,0.9949019722487779,416.5545,0.045128913855799375,False,,44,1975-10-01,2019-09-30,0eafce545e2f85aa495d982394faa358389364b6f8e6e953b59a17086b23b4a9
US,374,Island Park,0.5014777378264891,12083.382708333334,6.6497087006369435,False,,29,1985-10-01,2020-09-30,2c89123774d6a32b01cfc753b535eb7c0ffac5c6c923f2f09c0fd4e22f847f88
US,378,Grassy Lake,0.738577787227606,4.955,0.02289368983957219,False,,36,1982-10-01,2020-09-30,dce24012548981e4835ba1c1049cbb81abd65a4aa3ae1146ea68f47ba35dd8ed
US,384,Jackson Lake,0.9947154277802488,329.891,0.0264697087667162,False,,45,1975-10-01,2020-09-30,310404e375add714880414e270e05ac5a995fd045746d81c27d964017c141568
US,385,Anchor,0.9199638066741939,10.5265,0.04290045283018868,False,,41,1975-10-01,2016-09-30,5a1a68074a5d809ae63eab0c97d7507a6b6dc66d20ded6e6f62cf3f88d0c1366
US,386,Lake Owyhee,0.3991507473265742,546.8683333333333,0.05357684998299127,False,,45,1975-10-01,2020-09-30,8848fe433b8974cdda147fb83cc5bf12bbaf2c2cda4ec4bf876a596cb4a6e4ef
US,390,Ririe,0.9566636029755085,55.99625,0.03901674193548387,False,,44,1976-10-01,2020-09-30,e96c40bd2a11f4f4b7972f43391d74a38c07d5e4ee22784213853af3cd97e504
US,391,Lucky Peak Lake,1.000053492501236,348.297,0.07946358806443095,False,,36,1984-10-02,2020-09-30,94184d3580e4e79c32eb867e27367aad847241e9ae429f272a2f7e0ff075b652
US,393,Boysen,1.0003956506034746,301.9145,0.022204130745658832,False,,44,1975-10-01,2019-09-30,06c0084c85ae5ba51b80eea2b237a3cc97cdfff6dc7dcd2f60614718b56bb74f
US,398,Bull Lake,0.9875890659307577,83.593,0.03570160751359367,False,,44,1975-10-01,2019-09-30,4ef4bd90942fed520cea1ec6db195349c1ac2e03e59b92a01766917d8c50fe47
US,399,Pilot Butte,0.9735380950348581,43.042,0.08173250109890111,False,,43,1975-10-01,2018-09-30,c0d97365e4e778d7bd8f311bd427e42d529d0c7eb8238c39babc99443fb5c754
US,41,,0.9910038296260717,435.1633333333333,0.020982260170768458,False,,30,1990-10-01,2020-08-31,42f904bf73ca784816d3e3c94d47ce1cce12ef58e1aff88f55a4d2cea21c5579
US,413,Lake Walcott,1.004157336115268,1258.16775,0.4002418762886598,False,,36,1984-10-01,2020-09-30,6ba174504c19381dfdbaebf028063a37614433d956219cc89e94e9b4a2da3f0a
US,415,Alcova,0.9259830635110068,250.71675,0.5745869283819628,False,,43,1975-10-01,2018-09-30,e25ecbca5fb8f9a0d4e2501ed2ffe2e01616c57966910c423866aa047c16bc66
US,416,Pathfinder,0.9533564048605686,269.031,0.017611970298530084,False,,43,1975-10-01,2018-09-30,1d6eba981a46ecd7f2151fc395332490ff2e989130356ac4444fae1f3044e172
US,419,,0.9632978939123068,32.903999999999996,0.04236819076005961,False,,31,1989-10-01,2020-09-30,cfd3cf4faac2500310b8935fa475b1897b9f363edf85a20b1576c5893fc6ea54
US,42,,0.9361778812611782,334.98766666666666,0.26074715675675675,False,,30,1990-10-01,2020-08-31,81509866e8380861689eebc28d2e3d5a997a308b886022e095b3444bfe72599d
US,420,Eden,0.42405968420945545,5.615,0.029946666666666667,False,,11,1991-10-15,2020-09-30,02045a8773a6e235725e6dcfc849da6854f0ad301d903f7326c2526810a89a48
US,421,Seminoe,0.9589170381685596,457.345,0.03149076187440229,False,,43,1975-10-01,2018-09-30,98a20a01104102ddf696c45847f678387fb0dffaf9f78c1370e956f8275f9159
US,423,Fontenelle,0.9888603417918601,389.35625,0.07896802816901409,False,,45,1975-10-01,2020-09-30,e2fae763ee1c97720bfe74e1b6a274db3f7d12e0a99b5a853f3ceb4294d070e7
US,431,Hyrum,0.9661213637555776,33.92,0.12742121739130435,False,,26,1992-10-01,2020-09-30,7e27b327d99de5bee6d3133b713eb1b2f0068817617e322ced91ab79b3541d8c
US,437,Willard,0.5814243403080298,33.8885,0.01197042681929681,False,,13,1992-10-01,2019-09-30,60c72fe05571ad90196078dde7a6cbdb9d8d03c617ce7102c977e8f1f24ca74a
US,438,Pineview,0.9760688675842428,50.88525,0.03072316981132075,False,,32,1982-10-01,2020-09-30,71c0d88512fd01c99d74480239ad62f2776cd217fd967ec8aa32a9806c8913ab
US,442,Lost Creek,0.9555713659003996,10.698333333333334,0.0332494964028777,False,,31,1989-10-01,2020-09-30,817352b1573eee60d9bcf48c2dae34c4699261bfbbb158c31159daeba459e880
US,445,,0.9901657190029217,72.20775,0.15596874000000002,False,,42,1976-10-01,2020-09-30,663f3b341e78f6e12d37d29a9b8719f63ec9941006a7bce79b0abe9ae79b39d9
US,448,,0.9999907072502663,32.366,0.14195037563451776,False,,35,1982-10-01,2020-09-30,d8b8f234c614cc6799fac763ab92cbefe77714203a9bc11ed4be5eaee69ea610
US,449,Echo,0.9785110450635197,83.7295,0.07932268421052631,False,,45,1975-10-01,2020-09-30,90436d532c11092836388d31d1afe9ced4d4fb416e465608e5f6fac8e78e2694
US,450,East Canyon,0.9242672893011217,9.8685,0.013491113924050632,False,,30,1989-10-03,2020-09-30,2159dd09ceec5a931d68c0ff23db7d6d658a21fb030c275a347a5ea4d61d7856
US,451,Flaming Gorge,0.9547684161377439,347.589,0.00642595262651118,False,,45,1975-10-01,2020-09-30,bfe8bb9994f6288fbf7962b8713528a5e56d0a02ff25e453e06a375b63973dac
US,456,Rock Port Lake,1.0004386131462715,57.8515,0.053515734475374735,False,,44,1975-10-01,2020-09-30,558b30b4a834b7cf54792f5f0b0716c46144010d7fafa1b2c44962b604746838
US,458,Smith and Morehouse Reservoir,1.0033030132352392,17.556,0.11667987692307694,False,,17,2003-10-01,2020-09-30,6aae43ca207ba8db23da1d4b6fe276b761f5a42ad7fa9d7c014b852bc0fa8ffd
US,467,,0.9363843183630871,64.05000000000001,0.01234698795180723,False,,27,1993-10-01,2020-09-30,7873afbf0fe67e2c621f1b525314ef7a939d777eaaf62be4dbb4afd7a2e628d3
US,469,Red Fleet,0.9584910588058958,8.494,0.022862355140186915,False,,32,1988-10-01,2020-09-30,47cea297879bc38bf8060c1ebdff2338f046da31a4728a452527c62b54ff281c
US,470,,0.48771941855690604,96.96625,0.23016164835164835,False,,30,1990-10-01,2020-09-30,0139b9095db0a12fe9c5970b2f37ef38196f7c7f48ed4befc6b2269a41b7b358
US,471,Moon Lake,0.9629975647863992,43.1335,0.06109400655737705,False,,30,1990-10-01,2020-09-30,bf59a08c0dedbcc7ba610d684d4ba5005bfc918f4d88752d584b77772fd3a15e
US,473,Steinaker,0.9165037967305598,7.28975,0.013372280254777071,False,,45,1975-10-02,2020-09-30,f6282e8c6cd298c4ccfe0f2357aba3cef3a12c14acdcd576d31a31d7b068e97e
US,477,Deer Creek,0.9865027943020219,75.949,0.03486712858660999,False,,35,1979-10-01,2020-09-30,4ae7489e0e08f6b5b728edab2270517b0d38bcdd74028794b8516f984a7da528
US,488,,0.9764084462402527,52.368750000000006,0.019621248915871643,False,,44,1976-10-01,2020-09-30,1fb7ab40ad0df5414cced05342e63d5920bc7ef14630b6e57f4586d7860ba344
US,492,Lake Granby,2.3683165301611995,76.67175,0.011534806198850776,False,,40,1978-10-01,2020-09-30,78acf28bf5d31dacf6b207c5a3082a57109e4b4f362305e69e0a183beec3750e
US,493,Strawberry,0.12742170156256657,14.90575,0.0009259161693867281,False,,28,1990-10-02,2020-09-30,c161c0e095f498f641c410c72ecdc6fe20c6a47a59d774438b2a77108c94b406
US,497,,0.9985367632936772,35.5165,0.024490228252194733,False,,44,1975-10-01,2019-09-30,a5233117e3e26c98706c1bcc6be2d249a2787e78f81213d85321c479190d1be1
US,500,,1.0009900137085335,20.05525,0.029569515358361775,False,,18,2001-10-01,2019-09-30,c0a2e805a237fe5aaf47d74b599141ee9560f4feae87a4702af3b21f27ac3e5c
US,502,Green Mountain,0.9893942897388583,112.94825,0.051173197692711066,False,,43,1976-10-01,2020-09-30,1b174f35df603cfaf09aad43f6c9ae35d83c602a27b35efa932a51ed35ea2372
US,505,,1.2410848645534256,43.56975,0.19206257142857142,False,,41,1976-10-01,2019-09-30,977a4075452dffa0ebdb27ad41570812977ae2a0374cd9a767e9de954451c2bf
US,506,Scofield,0.7843516411522906,40.073,0.03813113656387666,False,,43,1975-10-01,2020-09-30,1d3714f4d2a85a482d8dbfa083669fe53367073977bef8af84d063db1be18878
US,507,Rifle Gap,0.9703168368856592,982.2,5.051314285714286,False,,24,1990-10-01,2020-09-30,08a6993baed65ba07fdd4216db37ea8de5b1cac23f2260664d9c6ec91e6ead65
US,508,Marston Lake,1.039032099682611,17.01825,0.05655295384615384,False,,20,1987-10-01,2019-09-30,0a907a2a4c1ad9a0be2790cc420e02f7e5da65464f317dc30c39e299d52889fd
US,509,,0.7014854281552542,53.89375,0.012377511961722489,False,,42,1977-10-01,2019-09-30,ae8789a38d1b35468f1b98592a6b9b248c1009d42b8767ab6df27c41d117b239
US,511,Chatfield Lake,0.9694039943046774,94.07575,0.0185616460379082,False,,44,1975-10-01,2019-09-30,0780fe55faf60412dc320a00d7e15eafe2b791ad5adf599185988da6fd19cb23
US,517,,0.9843077231811764,35.8275,0.02108648501362398,False,,41,1979-10-01,2020-09-30,c461ae36fd0af31091c342c243ab26acad56be2780ea2b3b5eafaacc54b9ac26
US,518,Joes Valley,0.9889213900153693,38.581,0.043290888311688314,False,,31,1988-10-01,2020-09-30,3db4d0e704cffb064ff8f6706a81049320d6c89ca7c5d07f7a804d719dfc131c
US,522,,0.9987090886400837,76.85175,0.06170995539033457,False,,44,1975-10-01,2019-09-30,6f4213823eed06b6a0c622a1c8f6c5ccbfdc554a99fc334d19a4f0935a5aa125
US,524,,0.015337937967201452,0.6860416666666667,0.0037754140127388533,True,meanratio_outside_0.1_10,26,1980-10-01,2018-09-09,7fbfb00e998000d493bb513450c72dda58d3fde2957c728a91eef7c2565e18f7
US,529,,0.9251072188844109,9.883,0.007470614173228346,False,,44,1975-10-01,2019-09-30,caa11804ffc72cd3c3e42e00137eeb3f722af3ee9eb199637fb930bf5da46e17
US,530,,0.7171729778342142,33.98,0.028586874391431347,False,,29,1990-10-01,2019-09-30,613ef51f58a5d202a14b5f392819887b2462630ac7e4a5b3015721215c2bbcdd
US,531,Paonia,0.9904064206116298,958.30675,2.884937393728223,False,,41,1975-10-01,2020-09-30,e4be116a85e56d9ef0dda232da4f16f55799ec23e00bacd80538f737690282e6
US,533,Eleven Mile,0.9946701942111337,34.83,0.019058340721975934,False,,22,1997-10-01,2019-09-30,a065f0bdb4d0d98edf7093595d872ffdbdb0fda0170b33dde8ebb49822288405
US,536,Taylor Park,1.0033282522032667,51.74925,0.03413080305343512,False,,45,1975-10-01,2020-09-30,77be8347ef4ac42d906f3f68ee7c7ff7e6b3ab7cb6b2ee604c45ecbd5079bd34
US,537,Crawford,0.9910489068406084,4.300833333333333,0.020875955056179774,False,,16,1990-10-01,2017-09-30,177abf9352efede6f7fe402a9831b57891f57f60aab8274a8e03f7de8a9a903b
US,541,Blue Mesa,0.9975541236058474,350.097,0.026069448246143236,False,,45,1975-10-01,2020-09-30,3d18260e80a3fb82e11f166303f5420b47c31acc439bb983b529c56fa9348c9b
US,542,Morrow Point,0.9997079089155935,349.95099999999996,0.5814570461538461,False,,45,1975-10-01,2020-09-30,013902fca908785b77d0d126d9702886cf7c28e16860797b081238ffa70b6ccf
US,549,Silver Jack,2.046467516083784,36.4575,0.19936253164556966,False,,35,1982-10-01,2018-09-30,cef7dc055aca1ffd71bd416a18df45ac01c338d8c2c62d54d5f4dd1b3c22bf61
US,55,Keechelus Lake,1.001965087472094,66.61545833333334,0.029530916367367883,False,,45,1975-10-01,2020-09-30,845898aa8c32ce154dffa741a48a36f69bab4281556cd3eff07a2d13b1310755
US,567,McPhee,0.3962501897478927,125.23075,0.03830066123893806,False,,36,1984-10-01,2020-09-30,1f363cac1c28ce0145c0efaeba95773cd2043f1945e267132a815d6193b793f4
US,57,Kachess Lake,1.0035141916917687,58.59579166666667,0.01675273461283918,False,,45,1975-10-01,2020-09-30,a8922bc8107daa649ed7ca247accb605cefae72c64e6b8ee748cb0756dad74f6
US,572,Jackson Gulch,3.431474545326252,14558.858250000005,102.26710185365857,True,daily_outflow_volume_above_100_capacities,43,1975-10-01,2019-09-30,cdb3eb5c60ecc5c5907a82edc36ea92887c13d65bd4a4f2f9f9b1946e3a81480
US,574,Lemon,0.9944971770333474,26.193,0.04571869090909091,False,,45,1975-10-01,2020-09-30,1c9aee5d5f8b705a58c067385eb187190ef9dd20a9ad34959c936411a6a8d47f
US,575,Vallecito,0.9784272608829999,80.17925,0.04123504285714285,False,,45,1975-10-01,2020-09-30,8277c55318bbc2b1671211a22fc2aa4ad2bd87788d99f55470ddee8bed826b9d
US,585,H.V. Eastman Lake,0.9021912871098622,4149.422083333333,1.9378922594594592,False,,22,1997-10-01,2020-09-30,e24ea98f8a6b9d1224e64c75945c93a2cb9c9b2c999127498c0dca8310e76e11
US,592,Hensley Lake,0.8785923010391703,171.44904166666666,0.13345222702702703,False,,22,1997-10-01,2020-09-30,901110779e13f40d4a4e6a285ba1f920680738d1f6a466a01c67bcdd208841ef
US,595,Millerton Lake,0.9918664384228639,648.9263333333333,0.08733214205607477,False,,25,1995-10-01,2020-09-30,46a171b045644ab22af6647109e6676a4a085346ef07321d303f60ca5f049df6
US,597,Lake Powell,0.9690191694078715,2567.626125,0.007148290194107184,False,,45,1975-10-01,2020-09-30,8fb40e4dca5c226f8cc4e17742dacf1e0e694bf31b3ae525483b6d9cceddd652
US,60,Bumping Lake,0.9992761478197161,63.977333333333334,0.12649065446224256,False,,45,1975-10-01,2020-09-30,2a3810d5e2547c9f42eb3787332b5b73b22347d8a17d2574a5c87a1f5a0197fa
US,600,Pine Flat Lake,0.9692171905299032,413.1560416666667,0.026508749443041733,False,,23,1994-10-01,2020-09-30,694f1137384cdaa4a52ae628e4a6375f290dc105025f1fab87eded29dcf714a3
US,601,Navajo,0.8002653544359485,155.2535,0.006364840996441281,False,,45,1975-10-01,2020-09-30,129ec0a79032872195ea52e23bec2a5dd05eb7d1e04854d7598b956d47825959
US,605,Lake Kaweah,0.9737895081972122,128.32354166666667,0.0628523469387755,False,,21,1997-10-01,2020-09-30,42ca186973479dd8fc91a54f46202103e57cb81a941b1d2dc1617ae983e6797e
US,609,Success Lake,0.9650453411610431,64.83633333333333,0.05519073103448275,False,,23,1995-10-02,2020-09-30,bd4f7de65ee279ae6fe40c06cb1e9460c961542dc91dce8e9e42465427fda9a3
US,612,Isabella Lake,0.955007544483952,1046.1867916666663,0.06096758316471062,False,,23,1997-10-01,2020-09-30,70fe00f46a966eebfa1cbdf9bbd68128d34bbc87dd0e584669005d652c6e4b60
US,620,Lake Cachuma,0.9545692307468683,288.59166666666664,0.09770501567398118,False,,15,2005-10-01,2020-09-30,ee15615a80373331cced0d5a1ced0b404ffec81d15aa0dd8c7809ff2c447ca40
US,63,Rimrock,1.0030839286106537,74.46275,0.026345542997542996,False,,45,1975-10-01,2020-09-30,d20b27d88d8eb640290198164835a4980a3716230169a0f56c83665360f768ef
US,657,Elephant Butte Reservoir,0.9926031680171815,89.97625,0.0024303460780942254,False,,17,2002-10-01,2020-09-30,791db4bc8ba0883cd3884d20b6ab0f81c27e1bb7086a0b07588414a4aa1b197d
US,664,Caballo,0.9509850780591778,76.03775,0.014046742783835794,False,,12,2006-10-01,2020-09-30,418c4a33c7aa25fd160befa3b5f9c82d4fc04a0a91a2c542973cefcf7758c150
US,7308,Richard B. Russell Lake,0.98388673200017,981.7576666666666,0.046210428415776855,False,,34,1985-10-01,2019-09-30,9846e4fa7c6b54ca8b2f9f5448c0b4cf51605d40f66493e8383772c224aec3ac
US,7311,Elk City Lake,0.9532253411358459,688.6331250000001,0.0567186863679695,False,,36,1979-10-01,2015-09-30,7bdc1bc08d8f91bc4c030193bc32ca7b3dbbab3808c74321f2e4d8d8f2b582b2
US,7313,Canyon Ferry Lake,1.00147374332659,719.88125,0.024585058697972253,False,,43,1975-10-01,2018-09-30,253da21e3804822e4b34723f4fbeb496198de2e42589c7cddc8cf8a0e100d23c
US,7318,Cordell Hull Lake,1.0000340382077597,2834.979625,0.6387020589308996,False,,44,1975-10-01,2019-09-30,051eed039dd5fc08f3ecadc33e7b2bd9b151bf2b624338818e37540fb1e4a981
US,753,Lake Sakakawea,0.94576205539366,4263.927,0.011487294953305997,False,,44,1975-10-01,2019-09-30,9f115acf9fad766fc40e7a765d18e1987361e45d9d57b132121082aa1bd15871
US,758,Winnibigoshish,0.6590308247868848,34.348,0.004374509433962264,False,,25,1975-10-01,2000-09-30,82e87b6512409cfb60367c2a98d60b89192607c6d02731c38ef8451c0b62185c
US,768,Pokegama Reservoir,0.8931139647583751,37.69,0.022002810810810812,False,,40,1975-10-01,2015-09-30,929f07e48ce77836da02e527304605ab414907ec233dcc9045354a9a767680a4
US,777,Pipestem Lake,0.8252160705236805,39.833,0.015357301204819276,False,,25,1979-10-01,2018-09-30,4ffb2e6cafaaee5f5bbfacf85c546c2927c80dd328341874876fa4ccaa2d76da
US,780,Jamestown,0.8218564418913664,51.16204166666667,0.016215702127659576,False,,43,1975-10-01,2018-09-30,29abcf5022169667902c590b472e8ec2ea54d38251c3988d2e63cc63a7a39bec
US,784,Edward Arthur Patterson,0.7935626638286065,94.30008333333332,0.7406842909090907,False,,38,1975-10-01,2018-09-30,24115a3b754293e63b970ce65e144fc5a605bf1812401b04024731b9f005372f
US,789,Sandy Lake Reservoir,0.7887108703013122,32.309,0.019172373626373623,False,,26,1975-10-01,2001-09-30,a6e76d7724e53066c866ab882dcbb595743a4e01b3c0e953574e3efde2b8d9e4
US,798,Lake Tschida,0.8555708942590871,111.33354166666666,0.018135780542986424,False,,42,1975-10-01,2018-09-30,9f15125080a3a8304487bf57199693b1556711c37489641feb2466c9a7da5c66
US,836,,0.4120755643191979,217.75616666666667,0.07297956865787432,False,,37,1975-10-01,2012-09-30,dfd5e83c50e45df41d77e4aefd2489f11f6881ef01c89977f619ce1a6ac9f30a
US,837,Shadehill,0.8564406249994184,133.12075,0.019899018685121107,False,,39,1976-10-01,2017-09-30,2297f5a85daf69de137c345c2285d0cd826102708a870e85a14e2ee828eb4ab9
US,854,Highway 75 Dam Reservoir,0.9812247890418555,257.88962499999997,0.1985888021390374,False,,30,1983-10-01,2013-08-29,b04af0de8deed6c1b6b51b0e537f395318afb370cee229196cb300ccfbad180e
US,868,Belle Fourche,0.8283239265223429,26.63375,0.007584561634805537,False,,31,1987-10-01,2018-09-30,84823ae3de05622ebcd5e992c2aa8c5578febda0bd3093a40b4ae039001eb7f2
US,870,Lake Oahe,0.9526912536958725,4529.751833333333,0.013444539965647543,False,,44,1975-10-01,2019-09-30,a8a1342691513c6a730df40e8ca87b97e668b23ee0a3cc133dc3ee60a820fe12
US,872,Keyhole,0.2885211928518741,8.835,0.0033304712041884823,False,,25,1976-10-01,2018-09-30,0e6b963fd831592360d448631b980887fff84f060380a485a18b6cf49b60c303
US,882,Pactola,0.9924667945273795,14.552,0.007234135788262371,False,,43,1975-10-01,2018-09-30,e11ba6505afa21e953d43a091541d3c1e62632af1b47a4337df8f24355036eb8
US,884,Lake Sharpe,1.010491738798042,4699.6530416666665,0.17325909831029188,False,,44,1975-10-01,2019-09-30,8eb03cdf6edb7d05d86cb2602e82c1da1e40e9496988ebeaa0ca8ca6c7187aa5
US,885,Deerfield,0.9879672104402138,2.818,0.012550268041237114,False,,43,1975-10-01,2018-09-30,001b4a6b12d579378698dd3d70a64be10f0d50d4253c27f304ba5059e9b7e169
US,893,Angostura,0.9006700978166697,577.6560000000001,0.29152732710280377,False,,43,1975-10-01,2018-09-30,8e06b8bad3427fb00f48cbdc581400c8dfd9f227947bb74c0890f7e1d92a5ae5
US,895,Lewis and Clark Lake,0.9954264238217889,4546.3874166666665,0.5897130653055097,False,,44,1975-10-01,2019-09-30,4d012e07c0ff66c45d78bd5bc214f2188319e7449853cd50e53accc278e1fd19
US,898,Glendo,0.9712002639639807,288.12325,0.025566240936633455,False,,43,1975-10-01,2018-09-30,af7647824e7eece072eba5eea9c0f2dd7f5501fa494f19570027dbaf7ca498a4
US,919,Branched Oak Lake,0.7930433284805176,19.559708333333333,0.011206623342175067,False,,14,1980-10-08,2019-09-25,cbe84de304399411dd327621e19d868fcc0e69d7e4d1aae0badb7d1f8ff80ad3
US,920,,0.9910670253960453,68.56225,0.22783763076923078,False,,43,1975-10-01,2018-09-30,6a7179e26abec0569f36c35517dd0669e021499c71a26b3037d5a543d04fda89
US,929,,0.9065432945558561,397.879,0.472208043956044,False,,40,1975-10-01,2019-09-30,7595c932a17e6ad0577aa40d3dd0fb19edf289d5d622dad95001e19ce36d7260
US,931,,0.2288892465329478,12.777625,0.019470666666666667,False,,21,1998-10-01,2019-09-30,fbe2382226a88e62dee230a350dbb51ae8bb50128c80ea5b68420f4752f67424
US,936,Enders,0.78058689540887,21.24375,0.04308591549295774,False,,28,1975-10-01,2018-09-17,da5ad1a18abbff6ae634ba7d1e3052dd2c3b22bc14de5f7f5ad5f65b1d4cc68c
US,938,Harry Strunk Lake,0.8573304304558413,28.426583333333333,0.01025921804511278,False,,43,1975-10-01,2018-09-30,c4c8a88bb7dfcb6f7d7da1cb62c5922445c95e5f601795a04d1fcd77f443b016
US,939,Hugh Butler Lake,0.6161767154837884,9.911,0.0042879839759639455,False,,40,1975-10-01,2018-09-29,8cebef6c502ec42cfa112fa494927f15d95957e08588db9166a932d28fa5f1bf
US,948,Harlan County Lake,0.6080004640113932,42.475,0.003603181148748159,False,,25,1992-10-02,2018-09-30,2d291aae42071f0178f3327574839b0fd344361a0aefb9929839d5c72d48b5ad
US,952,Lovewell,0.8433260922579184,134.16,0.052119712230215824,False,,26,1992-10-05,2018-09-30,38221f771962cbde33f35b8ae8d0ac906b00942cd5546606d03ef82814cc5039
US,953,Keith Sebelius Lake,0.28682603780541444,3.7496666666666663,0.0013606518269634604,False,,37,1975-10-01,2018-09-29,73d8b1e707a00f9bffa98014255a14b841fb00b656bdfeb7e0d51ed144c70df4
US,956,Kirwin,0.0021590919627811284,18.07175,0.014117533453887885,True,meanratio_outside_0.1_10,25,1992-10-02,2017-09-30,f1aa29e7730b458af19cd9dd67ad23c9440b54bfcee3205f1697186b2f60c85b
US,957,Cherry Creek Lake,0.7753438309608612,10.49875,0.005467703435804701,False,,30,1975-10-04,2019-09-30,d203d3fd7e5040fc5b035e4d964a3e5a87b9bbfc1b505d718b521adaf25b38a1
US,958,Bonny,0.4766510772279852,4.579041666666667,0.00817415702479339,False,,35,1975-10-01,2018-09-30,55db74295cc91c0228d5289dd9a23e658cf39ec0bbbed9a0429796c329a9995f
US,969,Blue Springs Lake,0.8575768490690501,16.160875,0.042057216867469875,False,,15,1988-10-01,2014-09-30,586237344a78f1474252e5902d1b75def4740a4894f50a5fd72cbb31aab08b46
US,974,Longview Lake,0.8966439213943309,32.791,0.04893164766839378,False,,29,1985-10-01,2014-09-30,09c66b6ee088c6dc75104ef75b002369577e14c60ee19e564a4d7754f2113d99
US,976,Cedar Bluff,0.0437004240497199,11.327,0.005298607471575528,True,meanratio_outside_0.1_10,19,1993-10-01,2018-09-29,1f025321890b273dc26552171449ae9ee47810cb824ac51a11e6ed43f31d3858
US,982,Melvern Lake,0.8435945952865159,84.95,0.016390531487271102,False,,39,1975-10-01,2014-09-30,9900147102372896f143f06c855a055c152ffb95f600f5fe5503f7574d24ca96
US,987,Pueblo,0.9756483147932965,318.38125,0.04559612133267032,False,,29,1984-10-01,2018-09-30,73c1d951f3876123148fb466da34e42848309a2bb97141e2ac6708bc20fb77b0
US,989,Harry S. Truman Reservoir,0.9631703630418552,2013.17075,0.027107495059688933,False,,37,1977-10-01,2014-09-30,fa30bb5c9d810f4a69692022cfa5849451c923249bd2d0231c3dd7ad70532af6
US,993,Osage,1.0057817619059077,2677.235208333333,0.07005242943670502,False,,20,1987-10-01,2007-09-30,a8ba3c742dbfaa6a3c9b8aaa8e8111ae4686a784c0edfeb8cd33c09382b895cb
BR,1129,,0.9999364052443326,3723.0,2.3309217391304347,False,,9,2015-10-01,2024-09-30,a3a69ac85094245b22daf7c01bed6736828099e98aeda5f8c04600aa8ee9e310
BR,1131,,0.9867916571930028,1272.25,0.2328864406779661,False,,25,1999-10-01,2024-09-30,37858babc180d4891846477ffc0be70a9b432f0559b7bbbda33f9e6841be9da4
BR,1144,,1.000075010486455,2062.0,0.051003950758660176,False,,15,2009-10-01,2024-09-30,76fe611b3a11507403f4b8edea9b3ef02d866927a030c2aacc94d0eb44ea82eb
BR,1145,,0.2772894829139638,5087.75,0.366318,False,,24,2000-10-01,2024-09-30,dc0accaba3895694ee41941e3a023bc8254cf8f531454ba96eae01f2c8724dd8
BR,1146,,0.956697284634569,4707.875,3.177815625,False,,24,2000-10-01,2024-09-30,887209313e35fd6347e90a172424b1ae25b82382a67efde76bdc1fd9bab17ee3
BR,1147,,1.0511786436187796,7967.625,0.18115863157894738,False,,30,1994-10-01,2024-09-30,69a77042bbb321d914d89197765db9e58e9bf19319e06ba013d1d63745433f15
BR,1154,,0.7398304001870297,808.0,0.02685046153846154,False,,23,2001-10-01,2024-09-30,1fb87b18ba9082185eea69e92946c3ef4903f78a882d2834571ef01f0a34e43a
BR,1161,,1.0037109509325417,3326.25,0.10565735294117647,False,,21,2003-10-01,2024-09-30,ad491538e734a57b735abcd8765aaffc020bc582304e849f16bb7da4c860b6ee
BR,1162,,0.9508143454370925,205.33333333333337,0.03605853658536586,False,,21,2003-10-01,2024-09-30,ed14d6388a15867a0f58c5596957e3eb86822ed1fcbe212734debe5d91607c3e
BR,1165,,0.9977069068968172,2826.8333333333335,0.1628256,False,,28,1996-10-01,2024-09-30,9317ade531d2e7b9f390afd61d3164cd572afd4e9599aef8026a1f9468494219
BR,1166,,0.998434712240423,8256.04875,1.3744173641618498,False,,33,1978-10-01,2024-09-30,5ef3ec91d55d506034f807ad9c0d6ebbdba9988f087307b41c67e890c78a1cd6
BR,1167,,0.999810113156031,1268.0833333333333,0.09782357142857143,False,,27,1997-10-01,2024-09-30,bfa35742f0c0de61bb8156090e8ca2431de774c4b56accecbeaf05883cd186e3
BR,1168,,0.9993363538899085,3872.25,1.4267053304904052,False,,26,1998-10-01,2024-09-30,cbd6b100769846e4b03ee18851543f1151357f344b8170955fcc2c34e30219f3
BR,1169,,0.9971893208742323,4559.394166666667,0.9379325142857143,False,,36,1978-10-01,2024-09-30,5c46cdc489c1ae3ed7be59b7f1d983e816e30d20bbda5057341b1d355a036a7c
BR,1170,,0.9985052654554034,4752.0,0.2891357746478873,False,,36,1978-10-01,2024-09-30,2e65a488324a6d6957bebfafc952dd8c97ea67058486337d9d9b5fa8b59058b0
BR,1173,,0.9925554121413716,2002.9166666666667,0.6481348314606742,False,,22,2002-10-17,2024-09-30,6268546435dee9c74141555522fc790913ea514fa40ff07404c44bee929c02c8
BR,1174,,0.9961779819488419,1171.3758333333333,0.12778645454545454,False,,36,1978-10-01,2024-09-30,724d259aee435d67931c818795572e86d24b8a463f1faa96ffc6f7f4d078a6f8
BR,1175,,1.0002699231310654,366.6666666666667,0.05657142857142857,False,,36,1978-10-01,2024-09-30,4d44d48784f1304eb9d5facd903ccbe3a107e59c19840fbdeb55d21108b99a5c
BR,1176,,1.0000161944517552,3688.5,0.3235394923857868,False,,31,1993-10-01,2024-09-30,ac5b55f89a550d7284e3de89a1a726cb457c1dc312cf2e8ff2c77598ebdf5893
BR,1177,,0.9984884593987846,3257.9166666666665,0.2932125,False,,31,1993-10-01,2024-09-30,cb9cd6189377b9237a1b99a04ee67d2007c2a709eff26528bdf1f4859c18ec6c
BR,1178,,1.0004347856850542,2457.0,0.23852224719101123,False,,31,1993-10-01,2024-09-30,776c08d1e3f393638e53f02e71b01769c869d52bf4bd7f4f8070bc7d7ad05df2
BR,1179,,0.9983881738674343,13384.416666666666,1.7208535714285715,False,,31,1993-10-01,2024-09-30,3f9c43c0fb1c2d415f265652028de4d91f0d6703dbfa11f7fd6ef5988799cb16
BR,1182,,0.9948409892682599,3304.0600000000004,1.9159113020134233,False,,31,1993-10-01,2024-09-30,5e2ac1864c21305c9829c91605a3bed7288fa45c903bac75e2b2ed73b5208d44
BR,1183,,0.9987901180284077,3390.75,1.3626083720930233,False,,31,1993-10-01,2024-09-30,cdd3f9ced0a0675d39075028edc0980fdb16a1f181d4fa0fa4aec576c72fc7fa
BR,1186,,0.9468855362444696,119.16666666666669,0.007375358166189113,False,,31,1993-10-01,2024-09-30,bb7511fa78cdaedd390d2738cce41b4918f3febc7328785b0f63f64c66f631b7
BR,1187,,0.9969652352795513,577.0,0.11381917808219177,False,,31,1993-10-01,2024-09-30,2d527f867b6034470570e25f6c3e2170f17f972514b39c5fc0e3dce62f047a04
BR,1188,,0.6934643723439795,48.62500000000001,0.012503571428571432,False,,28,1993-10-01,2024-09-30,7d8fa5c7adcbac1ec90ef83716fa41c6cb299392c76e6212bca6e85ecb3bf9fd
BR,1191,,1.1958582109409863,155.6875,0.06933711340206186,False,,31,1993-10-01,2024-09-30,c4ac811416b92668da5448af689d1bef8f2310e5cc5a947df4055947dd4b442d
BR,1192,BILLINGS RESERVOIR,0.9081936484502445,157.91666666666666,0.011101708706265256,False,,24,2000-10-01,2024-09-30,cecbb4cecbb9020716a84703a1298cb961c675ea05779ae2cce41faa409711fd
BR,1195,,1.0000041104544872,14737.0,1.002580157480315,False,,31,1993-10-01,2024-09-30,1e86d75c4ac0200ca19023d63822bf6ae1f7b34cc2855f6b8dfadd65088659da
BR,1196,,1.003326921262472,7648.75,0.220284,False,,31,1993-10-01,2024-09-30,5c1852fddb597cba46e313c298a0d00e62246739b1af531c72418cee386e2bcb
BR,1198,,1.0027720378794267,5553.0,0.07865232786885246,False,,31,1993-10-01,2024-09-30,e9927f834796bbda5d498d7284abe34d1596fdbc5f17b59d46335fe7faa6a2ce
BR,1199,,0.997017423816081,21522.5,0.3646164705882353,False,,31,1993-10-01,2024-09-30,819555a7477e1d7411f25b368a22f6a7dcf145a630b271f6efe67d78fe1d3ea6
BR,1200,,0.9966443256148586,14132.5,0.3591317647058824,False,,31,1993-10-01,2024-09-30,9ad32e8cbdebf366f0f20a0e5739be803a71857d431f8cd5144767728d598b60
BR,1201,,0.9969435922142256,731.9749999999999,0.24512651162790694,False,,31,1993-10-01,2024-09-30,650ba392c0b863857b81f8847e6debe48e46eb215127515cb35a4bfb55b28575
BR,1202,,0.9989821217025341,9740.375,2.5121444776119404,False,,31,1993-10-01,2024-09-30,90daf51f0d25dad5957c3df0eb5e6041ad2c9b69e40eb381fd6a9357686dd961
BR,13428,,0.9548132046878911,1340.625,57.915,False,,6,2018-10-01,2024-09-30,3f52f8d81444c4830694570034ded0229c70026455aedf5a1817e3a2ead6db00
BR,13435,,1.000624257906157,1235.0,16.167272727272728,False,,26,1998-10-01,2024-09-30,169f83362463a1ae420aba1992040e3804a747bc092e00811a2cfe21c29e472b
BR,13477,,1.0008422967528858,616.3333333333334,7.500169014084507,False,,36,1978-10-01,2024-09-30,1fd3e337436bdc71b643c2ab662393dc2bbe8e6a73eaa072df779e7a5bf65947
BR,197,GRAJAU,0.9947738583525355,2388.625,0.04078600790513834,False,,29,1995-10-01,2024-09-30,9cf63838fa14526dc827b3f773aa2e4c836a5def4b5b8bb54126473bc6ec8a31
BR,198,ITAPARICA RESERVOIR,0.9989332493971501,10751.25,0.08601,False,,33,1991-10-01,2024-09-30,645b955ed44e94a942b6e7c8f773b34b52a7dfaeac45daa127f9fba1faabe921
BR,200,,0.6660846929530294,1471.0,0.023845103189493434,False,,22,1993-10-01,2024-09-30,438271b81d66d921df23d4e40ab4fc48c8601dd01e494edc33883e1dba66a40b
BR,201,,0.9941901479082819,2563.8824999999997,0.09631280347826085,False,,29,1995-10-01,2024-09-30,cdcc071d90db4a74b7cf71fd9b43559b5d60a91b69a3f0ad4ec28b055f5ff8d0
BR,202,SERRA DA MESA RESERVOIR,0.9179096988233061,2413.3508333333334,0.003832968970588235,False,,29,1995-10-01,2024-09-30,76286a99deaa76e1a092448b02aacf43b95616c89d7759cc9944639055ff92d8
BR,203,REPRESSA TRES MARIAS,1.002373460392782,3057.3333333333335,0.012578742857142857,False,,31,1993-10-01,2024-09-30,da9f7c288dd94a427097c858b4eb96cc1d1b98ae5aae4dded271462e6a6c1854
BR,204,,0.9868131545447829,6365.25,0.03235044705882353,False,,32,1979-10-01,2024-09-30,fdb52c032d931a85441419fd5919f2d3e0fe0c5420f7841465ab2bfda714bf95
BR,205,,1.0094837014532336,2260.1666666666665,0.011101671404206936,False,,31,1993-10-01,2024-09-30,11d9ad4e09ca9e850f1d8976e6a026b9434a3b4c89c3485e71b4324c2414265d
BR,206,SAO SIMAO RESERVOIR,0.9997645837297099,9482.625,0.06533483253588517,False,,33,1978-10-01,2024-09-30,23d6a794000fcfef85aaff1f53116e00c6b0f84ab291049a40cd8bafbf821c5b
BR,207,,0.9657279513753297,1149.9166666666667,0.0077619375,False,,31,1993-10-16,2024-09-30,ed9ecef1398dff458d20c0188ca2e9e9f3feefe2bb1d6d232ec93799d19f699d
BR,208,AGUA VERMELHA RESERVOIR,1.0010615832388314,8384.25,0.06526118918918919,False,,36,1978-10-01,2024-09-30,c62220fcefcc6d66236966a2e9e281b4062f83bc7b5dac670050a06b0dc2012d
BR,209,,0.9997417787886933,5063.75,0.20161658986175116,False,,36,1978-10-01,2024-09-30,19aabedc508f65972e9e4952938e095c8a33e6830c07fa5988773dc9b78fb428
BR,210,,0.9998817192631706,6005.833333333333,0.34048818897637795,False,,36,1978-10-01,2024-09-30,870778cfc985878822581e01c02ea8be52aab54439c993b1f86865d1934c29bd
BR,211,PEIXOTO,0.9999382919753528,4569.375,0.09772128712871288,False,,36,1978-10-01,2024-09-30,397adec8138a2e6313f749e018a99c6f3038909fbd5320eb5a5c6d1eb3685462
BR,212,,0.9992701736534203,7575.833333333333,0.10643121951219513,False,,36,1978-10-01,2024-09-30,36b83aaa06414ca9c975b0a2797e3c80c6e1d9ba7df83c42a85d8dc5e9187864
BR,213,TRES IRMAOS RESERVOIR,0.947986693703559,6024.029166666667,0.0386971092936803,False,,31,1993-10-01,2024-09-30,0ee2e16fb0776e1de6062c2cd405dcd0c18b6d5f20c920f745047dc0160e1c19
BR,214,FURNAS,1.0027708274544052,4058.25,0.015278117647058824,False,,36,1978-10-01,2024-09-30,b0f2f3d8a7394a84cbf473e11066e13edd080a285cce269eb56ad3f8fcba126e
BR,215,,0.9998802725105217,17086.166666666668,0.40115347826086956,False,,31,1993-10-01,2024-09-30,c7afbabdfab368024a4b9962c81aacdcd1ca0e3d1c45186b8bd0a52840746d00
BR,216,BARIRI,0.9988682725874611,5882.666666666667,0.1639556129032258,False,,31,1993-10-01,2024-09-30,4d35e05b7bea6a63c1814f8d5c70d434512cb2df18ca3e94e5233a80946d7485
BR,217,PROMISSAO RESERVOIR,0.9997873522880183,5337.083333333334,0.06224676025917927,False,,31,1993-10-01,2024-09-30,d7f84be90d30985598bb223cdb5b3c3df8b0cf128306427eb248b51e41975332
BR,218,TIETE,1.0015019307031456,2791.8333333333335,0.07633367088607595,False,,31,1993-10-01,2024-09-30,42b10a4d48faf7fa0cb9c93b1ddecd367d549035a72dc8b697605324d927f5e3
BR,219,,0.9994496300941744,13237.0,0.595665,False,,31,1993-10-01,2024-09-30,f4f6a7710c809909a9407b4d5d1a1608e94ab9ac509320d941af9c9ae3e0f0b5
BR,220,IEPE,1.0012261768495687,13329.083333333334,0.10926307400379506,False,,31,1993-10-01,2024-09-30,62645c5260a0ff1c70d9afa87aaac7afc3893cc706f254d3946af2f914bc53b8
BR,221,ITARARE,1.001265844631973,2351.5833333333335,0.023101398521887435,False,,31,1993-10-01,2024-09-30,acb2d425b79c08912bc79c6710289cdfb727c86e0754dfb5d2ba626d6e4b08c6
BR,222,BARRA BONITA,1.0088060949261313,1299.0,0.016015068493150684,False,,31,1993-10-01,2024-09-30,2b2e1f377aebc5554cf5a97bec4884ae466e1af760d5dfb2bb4d39988f5fb0b3
BR,223,PARAIBUNA,0.9874360163053943,222.0,0.004053423499577346,False,,31,1993-10-01,2024-09-30,5ed5426313b77937247f5e735c55b5d4528705e66c1e8e8bea59ebe8afae5a68
BR,225,,0.9981019998629246,19098.75,0.46183375314861463,False,,31,1993-10-01,2024-09-30,3b54540301be4204865ee1f98e4085550b6f955126ad071a5cdab1ecff0e4050
BR,226,,0.9987470467531806,12352.875,0.15741716814159293,False,,31,1993-10-01,2024-09-30,4b9e39d3778e9e4dcc20c1c29b0541c7beb58642bff71c27950d95575ead454a
BR,228,BARRAGEM PASSO FUNDO,1.002722013561586,940.0,0.01592470588235294,False,,31,1993-10-01,2024-09-30,3c9d8b08f10bc8536bd1b165b77272fef214adf5fa08d96063a581c9c19bb939
BR,229,REAL,0.9999076684780182,4580.75,0.10781171342958322,False,,31,1993-10-01,2024-09-30,55068d93d97063ae03ef201e27508869b7ba92c9c22e34ac91ecd967c7c5870a
BR,25,BALBINA RESERVOIR,1.0012696635880554,2617.3333333333335,0.012897826954885073,False,,9,2015-10-01,2024-09-30,78904122689b6b0be714588033e43d19511989f32d1751c0e238a76fc7caeb64
BR,26,TUCURUI,0.9980997346006661,45273.125,0.07896475290697674,False,,29,1995-10-01,2024-09-30,afbc12a0679c37ad280c33cb051061242489c89f2b4890002d8ec13f1187cbd8
BR,27,ITAPARICA,0.9980071396167816,10531.875,0.026684868035190615,False,,44,1980-10-01,2024-09-30,a3fab0b354a5afa7023ddd4c19a9cc5c8c8da228aba3c0bcffc19c9a5e91055e
BR,28,REPRESSA DE JUPIA,1.0113403200700228,15238.375,0.06219157298063297,False,,31,1993-10-01,2024-09-30,27dfdad99eb67dc8b5ae4616244a9d04e2e32f9763aa11892b18341a386ee88d
BR,28512,,1.0005927399032095,984.0,3.208211320754717,False,,31,1993-10-01,2024-09-30,ee444e057ce45a9846b440afffbc23b741564c9f347e41073cba3eb81228062f
BR,29,PORTO PRIMAVERA RESERVOIR,0.9967557648761686,20290.0,0.0876528,False,,31,1993-10-01,2024-09-30,208bd0afa09ee43948dcf24070de5fe26c2a125821f1b27d7acbb353a55741fd
BR,30,ITAIPU,1.000235766132433,31013.75,0.09239958620689655,False,,31,1993-10-01,2024-09-30,ca52bf12be1a46f8d2ded88b734698d8c9cb92b5cef84ff0ca1c052fa096088b
BR,3464,,1.0004518880994515,8517.25,14.206378378378378,False,,31,1993-10-01,2024-09-30,530c17679febfbf99050c53ff9977cdcd4c64237294ba6ca8cad398407f85794
BR,3472,,1.0002298057310102,3294.1666666666665,5.9295,False,,31,1993-10-01,2024-09-30,5fddf827a45de165b83d06625ffc320369219c7aac4821bda68fec5c9c34d272
BR,3481,,0.9954285111906198,203.86666666666665,0.09889994385176867,False,,31,1993-10-01,2024-09-30,2156ffaa95c18b0f3398739b3c8764f947fbe42c1253a9f731269c541ce26b98
BR,3483,,0.4629683313249642,3964.6925,3.1140857454545454,False,,27,1996-10-01,2024-09-30,3bebb49192d486ca62b1a61114b814f81984dffaaa2d79024379e09f41072e6f
BR,3486,,0.9983512368739157,1384.0,0.99648,False,,31,1993-10-01,2024-09-30,da20b651113296933ef8abd35b7a7313c467ce167ea145a645b107e6d706d86b
BR,3491,,0.999835062247333,5792.0,0.834048,False,,31,1993-10-01,2024-09-30,c459d3e45574d21ac35a02e9e1e85350f7cd212f71ddbc990c81640d65496f67
BR,40568,,1.0000000828400746,1265.6666666666667,,False,,9,2015-10-01,2024-09-30,654387bc7407c752af213f4a271337a52f5b27a8bfb9e82f15b1834b6b28134f
BR,40651,,0.9999443514111112,5517.125,,False,,15,2009-10-01,2024-09-30,ea8a767e5dd5cc86bd0e8c8e021639ed680f80b19ea39120f36ca4fef74cf418
BR,40670,,0.9993665400314233,1659.125,1.8496567741935483,False,,23,2001-10-01,2024-09-30,92e30f3f39ff76520c93bb503a053569a3426bcdb86e028d354e331d7868ad8b
BR,40694,,0.9997137994817823,282.125,,False,,21,2003-10-01,2024-09-30,c9e7fb749fae3aa0856bdd5395cfb56e448fd146c5b668dac1d6875229c27109
BR,40696,,0.9992004691038778,1118.81625,,False,,22,2002-10-01,2024-09-30,687e9e964fc2b2fe9b21992d8e44a846dc132dbcc5e90e1d62a49a0bd36167f7
BR,40706,,1.0008739357248004,233.33333333333337,0.059189665296535535,False,,6,2018-10-01,2024-09-30,021e07ac3544b1f6b502a76c1eda84205727c99a3227997d46ba84cd3a34d6ed
BR,40749,,0.9995908660710372,210.83333333333337,0.4768586387434556,False,,22,2002-10-01,2024-09-30,cd92c3303e50f1bd3602de67be52df2b8bdffa8d7d7c23cc65a82d5ddb7647f8
BR,40750,,0.9990072508298561,755.3333333333334,1.0102291021671828,False,,22,2002-10-01,2024-09-30,82390393a4d65c393c087f18d59739dc35b548af110fe817480e704b0cbfecc3
BR,40862,,0.9937565902814138,463.6666666666667,1.9930746268656716,False,,24,2000-10-01,2024-09-30,41ccd0711e2893936fe64dc4ed6edfcae78f09cb277a981bf7edb4390734f43a
BR,40864,,0.9999746594846018,215.91666666666663,1.9845957446808506,False,,18,2006-10-01,2024-09-30,a2ddb83f8e1ed10368f2a47e75fa25dbb7e69a36b6d88ac4e9e44188722133d4
BR,40894,,0.9999752476325727,333.0,14.3856,False,,9,2015-10-01,2024-09-30,48eb1e8ac12dd0f45e0d828fc1c72f7f89fc6e0b4e46766493a5326e521fcc14
BR,40913,,0.9999903011922293,1570.75,,False,,15,2009-10-01,2024-09-30,5062b0fbe46a932731f6224583af4b06ce45918be0bd166420a709f674df0477
BR,40946,,0.9999988330775513,3686.25,7.2715068493150685,False,,26,1993-10-01,2024-09-30,b8bb181772d06cf5bdd58a7ccbea0a2ffc1b47ec8cb78273e9f0abfddf0c7164
BR,41066,,0.9999682388371058,11699.875,,False,,31,1993-10-01,2024-09-30,a2afe8820da45c5177c43a1875ce00d29c69e7a7b33757121018ed53f48c271c
BR,6873,,0.9989076572054023,5222.375,2.437672609400324,False,,19,2005-10-01,2024-09-30,c70ae7b88def37d6bb3fdecf136d18756b751d1feb5b8091a62d73a1e982ae6f
BR,6874,BARRA GRANDE RESERVOIR,0.9870528378787594,7085.375,0.12243528,False,,31,1993-10-01,2024-09-30,e89e1a9901977a2e18180e80968e06d9c2796e7f2d802b3b860992e84d2c62b6
BR,6875,,0.9988651542950432,1113.19,0.41492500431406387,False,,33,1978-10-01,2024-09-30,d938518600b30ada7a9caf76c334e6b5815fbd5fa8aacf21cafd4798b9c836dc
BR,6876,,1.0177226537517585,758.5,0.06741528649315914,False,,16,2008-10-01,2024-09-30,91e22b9edae9a45f82342491da6dcf558d20fd8b83f7022befd667ac54df7bf0
BR,6877,,0.9966393870911352,715.125,0.01679080384803522,False,,18,2006-10-01,2024-09-30,d3523c5c3dc7d865a1fd5afa8a6d78e73d355ee8402a0708550e189bff364155
BR,6878,,1.0799934304824201,30461.75,0.487388,False,,29,1995-10-01,2024-09-30,497e8fd72acc322afb8992ee463d6201f9996c1d44cfe88d207cb27011e2f29c
BR,6879,,0.9992100948336665,27121.375,1.560111051930759,False,,31,1993-10-01,2024-09-30,028109d2cfafabc82da353b19aae3f8b9bd0c98cb31eb516065be2242713e97e
BR,6880,,0.9755301337215262,1098.4166666666667,0.01591267605633803,False,,18,2006-10-01,2024-09-30,69ec93ea9a84e8d548951df3eaeac6d56b8b7634fd89a65699caa1e7521e2438
BR,6882,,0.9998655880112962,58476.333333333336,1.8394273855899808,False,,12,2012-10-19,2024-09-30,5c0d9050b89418f42ea6383dbb832e67681c27b6c227093e7aa81cea7af02c82
BR,6883,,0.9910184622168589,16489.375,0.2745052023121387,False,,29,1995-10-01,2024-09-30,2901ebec8ee3e6d8bbddf2ede05ef96888cfdbd94b6bdbe202962345a7bec324
BR,6884,MONJOLINHO LAKE,1.0002348876045948,2158.875,1.23938073089701,False,,27,1993-10-01,2024-09-30,c0a71c2a1701382e33df87169f0d37b921a49830f5660f39a421a54d4cdc2c17
BR,6886,,1.0080814802971483,8422.7725,0.2655939941605839,False,,24,1995-10-01,2024-09-30,b9275dd8e4cc43625ffe28200bd58ddc5236ddf9947aa7e6ab6388d491b2d6e6
BR,6887,,1.0003526318201121,151.5,0.11899636363636364,False,,20,2004-10-01,2024-09-30,5771549b04805cd8459dfbbceff25553038420ea3fd4a08a8d809255d6c744e6
BR,6888,,1.0000764143413834,2451.375,0.8766506622516557,False,,14,2010-10-01,2024-09-30,6f7a7447469806d35626f4b5919dc9c4e6659d002a706b24a11d564b449a931c
BR,6889,,0.9999627453677078,2719.75,0.2468344537815126,False,,21,1995-10-01,2024-09-30,b7a5dae7703397b9926d249f5521168b871180064c00b3006fe7254a4a078cac
BR,6890,,0.997949152067944,1278.125,0.7332669322709163,False,,22,2002-10-01,2024-09-30,04bed518199798b3a65f39157e2b381a004c136e80a98da98f7421e13d9f04ef
BR,6891,,1.0015742113312425,3632.5,0.727847866419295,False,,27,1993-10-01,2024-09-30,c5c1887093a5a7c30ac12daf05422507257aa68d03d04edfc0f86602848aa9a0
BR,6892,,0.9997381280089253,57296.166666666664,37.963104294478526,False,,13,2011-10-01,2024-09-30,eca7369028d34305e9ea7d2bda4dda36ab1cc105a889ec6ad96635384956c76c
BR,6893,,0.9567865966474983,523.0250000000001,0.008691933064050781,False,,25,1978-10-01,2024-09-30,812d350544dcef0ea76efeb279f182834c3befdf972600c0c8bbf42b8aaa733e
BR,6894,,0.5449616734328818,1595.9166666666667,1.0900173913043478,False,,9,2015-10-01,2024-09-30,1fc79af3867a80a5884b43f83ecdf747ed143b16b29ae8caeffff638718f49da
BR,7229,,0.9997113195383611,1345.9166666666667,0.48132119205298013,False,,19,2005-10-06,2024-09-30,c89a02fc15430501265b53667d238eb6ca9b21b0b7f1437ff15284ffb2ec8845
BR,7247,,0.9961427318911902,1409.4166666666667,0.139648623853211,False,,18,2006-10-01,2024-09-30,bfd905733f44bc38ddd04d8fda87155bda5ca90d92ca8902d01b99033c7266cf
BR,7253,,0.9982404777110846,237.0,0.010560495100567302,False,,9,2015-10-01,2024-09-30,890a99b9702a33312b33e5e06bf6b3b51e736483f1821568186ff792b57718d2
BR,7254,,1.0060984347260715,2365.75,0.09022326197307437,False,,9,2015-10-01,2024-09-30,31afa0c67493eadb65615937d67c81c0e11af82f4b5d9cc9333a34299bfa0fba
BR,7255,,0.9997851165536319,6601.875,0.5721183550651956,False,,6,2018-10-01,2024-09-30,77d148c28e7f232e6fc016c5d0373df970278bcb45a0ab1eaffc89bcf78133d1
BR,7256,,0.9956022758846043,852.25,0.062034035383319294,False,,33,1978-10-01,2024-09-30,c63dcd778c59f664516550b445520ffafe09f9834cf2724a8c2337d8f5ea21fd
BR,7257,,0.9977783046424407,857.75,0.18620502512562814,False,,33,1978-10-01,2024-09-30,c89483f8d87eee774659c54d43235135165dd6c86f54e201281bb819d6db4f53
BR,7258,REPRESSA DA RONDON II,0.9977053805310043,253.16666666666669,0.045731967384486726,False,,15,2009-10-01,2024-09-30,c44b54e9f6571f2fad423617f229c1adeb0aedbac32d5b9da2519e7799a39482
BR,7259,,0.9981950688224432,1161.66375,0.28924423054755044,False,,33,1978-10-01,2024-09-30,40f7b528997be62652ddb25a404b4de6c467e9aadd53e589692e36ac07fae5b8
BR,7260,,0.9985637420427919,144.75,0.04403661971830986,False,,26,1993-10-01,2024-09-30,1f8cd4c8ef427b2d361f98ce4ed94eb7ee221d03d0b9f365e941314ce71007d6
BR,7263,,0.9995566779010396,7557.75,5.182457142857142,False,,31,1993-10-01,2024-09-30,d95dc95709322f32d3f1b48321a945733ee905e39dfa66e52f489c776f89501c
BR,7265,,0.999935289106923,6532.166666666667,0.978126863084922,False,,6,2018-10-01,2024-09-30,6c455405bc024ea5ca722fec6337919e779fa9a26ac78b8feae449a98d68c6c6
BR,7266,,1.0010538660092458,4688.625,1.3685716216216217,False,,9,2015-10-01,2024-09-30,46302e8a0d538785ca4ca0a091bca2ac0a86ee064887b3c068853f6e1fb459d4
BR,7267,,0.9992017294044514,3121.25,1.4498709677419355,False,,26,1993-10-01,2024-09-30,e5a219c45049fa7253e58c7641a106a2e8df6a437a38ec9bba9bd7a52b2076e2
BR,7268,,0.99998393183347,3484.5,2.192722505462491,False,,9,2015-10-01,2024-09-30,19495568f995b06f017891389a78ee82c77834f365dee0068c78432b5a7478de
BR,7270,,1.000017440200653,1325.3291666666669,1.0905565714285717,False,,30,1993-10-01,2024-09-30,d78bffab6d199d3dd7aec974462103868616ccf87b8ff431f1df2496ed5c636f
BR,7271,,0.999897508638239,2921.625,2.4747882352941177,False,,9,2015-10-01,2024-09-30,5b8b0a6ce09b29e6a1419b8e4ef87d26e47a253f2a26593bcec3bcaf7d5cb6d8
BR,7273,CALHA DO XINGU RESERVOIR,0.5233498558772143,20863.125,0.3989760956175299,False,,8,2016-10-01,2024-09-30,20895e84b1cf44a1a0672bd78f7f2d843b877e5eb40af9dae4046110e55e7701
BR,7274,,0.9958861468424279,5721.375,0.33468300609343266,False,,31,1993-10-01,2024-09-30,461a5ba7ac1a2c1de1d89838e59dc7847027afcf2c5ef9b38555d6d5a646cbfe
BR,7420,,1.003137844308854,1951.5,0.054921693811074916,False,,5,2019-10-01,2024-09-30,ca30a153864c219ddbedc70c1c8589a6d304b89f1b5a9f4a512281a339c6507b
BR,7421,,0.9999267930386508,2163.8333333333335,0.12299684210526315,False,,6,2018-10-01,2024-09-30,fd97fccc52d685f89aefc89fede63725d277f78abbc9c3081dfb6d8b10a153a9
BR,7423,,1.0083900299814752,20144.875,8.20998679245283,False,,5,2019-10-01,2024-09-30,2533ea51ff4e13bb215858dc04163b8ff384e0d3098c71924c518353d3654b77
BR,7424,,0.9999437341658699,11905.125,18.701869090909092,False,,31,1993-10-01,2024-09-30,b47b75e814309745ce2b62d133e86f32793a6d2f5f7b8f673066874e49d513a7
BR,8393,,1.0654054586584043,1177.4525,6.2412206134969335,False,,36,1978-10-01,2024-09-30,21b488d49c7ea6d72d11cbadcbb0c50107d0b368358cfe0b6b5ca60a77ad430b
BR,8396,,0.9947223599696233,584.3333333333334,1.4549394812680114,False,,36,1978-10-01,2024-09-30,3f0965a6542b07eefb46390d845fa8ba2577fcef9c67fb3a4d66633d54ef285c
BR,8448,,0.9999190498723588,4245.875,6.869730337078652,False,,31,1993-10-01,2024-09-30,9c1d3187690dc7d1f6198931337879337ff0e7b450e619a0535372ff26d6bb3a
