ID,limit,filled_days
1001,1,1
1001,3,1
1001,7,1
1003,1,0
1003,3,3
1003,7,3
1006,1,0
1006,3,0
1006,7,0
1007,1,0
1007,3,0
1007,7,0
1017,1,0
1017,3,0
1017,7,0
1020,1,2
1020,3,2
1020,7,2
1021,1,0
1021,3,0
1021,7,0
1023,1,0
1023,3,0
1023,7,0
1026,1,0
1026,3,0
1026,7,0
1027,1,0
1027,3,0
1027,7,0
1028,1,0
1028,3,0
1028,7,0
1032,1,0
1032,3,0
1032,7,0
1033,1,1
1033,3,1
1033,7,1
1036,1,0
1036,3,0
1036,7,0
1042,1,0
1042,3,0
1042,7,0
1048,1,0
1048,3,0
1048,7,0
1051,1,0
1051,3,0
1051,7,0
1053,1,0
1053,3,0
1053,7,0
1067,1,1
1067,3,1
1067,7,1
1070,1,0
1070,3,2
1070,7,2
1075,1,2
1075,3,7
1075,7,7
1078,1,170
1078,3,235
1078,7,247
1084,1,4
1084,3,7
1084,7,7
1086,1,3
1086,3,3
1086,7,3
1092,1,2
1092,3,2
1092,7,2
1093,1,0
1093,3,0
1093,7,0
1095,1,424
1095,3,1060
1095,7,1447
1101,1,0
1101,3,2
1101,7,2
1109,1,94
1109,3,205
1109,7,299
1112,1,0
1112,3,10
1112,7,10
1120,1,0
1120,3,0
1120,7,0
1121,1,0
1121,3,0
1121,7,0
1122,1,0
1122,3,0
1122,7,0
1124,1,0
1124,3,0
1124,7,0
1125,1,0
1125,3,0
1125,7,0
1127,1,1
1127,3,1
1127,7,1
1128,1,0
1128,3,0
1128,7,0
1134,1,0
1134,3,0
1134,7,0
114,1,66
114,3,179
114,7,232
1144,1,0
1144,3,0
1144,7,0
1151,1,0
1151,3,0
1151,7,0
1170,1,26
1170,3,42
1170,7,42
1192,1,0
1192,3,4
1192,7,14
1197,1,26
1197,3,48
1197,7,48
1237,1,0
1237,3,0
1237,7,0
1249,1,0
1249,3,0
1249,7,0
131,1,348
131,3,666
131,7,812
132,1,4
132,3,4
132,7,4
133,1,69
133,3,104
133,7,123
144,1,318
144,3,835
144,7,1120
148,1,53
148,3,234
148,7,250
1585,1,8
1585,3,30
1585,7,44
1586,1,1
1586,3,1
1586,7,1
1587,1,1
1587,3,1
1587,7,1
1592,1,1
1592,3,1
1592,7,1
1595,1,4
1595,3,17
1595,7,21
1600,1,6
1600,3,22
1600,7,32
1606,1,7
1606,3,26
1606,7,32
1615,1,6
1615,3,22
1615,7,39
1617,1,5
1617,3,12
1617,7,16
1619,1,3
1619,3,5
1619,7,5
1620,1,3
1620,3,15
1620,7,15
163,1,0
163,3,0
163,7,0
1631,1,2
1631,3,2
1631,7,2
1634,1,0
1634,3,0
1634,7,0
1636,1,6
1636,3,16
1636,7,20
1645,1,2
1645,3,4
1645,7,4
1650,1,0
1650,3,2
1650,7,2
1654,1,2
1654,3,4
1654,7,4
1655,1,1
1655,3,5
1655,7,5
1656,1,1
1656,3,1
1656,7,1
168,1,224
168,3,548
168,7,718
1683,1,1
1683,3,5
1683,7,5
169,1,204
169,3,482
169,7,640
1691,1,3
1691,3,15
1691,7,15
1699,1,2
1699,3,9
1699,7,9
1703,1,1
1703,3,3
1703,7,3
1706,1,4
1706,3,18
1706,7,18
1707,1,5
1707,3,10
1707,7,20
1709,1,1
1709,3,4
1709,7,4
1712,1,7
1712,3,33
1712,7,45
1713,1,4
1713,3,16
1713,7,28
1714,1,0
1714,3,2
1714,7,2
1716,1,43
1716,3,53
1716,7,74
1718,1,1
1718,3,5
1718,7,5
1723,1,7
1723,3,21
1723,7,40
1726,1,2
1726,3,5
1726,7,14
173,1,410
173,3,1242
173,7,1916
1733,1,9
1733,3,12
1733,7,29
1735,1,404
1735,3,470
1735,7,475
1739,1,0
1739,3,0
1739,7,0
1740,1,0
1740,3,0
1740,7,0
1741,1,1
1741,3,3
1741,7,3
1742,1,2
1742,3,6
1742,7,11
1744,1,0
1744,3,5
1744,7,5
1752,1,43
1752,3,52
1752,7,52
1753,1,0
1753,3,0
1753,7,0
1754,1,803
1754,3,1633
1754,7,2332
1755,1,1
1755,3,3
1755,7,3
1756,1,644
1756,3,993
1756,7,1145
1761,1,111
1761,3,139
1761,7,139
1762,1,706
1762,3,1537
1762,7,2417
1768,1,6
1768,3,25
1768,7,33
1775,1,594
1775,3,1198
1775,7,1835
1776,1,4
1776,3,4
1776,7,4
1777,1,378
1777,3,537
1777,7,587
1782,1,1116
1782,3,2262
1782,7,3031
1796,1,535
1796,3,883
1796,7,996
180,1,638
180,3,1429
180,7,1982
182,1,0
182,3,0
182,7,0
1848,1,0
1848,3,0
1848,7,0
185,1,1327
185,3,2873
185,7,3824
1851,1,188
1851,3,297
1851,7,321
1864,1,0
1864,3,0
1864,7,0
1869,1,0
1869,3,0
1869,7,0
1872,1,456
1872,3,1240
1872,7,1285
1879,1,15
1879,3,26
1879,7,54
1883,1,0
1883,3,36
1883,7,57
1890,1,5
1890,3,7
1890,7,13
190,1,96
190,3,459
190,7,579
191,1,100
191,3,466
191,7,591
1910,1,37
1910,3,39
1910,7,39
1916,1,0
1916,3,0
1916,7,0
193,1,584
193,3,1153
193,7,1486
198,1,68
198,3,83
198,7,83
203,1,214
203,3,519
203,7,676
204,1,226
204,3,453
204,7,552
210,1,403
210,3,950
210,7,1142
214,1,108
214,3,576
214,7,731
2158,1,48
2158,3,90
2158,7,113
2188,1,14
2188,3,27
2188,7,27
223,1,289
223,3,594
223,7,781
292,1,91
292,3,169
292,7,213
293,1,319
293,3,699
293,7,981
297,1,29
297,3,31
297,7,31
300,1,46
300,3,116
300,7,185
307,1,0
307,3,3
307,7,3
310,1,3
310,3,3
310,7,3
316,1,0
316,3,0
316,7,0
317,1,228
317,3,528
317,7,715
319,1,2
319,3,2
319,7,2
320,1,331
320,3,564
320,7,796
355,1,0
355,3,0
355,7,0
361,1,127
361,3,237
361,7,304
362,1,0
362,3,0
362,7,0
364,1,13
364,3,35
364,7,35
367,1,392
367,3,757
367,7,1042
368,1,143
368,3,229
368,7,268
372,1,197
372,3,315
372,7,394
373,1,2
373,3,2
373,7,2
374,1,9
374,3,9
374,7,9
378,1,504
378,3,752
378,7,925
384,1,103
384,3,113
384,7,113
385,1,261
385,3,543
385,7,790
386,1,193
386,3,211
386,7,211
390,1,374
390,3,652
390,7,941
391,1,27
391,3,46
391,7,46
393,1,3
393,3,5
393,7,5
398,1,120
398,3,130
398,7,134
399,1,972
399,3,1966
399,7,2310
41,1,2
41,3,2
41,7,2
413,1,72
413,3,72
413,7,76
415,1,1
415,3,9
415,7,13
416,1,2
416,3,2
416,7,2
419,1,162
419,3,328
419,7,441
42,1,3
42,3,3
42,7,3
420,1,188
420,3,412
420,7,648
421,1,5
421,3,5
421,7,5
423,1,3
423,3,3
423,7,3
431,1,146
431,3,214
431,7,299
437,1,201
437,3,470
437,7,1047
438,1,348
438,3,454
438,7,515
442,1,199
442,3,241
442,7,273
445,1,45
445,3,59
445,7,83
448,1,124
448,3,203
448,7,275
449,1,69
449,3,78
449,7,83
450,1,285
450,3,475
450,7,587
451,1,4
451,3,4
451,7,4
456,1,50
456,3,63
456,7,88
458,1,25
458,3,52
458,7,60
467,1,32
467,3,39
467,7,39
469,1,140
469,3,193
469,7,230
470,1,24
470,3,42
470,7,51
471,1,266
471,3,325
471,7,344
473,1,524
473,3,1233
473,7,1844
477,1,10
477,3,16
477,7,20
488,1,61
488,3,115
488,7,135
492,1,930
492,3,1272
492,7,1375
493,1,619
493,3,1279
493,7,1661
497,1,24
497,3,26
497,7,26
500,1,14
500,3,24
500,7,29
502,1,3
502,3,7
502,7,13
505,1,6
505,3,8
505,7,8
506,1,802
506,3,1491
506,7,1867
507,1,50
507,3,88
507,7,102
508,1,2
508,3,2
508,7,2
509,1,10
509,3,18
509,7,18
511,1,1
511,3,1
511,7,1
517,1,13
517,3,34
517,7,55
518,1,168
518,3,217
518,7,258
522,1,3
522,3,5
522,7,5
524,1,0
524,3,4
524,7,4
529,1,523
529,3,855
529,7,1068
530,1,0
530,3,0
530,7,0
531,1,41
531,3,68
531,7,72
533,1,45
533,3,66
533,7,66
536,1,4
536,3,6
536,7,6
537,1,19
537,3,41
537,7,100
541,1,0
541,3,0
541,7,0
542,1,0
542,3,0
542,7,0
549,1,124
549,3,206
549,7,278
55,1,1
55,3,1
55,7,1
567,1,73
567,3,87
567,7,96
57,1,23
57,3,37
57,7,37
572,1,383
572,3,615
572,7,771
574,1,14
574,3,18
574,7,18
575,1,30
575,3,32
575,7,32
585,1,614
585,3,1382
585,7,1875
592,1,555
592,3,1046
592,7,1289
595,1,104
595,3,189
595,7,198
597,1,0
597,3,0
597,7,0
60,1,0
60,3,0
60,7,0
600,1,165
600,3,415
600,7,533
601,1,8
601,3,20
601,7,25
605,1,221
605,3,578
605,7,715
609,1,246
609,3,599
609,7,839
612,1,182
612,3,482
612,7,623
620,1,645
620,3,1063
620,7,1174
63,1,1
63,3,1
63,7,1
657,1,195
657,3,463
657,7,594
664,1,205
664,3,499
664,7,637
7308,1,245
7308,3,325
7308,7,329
7311,1,0
7311,3,0
7311,7,0
7313,1,0
7313,3,0
7313,7,0
7318,1,3
7318,3,6
7318,7,6
753,1,0
753,3,0
753,7,0
758,1,0
758,3,0
758,7,0
768,1,0
768,3,0
768,7,0
777,1,743
777,3,1338
777,7,1592
780,1,1357
780,3,2561
780,7,3167
784,1,1013
784,3,2025
784,7,2958
789,1,0
789,3,0
789,7,0
798,1,1229
798,3,2256
798,7,3006
836,1,1568
836,3,3570
836,7,4457
837,1,927
837,3,1916
837,7,2748
854,1,270
854,3,504
854,7,698
868,1,496
868,3,919
868,7,1278
870,1,0
870,3,0
870,7,0
872,1,1096
872,3,2150
872,7,3134
882,1,30
882,3,37
882,7,37
884,1,6
884,3,19
884,7,19
885,1,47
885,3,56
885,7,56
893,1,728
893,3,1460
893,7,1877
895,1,0
895,3,0
895,7,0
898,1,2
898,3,2
898,7,2
919,1,473
919,3,1068
919,7,1466
920,1,0
920,3,0
920,7,0
929,1,0
929,3,0
929,7,0
931,1,15
931,3,40
931,7,40
936,1,597
936,3,1072
936,7,1492
938,1,503
938,3,705
938,7,752
939,1,872
939,3,1812
939,7,2334
948,1,754
948,3,1590
948,7,2200
952,1,607
952,3,1050
952,7,1329
953,1,1110
953,3,2283
953,7,3293
956,1,637
956,3,1944
956,7,2855
957,1,206
957,3,325
957,7,420
958,1,898
958,3,1793
958,7,2744
969,1,0
969,3,0
969,7,0
974,1,0
974,3,0
974,7,0
976,1,785
976,3,1901
976,7,3234
982,1,0
982,3,0
982,7,0
987,1,4
987,3,15
987,7,26
989,1,0
989,3,0
989,7,0
993,1,6
993,3,6
993,7,6
